address,name,category,status,file,notes
0x1f801014,SPU_DELAY,hardware_reg,MATCHED,,
0x1f801048,JOY_MCD_MODE,hardware_reg,MATCHED,,
0x1f801080,DMA_MDEC_IN_MADR,hardware_reg,MATCHED,,
0x1f801084,DMA_MDEC_IN_BCR,hardware_reg,MATCHED,,
0x1f801090,DMA_MDEC_OUT_MADR,hardware_reg,MATCHED,,
0x1f801094,DMA_MDEC_OUT_BCR,hardware_reg,MATCHED,,
0x1f8010b0,DMA_CDROM_MADR,hardware_reg,MATCHED,,
0x1f8010b4,DMA_CDROM_BCR,hardware_reg,MATCHED,,
0x1f8010c0,DMA_SPU_MADR,hardware_reg,MATCHED,,
0x1f8010c4,DMA_SPU_BCR,hardware_reg,MATCHED,,
0x1f8010c8,DMA_SPU_CHCR,hardware_reg,MATCHED,,
0x1f8010d0,DMA_PIO_MADR,hardware_reg,MATCHED,,
0x1f8010d8,DMA_PIO_CHCR,hardware_reg,MATCHED,,
0x1f8010e0,DMA_OTC_MADR,hardware_reg,MATCHED,,
0x1f8010e4,DMA_OTC_BCR,hardware_reg,MATCHED,,
0x1f8010e8,DMA_OTC_CHCR,hardware_reg,MATCHED,,
0x1f801100,TMR_DOTCLOCK_VAL,hardware_reg,MATCHED,,
0x1f801104,TMR_DOTCLOCK_MODE,hardware_reg,MATCHED,,
0x1f801108,TMR_DOTCLOCK_MAX,hardware_reg,MATCHED,,
0x1f801114,TMR_HRETRACE_MODE,hardware_reg,MATCHED,,
0x1f801120,TMR_SYSCLOCK_VAL,hardware_reg,MATCHED,,
0x1f801124,TMR_SYSCLOCK_MODE,hardware_reg,MATCHED,,
0x1f801128,TMR_SYSCLOCK_MAX,hardware_reg,MATCHED,,
0x1f801820,MDEC_REG0,game,TODO,,
0x1f801c04,VOICE_00_ADPCM_SAMPLE_RATE,game,TODO,,
0x1f801c06,VOICE_00_ADPCM_START_ADDR,game,TODO,,
0x1f801c0c,VOICE_00_ADSR_CURR_VOLUME,game,TODO,,
0x1f801c14,VOICE_01_ADPCM_SAMPLE_RATE,game,TODO,,
0x1f801c16,VOICE_01_ADPCM_START_ADDR,game,TODO,,
0x1f801c18,VOICE_01_ADSR_ATT_DEC_SUS_REL,game,TODO,,
0x1f801d80,SPU_MAIN_VOL_L,hardware_reg,MATCHED,,
0x1f801d82,SPU_MAIN_VOL_R,hardware_reg,MATCHED,,
0x1f801d84,SPU_REVERB_OUT_L,hardware_reg,MATCHED,,
0x1f801d86,SPU_REVERB_OUT_R,hardware_reg,MATCHED,,
0x1f801da8,SOUND_RAM_DATA_TRANSFER_FIFO,hardware_reg,MATCHED,,
0x1f801dac,SOUND_RAM_DATA_TRANSTER_CTRL,hardware_reg,MATCHED,,
0x1f801db0,CD_VOL_L,hardware_reg,MATCHED,,
0x1f801db2,CD_VOL_R,hardware_reg,MATCHED,,
0x1f801db4,EXT_VOL_L,hardware_reg,MATCHED,,
0x1f801db6,EXT_VOL_R,hardware_reg,MATCHED,,
0x1f801db8,CURR_MAIN_VOL_L,hardware_reg,MATCHED,,
0x1f801dba,CURR_MAIN_VOL_R,hardware_reg,MATCHED,,
0x20000010,gte_ldv3c,sdk,MATCHED,,
0x20000020,gte_ldrgb,sdk,MATCHED,,
0x20000024,gte_ldrgb3,sdk,MATCHED,,
0x2000002c,gte_ldlv0,sdk,MATCHED,,
0x20000030,gte_ldlvl,sdk,MATCHED,,
0x20000068,gte_ldopv2,sdk,MATCHED,,
0x200000a8,gte_SetColorMatrix,sdk,MATCHED,,
0x200000d0,gte_stsxy,sdk,MATCHED,,
0x200000d8,gte_stsxy3c,sdk,MATCHED,,
0x200000f4,gte_stsxy3_g3,sdk,MATCHED,,
0x20000114,gte_stflg,sdk,MATCHED,,
0x20000128,gte_stsz3c,sdk,MATCHED,,
0x2000012c,gte_stsz4c,sdk,MATCHED,,
0x2000013c,gte_stlvl,sdk,MATCHED,,
0x20000160,gte_strgb,sdk,MATCHED,,
0x20000164,gte_strgb3,sdk,MATCHED,,
0x20000190,gte_stlzc,sdk,MATCHED,,
0x20000260,gte_ApplyRotMatrix,sdk,MATCHED,,
0x80010000,DAT_80010000,game,TODO,,
0x80010004,DAT_80010004,game,TODO,,
0x80010b40,DAT_80010b40,game,TODO,,
0x80012790,DAT_80012790,game,TODO,,
0x80012ad8,DAT_80012ad8,game,TODO,,
0x80012cd8,DAT_80012cd8,game,TODO,,
0x80013808,DAT_80013808,game,TODO,,
0x80013b10,DAT_80013b10,game,TODO,,
0x80014b48,DAT_80014b48,game,TODO,,
0x80014cf8,DAT_80014cf8,game,TODO,,
0x80015aec,DAT_80015aec,game,TODO,,
0x80016660,DAT_80016660,game,TODO,,
0x80016afc,DAT_80016afc,game,TODO,,
0x80016e60,DAT_80016e60,game,TODO,,
0x800175e8,DAT_800175e8,game,TODO,,
0x80017c3c,DAT_80017c3c,game,TODO,,
0x80017d78,DAT_80017d78,game,TODO,,
0x800185d8,DAT_800185d8,game,TODO,,
0x800188a0,DAT_800188a0,game,TODO,,
0x80018abc,DAT_80018abc,game,TODO,,
0x80018c68,DAT_80018c68,game,TODO,,
0x80018e28,DAT_80018e28,game,TODO,,
0x80019660,DAT_80019660,game,TODO,,
0x80019968,DAT_80019968,game,TODO,,
0x80019d88,DAT_80019d88,game,TODO,,
0x8001a4b8,DAT_8001a4b8,game,TODO,,
0x8001a900,DAT_8001a900,game,TODO,,
0x8001aa9c,DAT_8001aa9c,game,TODO,,
0x8001ac7c,DAT_8001ac7c,game,TODO,,
0x8001ae28,DAT_8001ae28,game,TODO,,
0x8001b8bc,DAT_8001b8bc,game,TODO,,
0x8001bbfc,DAT_8001bbfc,game,TODO,,
0x8001bc2c,DAT_8001bc2c,game,TODO,,
0x8001bc30,DAT_8001bc30,game,TODO,,
0x8001bc34,DAT_8001bc34,game,TODO,,
0x8001bc48,s_STEERING_WHEEL_8001bc48,string_data,MATCHED,,
0x8001bc58,s_BACK_VIEW_8001bc58,string_data,MATCHED,,
0x8001bc64,s_SHIFT_UP_8001bc64,string_data,MATCHED,,
0x8001bc70,s_SIDE_BRAKE_8001bc70,string_data,MATCHED,,
0x8001bc7c,s_SHIFT_DOWN_8001bc7c,string_data,MATCHED,,
0x8001bc88,s_BRAKE_8001bc88,string_data,MATCHED,,
0x8001bc90,s_VIEW_CHANGE_8001bc90,string_data,MATCHED,,
0x8001bc9c,s_ACCELERATOR_8001bc9c,string_data,MATCHED,,
0x8001bca8,s_REVERS_8001bca8,string_data,MATCHED,,
0x8001bcb0,DAT_8001bcb0,game,TODO,,
0x8001bcb4,DAT_8001bcb4,game,TODO,,
0x8001bcb8,DAT_8001bcb8,game,TODO,,
0x8001bcbc,DAT_8001bcbc,game,TODO,,
0x8001bcc0,DAT_8001bcc0,game,TODO,,
0x8001bcc4,DAT_8001bcc4,game,TODO,,
0x8001bcc8,DAT_8001bcc8,game,TODO,,
0x8001bccc,DAT_8001bccc,game,TODO,,
0x8001bcd4,DAT_8001bcd4,game,TODO,,
0x8001bcdc,DAT_8001bcdc,game,TODO,,
0x8001bce4,DAT_8001bce4,game,TODO,,
0x8001bcec,DAT_8001bcec,game,TODO,,
0x8001bcf0,DAT_8001bcf0,game,TODO,,
0x8001bcf4,DAT_8001bcf4,game,TODO,,
0x8001bcf8,DAT_8001bcf8,game,TODO,,
0x8001bcfc,DAT_8001bcfc,game,TODO,,
0x8001bd00,DAT_8001bd00,game,TODO,,
0x8001bd04,DAT_8001bd04,game,TODO,,
0x8001bd08,DAT_8001bd08,game,TODO,,
0x8001bd0c,DAT_8001bd0c,game,TODO,,
0x8001bd10,DAT_8001bd10,game,TODO,,
0x8001bd14,DAT_8001bd14,game,TODO,,
0x8001bd18,DAT_8001bd18,game,TODO,,
0x8001bd1c,DAT_8001bd1c,game,TODO,,
0x8001bd20,DAT_8001bd20,game,TODO,,
0x8001bd24,DAT_8001bd24,game,TODO,,
0x8001bd28,DAT_8001bd28,game,TODO,,
0x8001bd2c,DAT_8001bd2c,game,TODO,,
0x8001bd30,DAT_8001bd30,game,TODO,,
0x8001bd34,DAT_8001bd34,game,TODO,,
0x8001bd38,DAT_8001bd38,game,TODO,,
0x8001bd3c,DAT_8001bd3c,game,TODO,,
0x8001bd40,DAT_8001bd40,game,TODO,,
0x8001bd4c,DAT_8001bd4c,game,TODO,,
0x8001bd50,DAT_8001bd50,game,TODO,,
0x8001bd54,DAT_8001bd54,game,TODO,,
0x8001bd58,DAT_8001bd58,game,TODO,,
0x8001bd78,DAT_8001bd78,game,TODO,,
0x8001bd7c,DAT_8001bd7c,game,TODO,,
0x8001bd80,DAT_8001bd80,game,TODO,,
0x8001bd84,DAT_8001bd84,game,TODO,,
0x8001bd9c,DAT_8001bd9c,game,TODO,,
0x8001bda0,DAT_8001bda0,game,TODO,,
0x8001bda4,DAT_8001bda4,game,TODO,,
0x8001bda8,DAT_8001bda8,game,TODO,,
0x8001bdf4,s_CANCEL_8001bdf4,string_data,MATCHED,,
0x8001bdfc,s_PAUSE_8001bdfc,string_data,MATCHED,,
0x8001be24,s_REPLAY_8001be24,string_data,MATCHED,,
0x8001be2c,DAT_8001be2c,game,TODO,,
0x8001be30,DAT_8001be30,game,TODO,,
0x8001be34,DAT_8001be34,game,TODO,,
0x8001be38,DAT_8001be38,game,TODO,,
0x8001be3c,s_PLAYER_8001be3c,string_data,MATCHED,,
0x8001be44,s_RESULT_8001be44,string_data,MATCHED,,
0x8001be84,PTR_LAB_8001be84,game,TODO,,
0x8001bec8,PTR_LAB_8001bec8,game,TODO,,
0x8001bf1c,PTR_LAB_8001bf1c,game,TODO,,
0x8001bf34,PTR_LAB_8001bf34,game,TODO,,
0x8001bf4c,DAT_8001bf4c,game,TODO,,
0x8001bf64,PTR_LAB_8001bf64,game,TODO,,
0x8001bf90,DAT_8001bf90,game,TODO,,
0x8001bf94,DAT_8001bf94,game,TODO,,
0x8001bf98,DAT_8001bf98,game,TODO,,
0x8001bf9c,DAT_8001bf9c,game,TODO,,
0x8001bfa0,s_REVERSE_8001bfa0,string_data,MATCHED,,
0x8001bff8,PTR_LAB_8001bff8,game,TODO,,
0x8001c00c,DAT_8001c00c,game,TODO,,
0x8001c594,DAT_8001c594,game,TODO,,
0x8001c6ec,s_JZZ30_GARAGE_FUKUI_8001c6ec,string_data,MATCHED,,
0x8001c704,s_Z32_VEILSIDE_8001c704,string_data,MATCHED,,
0x8001c718,s_SXE10_AMUSE_8001c718,string_data,MATCHED,,
0x8001c72c,s_SW20_GARAGE_FUKUI_8001c72c,string_data,MATCHED,,
0x8001c744,s_S15_JUN_8001c744,string_data,MATCHED,,
0x8001c754,s_S14_TOP_SECRET_8001c754,string_data,MATCHED,,
0x8001c76c,s_PS13_AUTOSELECT_8001c76c,string_data,MATCHED,,
0x8001c784,s_RPS13_VEILSIDE_8001c784,string_data,MATCHED,,
0x8001c7ac,s_BCNR33_ESPRIT_8001c7ac,string_data,MATCHED,,
0x8001c7c0,s_BNR32_AUTOSELECT_8001c7c0,string_data,MATCHED,,
0x8001c7d8,s_NB8C_RE_AMAMIYA_8001c7d8,string_data,MATCHED,,
0x8001c7f0,s_JZA80_TOP_SECRET_8001c7f0,string_data,MATCHED,,
0x8001c808,s_JZX100_ESPRIT_8001c808,string_data,MATCHED,,
0x8001c81c,s_GC8_JUN_8001c81c,string_data,MATCHED,,
0x8001c82c,s_FD3S_RE_AMAMIYA_8001c82c,string_data,MATCHED,,
0x8001c888,s_EP91_JAM_8001c888,string_data,MATCHED,,
0x8001c898,s_EK9_TOP_FUEL_8001c898,string_data,MATCHED,,
0x8001c8ac,s_DC2_TOP_FUEL_8001c8ac,string_data,MATCHED,,
0x8001c8c0,s_AP1_AMUSE_8001c8c0,string_data,MATCHED,,
0x8001c8d4,s_AE86_JAM_8001c8d4,string_data,MATCHED,,
0x8001c8e4,s_JZZ30_8001c8e4,string_data,MATCHED,,
0x8001c8ec,DAT_8001c8ec,game,TODO,,
0x8001c8f0,s_SXE10_8001c8f0,string_data,MATCHED,,
0x8001c8f8,DAT_8001c8f8,game,TODO,,
0x8001c900,DAT_8001c900,game,TODO,,
0x8001c904,DAT_8001c904,game,TODO,,
0x8001c908,DAT_8001c908,game,TODO,,
0x8001c910,s_RPS13_8001c910,string_data,MATCHED,,
0x8001c918,s_BNR34_8001c918,string_data,MATCHED,,
0x8001c920,s_BCNR33_8001c920,string_data,MATCHED,,
0x8001c928,s_BNR32_8001c928,string_data,MATCHED,,
0x8001c930,DAT_8001c930,game,TODO,,
0x8001c938,s_JZA80_8001c938,string_data,MATCHED,,
0x8001c940,s_JZX100_8001c940,string_data,MATCHED,,
0x8001c948,DAT_8001c948,game,TODO,,
0x8001c94c,DAT_8001c94c,game,TODO,,
0x8001c96c,DAT_8001c96c,game,TODO,,
0x8001c974,DAT_8001c974,game,TODO,,
0x8001c978,DAT_8001c978,game,TODO,,
0x8001c97c,DAT_8001c97c,game,TODO,,
0x8001c980,DAT_8001c980,game,TODO,,
0x8001c9a4,s_VLS_R34_8001c9a4,string_data,MATCHED,,
0x8001c9ac,s_VLS7th_8001c9ac,string_data,MATCHED,,
0x8001c9b4,s_Tarzan_R33_8001c9b4,string_data,MATCHED,,
0x8001c9c8,s_SIL80_8001c9c8,string_data,MATCHED,,
0x8001c9d0,s_SEVEN_8001c9d0,string_data,MATCHED,,
0x8001c9e0,DAT_8001c9e0,game,TODO,,
0x8001c9e8,DAT_8001c9e8,game,TODO,,
0x8001c9f0,s_Tarzan_SPL_8001c9f0,string_data,MATCHED,,
0x8001c9fc,s_Orido86_8001c9fc,string_data,MATCHED,,
0x8001ca1c,s_NOMU_S15_8001ca1c,string_data,MATCHED,,
0x8001ca34,s_KOMA_S14_8001ca34,string_data,MATCHED,,
0x8001ca40,s_GReddy8_8001ca40,string_data,MATCHED,,
0x8001ca48,s_GReddy_ALT_8001ca48,string_data,MATCHED,,
0x8001ca54,s_FF_DRAG_8001ca54,string_data,MATCHED,,
0x8001ca5c,s_DaiSIL_S15_8001ca5c,string_data,MATCHED,,
0x8001ca88,s_Akira86_8001ca88,string_data,MATCHED,,
0x8001ca90,DAT_8001ca90,game,TODO,,
0x8001ca94,s_Tarzan_R34_8001ca94,string_data,MATCHED,,
0x8001caa0,s_NOS101_8001caa0,string_data,MATCHED,,
0x8001caa8,s_PLAYER_8001caa8,string_data,MATCHED,,
0x8001cac4,DAT_8001cac4,game,TODO,,
0x8001cac8,DAT_8001cac8,game,TODO,,
0x8001cb50,DAT_8001cb50,game,TODO,,
0x8001cb54,DAT_8001cb54,game,TODO,,
0x8001cb58,DAT_8001cb58,game,TODO,,
0x8001cb5c,DAT_8001cb5c,game,TODO,,
0x8001cb80,DAT_8001cb80,game,TODO,,
0x8001cba4,DAT_8001cba4,game,TODO,,
0x8001cbc8,DAT_8001cbc8,game,TODO,,
0x8001cbec,DAT_8001cbec,game,TODO,,
0x8001cc10,DAT_8001cc10,game,TODO,,
0x8001cc34,DAT_8001cc34,game,TODO,,
0x8001cc58,DAT_8001cc58,game,TODO,,
0x8001cc7c,DAT_8001cc7c,game,TODO,,
0x8001cca0,DAT_8001cca0,game,TODO,,
0x8001ccc4,DAT_8001ccc4,game,TODO,,
0x8001cce8,DAT_8001cce8,game,TODO,,
0x8001cd0c,DAT_8001cd0c,game,TODO,,
0x8001cd30,DAT_8001cd30,game,TODO,,
0x8001cd54,DAT_8001cd54,game,TODO,,
0x8001cd78,DAT_8001cd78,game,TODO,,
0x8001cd9c,DAT_8001cd9c,game,TODO,,
0x8001cdc0,DAT_8001cdc0,game,TODO,,
0x8001cde4,DAT_8001cde4,game,TODO,,
0x8001ce08,DAT_8001ce08,game,TODO,,
0x8001ce2c,DAT_8001ce2c,game,TODO,,
0x8001ce50,DAT_8001ce50,game,TODO,,
0x8001ce74,DAT_8001ce74,game,TODO,,
0x8001cebc,DAT_8001cebc,game,TODO,,
0x8001cee0,DAT_8001cee0,game,TODO,,
0x8001cf04,DAT_8001cf04,game,TODO,,
0x8001cf28,DAT_8001cf28,game,TODO,,
0x8001cf4c,DAT_8001cf4c,game,TODO,,
0x8001cf70,DAT_8001cf70,game,TODO,,
0x8001cf94,DAT_8001cf94,game,TODO,,
0x8001cfb8,DAT_8001cfb8,game,TODO,,
0x8001cfdc,DAT_8001cfdc,game,TODO,,
0x8001d000,DAT_8001d000,game,TODO,,
0x8001d024,DAT_8001d024,game,TODO,,
0x8001d048,DAT_8001d048,game,TODO,,
0x8001d06c,DAT_8001d06c,game,TODO,,
0x8001d090,DAT_8001d090,game,TODO,,
0x8001d0b4,DAT_8001d0b4,game,TODO,,
0x8001d0d8,DAT_8001d0d8,game,TODO,,
0x8001d0fc,DAT_8001d0fc,game,TODO,,
0x8001d120,DAT_8001d120,game,TODO,,
0x8001d144,DAT_8001d144,game,TODO,,
0x8001d168,DAT_8001d168,game,TODO,,
0x8001d18c,DAT_8001d18c,game,TODO,,
0x8001d1b0,DAT_8001d1b0,game,TODO,,
0x8001d1d4,DAT_8001d1d4,game,TODO,,
0x8001d1f8,DAT_8001d1f8,game,TODO,,
0x8001d21c,DAT_8001d21c,game,TODO,,
0x8001d240,DAT_8001d240,game,TODO,,
0x8001d264,DAT_8001d264,game,TODO,,
0x8001d288,DAT_8001d288,game,TODO,,
0x8001d2ac,DAT_8001d2ac,game,TODO,,
0x8001d2d0,DAT_8001d2d0,game,TODO,,
0x8001d2f4,DAT_8001d2f4,game,TODO,,
0x8001d318,DAT_8001d318,game,TODO,,
0x8001d33c,DAT_8001d33c,game,TODO,,
0x8001d360,DAT_8001d360,game,TODO,,
0x8001d384,DAT_8001d384,game,TODO,,
0x8001d3a8,DAT_8001d3a8,game,TODO,,
0x8001d3cc,DAT_8001d3cc,game,TODO,,
0x8001d3f0,DAT_8001d3f0,game,TODO,,
0x8001d414,DAT_8001d414,game,TODO,,
0x8001d438,DAT_8001d438,game,TODO,,
0x8001d45c,DAT_8001d45c,game,TODO,,
0x8001d480,DAT_8001d480,game,TODO,,
0x8001d4a4,DAT_8001d4a4,game,TODO,,
0x8001d4c8,DAT_8001d4c8,game,TODO,,
0x8001d4ec,DAT_8001d4ec,game,TODO,,
0x8001d510,DAT_8001d510,game,TODO,,
0x8001d534,DAT_8001d534,game,TODO,,
0x8001d558,DAT_8001d558,game,TODO,,
0x8001d57c,DAT_8001d57c,game,TODO,,
0x8001d5a0,DAT_8001d5a0,game,TODO,,
0x8001d5c4,DAT_8001d5c4,game,TODO,,
0x8001d5e4,DAT_8001d5e4,game,TODO,,
0x8001d604,DAT_8001d604,game,TODO,,
0x8001d624,DAT_8001d624,game,TODO,,
0x8001d644,DAT_8001d644,game,TODO,,
0x8001d664,DAT_8001d664,game,TODO,,
0x8001d684,DAT_8001d684,game,TODO,,
0x8001d6a4,DAT_8001d6a4,game,TODO,,
0x8001d6c4,DAT_8001d6c4,game,TODO,,
0x8001d6e4,DAT_8001d6e4,game,TODO,,
0x8001d704,DAT_8001d704,game,TODO,,
0x8001d724,DAT_8001d724,game,TODO,,
0x8001d744,DAT_8001d744,game,TODO,,
0x8001d764,DAT_8001d764,game,TODO,,
0x8001d784,DAT_8001d784,game,TODO,,
0x8001d7a4,DAT_8001d7a4,game,TODO,,
0x8001d7c4,DAT_8001d7c4,game,TODO,,
0x8001d7e4,DAT_8001d7e4,game,TODO,,
0x8001d804,DAT_8001d804,game,TODO,,
0x8001d824,DAT_8001d824,game,TODO,,
0x8001d844,DAT_8001d844,game,TODO,,
0x8001d864,DAT_8001d864,game,TODO,,
0x8001d884,DAT_8001d884,game,TODO,,
0x8001d8a4,DAT_8001d8a4,game,TODO,,
0x8001d8c4,DAT_8001d8c4,game,TODO,,
0x8001d8e4,DAT_8001d8e4,game,TODO,,
0x8001d904,DAT_8001d904,game,TODO,,
0x8001d924,DAT_8001d924,game,TODO,,
0x8001d944,DAT_8001d944,game,TODO,,
0x8001d964,DAT_8001d964,game,TODO,,
0x8001d984,DAT_8001d984,game,TODO,,
0x8001d9a4,DAT_8001d9a4,game,TODO,,
0x8001d9c4,DAT_8001d9c4,game,TODO,,
0x8001d9e4,DAT_8001d9e4,game,TODO,,
0x8001da04,DAT_8001da04,game,TODO,,
0x8001da24,DAT_8001da24,game,TODO,,
0x8001da44,DAT_8001da44,game,TODO,,
0x8001da64,DAT_8001da64,game,TODO,,
0x8001da84,DAT_8001da84,game,TODO,,
0x8001daa4,DAT_8001daa4,game,TODO,,
0x8001dac4,DAT_8001dac4,game,TODO,,
0x8001dae4,DAT_8001dae4,game,TODO,,
0x8001db04,DAT_8001db04,game,TODO,,
0x8001db24,DAT_8001db24,game,TODO,,
0x8001db44,DAT_8001db44,game,TODO,,
0x8001db64,DAT_8001db64,game,TODO,,
0x8001db84,DAT_8001db84,game,TODO,,
0x8001dba4,DAT_8001dba4,game,TODO,,
0x8001dbc4,DAT_8001dbc4,game,TODO,,
0x8001dbe4,DAT_8001dbe4,game,TODO,,
0x8001dc04,DAT_8001dc04,game,TODO,,
0x8001dc24,DAT_8001dc24,game,TODO,,
0x8001dc44,DAT_8001dc44,game,TODO,,
0x8001dc64,DAT_8001dc64,game,TODO,,
0x8001dc84,DAT_8001dc84,game,TODO,,
0x8001dca4,DAT_8001dca4,game,TODO,,
0x8001dcc4,DAT_8001dcc4,game,TODO,,
0x8001dce4,DAT_8001dce4,game,TODO,,
0x8001dd04,DAT_8001dd04,game,TODO,,
0x8001dd24,DAT_8001dd24,game,TODO,,
0x8001dd44,DAT_8001dd44,game,TODO,,
0x8001dd64,DAT_8001dd64,game,TODO,,
0x8001dd84,DAT_8001dd84,game,TODO,,
0x8001dda4,DAT_8001dda4,game,TODO,,
0x8001ddc4,DAT_8001ddc4,game,TODO,,
0x8001dde4,DAT_8001dde4,game,TODO,,
0x8001de04,DAT_8001de04,game,TODO,,
0x8001de24,DAT_8001de24,game,TODO,,
0x8001de44,DAT_8001de44,game,TODO,,
0x8001de64,DAT_8001de64,game,TODO,,
0x8001de84,DAT_8001de84,game,TODO,,
0x8001dea4,DAT_8001dea4,game,TODO,,
0x8001dec4,DAT_8001dec4,game,TODO,,
0x8001dee4,DAT_8001dee4,game,TODO,,
0x8001df04,DAT_8001df04,game,TODO,,
0x8001df24,DAT_8001df24,game,TODO,,
0x8001df44,DAT_8001df44,game,TODO,,
0x8001df64,DAT_8001df64,game,TODO,,
0x8001df84,DAT_8001df84,game,TODO,,
0x8001dfa4,DAT_8001dfa4,game,TODO,,
0x8001dfc4,DAT_8001dfc4,game,TODO,,
0x8001dfe4,DAT_8001dfe4,game,TODO,,
0x8001e004,DAT_8001e004,game,TODO,,
0x8001e024,DAT_8001e024,game,TODO,,
0x8001e044,DAT_8001e044,game,TODO,,
0x8001e064,DAT_8001e064,game,TODO,,
0x8001e088,DAT_8001e088,game,TODO,,
0x8001e0ac,DAT_8001e0ac,game,TODO,,
0x8001e0cc,DAT_8001e0cc,game,TODO,,
0x8001e0ec,DAT_8001e0ec,game,TODO,,
0x8001e10c,DAT_8001e10c,game,TODO,,
0x8001e12c,DAT_8001e12c,game,TODO,,
0x8001e150,DAT_8001e150,game,TODO,,
0x8001e174,DAT_8001e174,game,TODO,,
0x8001e194,DAT_8001e194,game,TODO,,
0x8001e1b4,DAT_8001e1b4,game,TODO,,
0x8001e1d4,DAT_8001e1d4,game,TODO,,
0x8001e1f4,DAT_8001e1f4,game,TODO,,
0x8001e218,DAT_8001e218,game,TODO,,
0x8001e23c,DAT_8001e23c,game,TODO,,
0x8001e260,DAT_8001e260,game,TODO,,
0x8001e284,DAT_8001e284,game,TODO,,
0x8001e2a8,DAT_8001e2a8,game,TODO,,
0x8001e2cc,DAT_8001e2cc,game,TODO,,
0x8001e2f0,DAT_8001e2f0,game,TODO,,
0x8001e314,DAT_8001e314,game,TODO,,
0x8001e338,DAT_8001e338,game,TODO,,
0x8001e35c,DAT_8001e35c,game,TODO,,
0x8001e380,DAT_8001e380,game,TODO,,
0x8001e3a4,DAT_8001e3a4,game,TODO,,
0x8001e3c8,DAT_8001e3c8,game,TODO,,
0x8001e3ec,DAT_8001e3ec,game,TODO,,
0x8001e410,DAT_8001e410,game,TODO,,
0x8001e434,DAT_8001e434,game,TODO,,
0x8001e458,DAT_8001e458,game,TODO,,
0x8001e47c,DAT_8001e47c,game,TODO,,
0x8001e4a0,DAT_8001e4a0,game,TODO,,
0x8001e4c4,DAT_8001e4c4,game,TODO,,
0x8001e4e8,DAT_8001e4e8,game,TODO,,
0x8001e50c,DAT_8001e50c,game,TODO,,
0x8001e530,DAT_8001e530,game,TODO,,
0x8001e554,DAT_8001e554,game,TODO,,
0x8001e578,DAT_8001e578,game,TODO,,
0x8001e59c,DAT_8001e59c,game,TODO,,
0x8001e5c0,DAT_8001e5c0,game,TODO,,
0x8001e5e4,DAT_8001e5e4,game,TODO,,
0x8001e608,DAT_8001e608,game,TODO,,
0x8001e62c,DAT_8001e62c,game,TODO,,
0x8001e650,DAT_8001e650,game,TODO,,
0x8001e674,DAT_8001e674,game,TODO,,
0x8001e698,DAT_8001e698,game,TODO,,
0x8001e6bc,DAT_8001e6bc,game,TODO,,
0x8001e6e0,DAT_8001e6e0,game,TODO,,
0x8001e704,DAT_8001e704,game,TODO,,
0x8001e728,DAT_8001e728,game,TODO,,
0x8001e74c,DAT_8001e74c,game,TODO,,
0x8001e770,DAT_8001e770,game,TODO,,
0x8001e794,DAT_8001e794,game,TODO,,
0x8001e7b8,DAT_8001e7b8,game,TODO,,
0x8001e7dc,DAT_8001e7dc,game,TODO,,
0x8001e800,DAT_8001e800,game,TODO,,
0x8001e824,DAT_8001e824,game,TODO,,
0x8001e848,DAT_8001e848,game,TODO,,
0x8001e86c,DAT_8001e86c,game,TODO,,
0x8001e890,DAT_8001e890,game,TODO,,
0x8001e8b4,DAT_8001e8b4,game,TODO,,
0x8001e8d8,DAT_8001e8d8,game,TODO,,
0x8001e8fc,DAT_8001e8fc,game,TODO,,
0x8001e920,DAT_8001e920,game,TODO,,
0x8001e944,DAT_8001e944,game,TODO,,
0x8001e968,DAT_8001e968,game,TODO,,
0x8001e98c,DAT_8001e98c,game,TODO,,
0x8001e9b0,DAT_8001e9b0,game,TODO,,
0x8001e9d4,DAT_8001e9d4,game,TODO,,
0x8001e9f8,DAT_8001e9f8,game,TODO,,
0x8001ea1c,DAT_8001ea1c,game,TODO,,
0x8001ea40,DAT_8001ea40,game,TODO,,
0x8001ea64,DAT_8001ea64,game,TODO,,
0x8001ea88,DAT_8001ea88,game,TODO,,
0x8001eaac,DAT_8001eaac,game,TODO,,
0x8001ead0,DAT_8001ead0,game,TODO,,
0x8001eaf4,DAT_8001eaf4,game,TODO,,
0x8001eb18,DAT_8001eb18,game,TODO,,
0x8001eb3c,DAT_8001eb3c,game,TODO,,
0x8001eb60,DAT_8001eb60,game,TODO,,
0x8001eb84,DAT_8001eb84,game,TODO,,
0x8001eba8,DAT_8001eba8,game,TODO,,
0x8001ebcc,DAT_8001ebcc,game,TODO,,
0x8001ebf0,DAT_8001ebf0,game,TODO,,
0x8001ec14,DAT_8001ec14,game,TODO,,
0x8001ec38,DAT_8001ec38,game,TODO,,
0x8001ec5c,DAT_8001ec5c,game,TODO,,
0x8001ec80,DAT_8001ec80,game,TODO,,
0x8001eca4,DAT_8001eca4,game,TODO,,
0x8001ecc8,DAT_8001ecc8,game,TODO,,
0x8001ecec,DAT_8001ecec,game,TODO,,
0x8001ed10,DAT_8001ed10,game,TODO,,
0x8001ed34,DAT_8001ed34,game,TODO,,
0x8001ed58,DAT_8001ed58,game,TODO,,
0x8001ed7c,DAT_8001ed7c,game,TODO,,
0x8001eda0,DAT_8001eda0,game,TODO,,
0x8001edc4,DAT_8001edc4,game,TODO,,
0x8001ede8,DAT_8001ede8,game,TODO,,
0x8001ee0c,DAT_8001ee0c,game,TODO,,
0x8001ee30,DAT_8001ee30,game,TODO,,
0x8001ee54,DAT_8001ee54,game,TODO,,
0x8001ee78,DAT_8001ee78,game,TODO,,
0x8001ee9c,DAT_8001ee9c,game,TODO,,
0x8001eec0,DAT_8001eec0,game,TODO,,
0x8001eee4,DAT_8001eee4,game,TODO,,
0x8001ef08,DAT_8001ef08,game,TODO,,
0x8001ef2c,DAT_8001ef2c,game,TODO,,
0x8001ef50,DAT_8001ef50,game,TODO,,
0x8001ef74,DAT_8001ef74,game,TODO,,
0x8001ef98,DAT_8001ef98,game,TODO,,
0x8001efbc,DAT_8001efbc,game,TODO,,
0x8001efe0,DAT_8001efe0,game,TODO,,
0x8001f004,DAT_8001f004,game,TODO,,
0x8001f028,DAT_8001f028,game,TODO,,
0x8001f04c,DAT_8001f04c,game,TODO,,
0x8001f070,DAT_8001f070,game,TODO,,
0x8001f094,DAT_8001f094,game,TODO,,
0x8001f0b8,DAT_8001f0b8,game,TODO,,
0x8001f0dc,DAT_8001f0dc,game,TODO,,
0x8001f100,DAT_8001f100,game,TODO,,
0x8001f124,DAT_8001f124,game,TODO,,
0x8001f148,DAT_8001f148,game,TODO,,
0x8001f16c,DAT_8001f16c,game,TODO,,
0x8001f190,DAT_8001f190,game,TODO,,
0x8001f1b4,DAT_8001f1b4,game,TODO,,
0x8001f1d8,DAT_8001f1d8,game,TODO,,
0x8001f1fc,s_OPTION_PARK_SPL_8001f1fc,string_data,MATCHED,,
0x8001f20c,s_OPTION_PARK_8001f20c,string_data,MATCHED,,
0x8001f218,s_EBISU_SPL_8001f218,string_data,MATCHED,,
0x8001f224,s_EBISU_8001f224,string_data,MATCHED,,
0x8001f22c,s_LOOPROAD_SPL_8001f22c,string_data,MATCHED,,
0x8001f23c,s_LOOPROAD_8001f23c,string_data,MATCHED,,
0x8001f248,s_WANGAN_SPL_8001f248,string_data,MATCHED,,
0x8001f254,s_WANGAN_8001f254,string_data,MATCHED,,
0x8001f25c,s_LAKESIDE_SPL_8001f25c,string_data,MATCHED,,
0x8001f26c,s_LAKESIDE_8001f26c,string_data,MATCHED,,
0x8001f278,s_MOUNTAIN_SPL_8001f278,string_data,MATCHED,,
0x8001f288,s_MOUNTAIN_8001f288,string_data,MATCHED,,
0x800228f8,DAT_800228f8,game,TODO,,
0x80022910,DAT_80022910,game,TODO,,
0x80022934,DAT_80022934,game,TODO,,
0x80022948,s_1PLAYER_80022948,string_data,MATCHED,,
0x80022950,s_2PLAYER_80022950,string_data,MATCHED,,
0x80022958,DAT_80022958,game,TODO,,
0x80022959,DAT_80022959,game,TODO,,
0x8002295a,DAT_8002295a,game,TODO,,
0x800229e8,DAT_800229e8,game,TODO,,
0x800229ec,DAT_800229ec,game,TODO,,
0x800229f0,DAT_800229f0,game,TODO,,
0x800229f4,DAT_800229f4,game,TODO,,
0x80022aa8,DAT_80022aa8,game,TODO,,
0x80022ac8,DAT_80022ac8,game,TODO,,
0x80022acc,DAT_80022acc,game,TODO,,
0x80022ad0,DAT_80022ad0,game,TODO,,
0x80022ae4,DAT_80022ae4,game,TODO,,
0x80022b00,DAT_80022b00,game,TODO,,
0x80022b04,DAT_80022b04,game,TODO,,
0x80022b08,DAT_80022b08,game,TODO,,
0x80022b30,DAT_80022b30,game,TODO,,
0x80022b34,DAT_80022b34,game,TODO,,
0x80022b38,DAT_80022b38,game,TODO,,
0x80022b3c,DAT_80022b3c,game,TODO,,
0x80022b40,DAT_80022b40,game,TODO,,
0x80022b44,DAT_80022b44,game,TODO,,
0x80022b48,DAT_80022b48,game,TODO,,
0x80022b4c,DAT_80022b4c,game,TODO,,
0x80022b50,DAT_80022b50,game,TODO,,
0x80022b54,DAT_80022b54,game,TODO,,
0x80022b58,DAT_80022b58,game,TODO,,
0x80022c10,DAT_80022c10,game,TODO,,
0x80022c44,s_YOU_MADE_YOU_COMPLETE_MAXIMUM_TU_80022c44,string_data,MATCHED,,
0x80022fa0,DAT_80022fa0,game,TODO,,
0x80022fa4,s_ClearImage_80022fa4,string_data,MATCHED,,
0x80022fb0,s_ClearImage2_80022fb0,string_data,MATCHED,,
0x80022fbc,s_LoadImage_80022fbc,string_data,MATCHED,,
0x80022fc8,s_StoreImage_80022fc8,string_data,MATCHED,,
0x80022fd4,s_MoveImage_80022fd4,string_data,MATCHED,,
0x800230a4,s_LoadImage2_800230a4,string_data,MATCHED,,
0x800230f0,s_0123456789abcdef_800230f0,string_data,MATCHED,,
0x8002310c,s_0123456789ABCDEF_8002310c,string_data,MATCHED,,
0x80023310,s_0123456789ABCDEF_80023310,string_data,MATCHED,,
0x80023324,s_0123456789abcdef_80023324,string_data,MATCHED,,
0x800233f0,DAT_800233f0,game,TODO,,
0x80023428,s_error_80023428,string_data,MATCHED,,
0x80023684,DAT_80023684,game,TODO,,
0x80023688,DAT_80023688,game,TODO,,
0x80023689,DAT_80023689,game,TODO,,
0x800236b0,s_card_read_error_800236b0,string_data,MATCHED,,
0x800236ec,s_MDEC_in_sync_800236ec,string_data,MATCHED,,
0x800236fc,s_MDEC_out_sync_800236fc,string_data,MATCHED,,
0x80023790,s_CdlReadS_80023790,string_data,MATCHED,,
0x8002379c,s_CdlSeekP_8002379c,string_data,MATCHED,,
0x800237a8,s_CdlSeekL_800237a8,string_data,MATCHED,,
0x800237b4,s_CdlGetTD_800237b4,string_data,MATCHED,,
0x800237c0,s_CdlGetTN_800237c0,string_data,MATCHED,,
0x800237cc,s_CdlGetlocP_800237cc,string_data,MATCHED,,
0x800237d8,s_CdlGetlocL_800237d8,string_data,MATCHED,,
0x800237e8,s_CdlSetmode_800237e8,string_data,MATCHED,,
0x800237f4,s_CdlSetfilter_800237f4,string_data,MATCHED,,
0x80023804,s_CdlDemute_80023804,string_data,MATCHED,,
0x80023810,s_CdlMute_80023810,string_data,MATCHED,,
0x80023818,s_CdlReset_80023818,string_data,MATCHED,,
0x80023824,s_CdlPause_80023824,string_data,MATCHED,,
0x80023830,s_CdlStop_80023830,string_data,MATCHED,,
0x80023838,s_CdlStandby_80023838,string_data,MATCHED,,
0x80023844,s_CdlReadN_80023844,string_data,MATCHED,,
0x80023850,s_CdlBackward_80023850,string_data,MATCHED,,
0x8002385c,s_CdlForward_8002385c,string_data,MATCHED,,
0x80023868,s_CdlPlay_80023868,string_data,MATCHED,,
0x80023870,s_CdlSetloc_80023870,string_data,MATCHED,,
0x8002387c,s_CdlNop_8002387c,string_data,MATCHED,,
0x80023884,s_CdlSync_80023884,string_data,MATCHED,,
0x8002388c,s_DiskError_8002388c,string_data,MATCHED,,
0x80023898,s_DataEnd_80023898,string_data,MATCHED,,
0x800238a0,s_Acknowledge_800238a0,string_data,MATCHED,,
0x800238ac,s_Complete_800238ac,string_data,MATCHED,,
0x800238b8,s_DataReady_800238b8,string_data,MATCHED,,
0x800238c4,s_NoIntr_800238c4,string_data,MATCHED,,
0x80023954,s_CD_sync_80023954,string_data,MATCHED,,
0x8002395c,s_CD_ready_8002395c,string_data,MATCHED,,
0x80023980,s_CD_cw_80023980,string_data,MATCHED,,
0x800239d8,s_CD_datasync_800239d8,string_data,MATCHED,,
0x80023a8c,main,game_core,WIP,,
0x80023b18,LAB_80023b18,game,TODO,,
0x80023b40,LAB_80023b40,game,TODO,,
0x80023b48,LAB_80023b48,game,TODO,,
0x80023bc8,LAB_80023bc8,game,TODO,,
0x80023bcc,LAB_80023bcc,game,TODO,,
0x80023c04,LAB_80023c04,game,TODO,,
0x80023c2c,LAB_80023c2c,game,TODO,,
0x80023c48,LAB_80023c48,game,TODO,,
0x80023c58,LAB_80023c58,game,TODO,,
0x80023c78,FUN_80023c78,unknown,TODO,,
0x80023c94,LAB_80023c94,game,TODO,,
0x80023cac,LAB_80023cac,game,TODO,,
0x80023cd4,FUN_80023cd4,unknown,TODO,,
0x80023ce8,LAB_80023ce8,game,TODO,,
0x80023d20,LAB_80023d20,game,TODO,,
0x80023d30,LAB_80023d30,game,TODO,,
0x80023d5c,LAB_80023d5c,game,TODO,,
0x80023d64,LAB_80023d64,game,TODO,,
0x80023d68,LAB_80023d68,game,TODO,,
0x80023d80,FUN_80023d80,unknown,TODO,,
0x80023da0,LAB_80023da0,game,TODO,,
0x80023db8,LAB_80023db8,game,TODO,,
0x80023e8c,LAB_80023e8c,game,TODO,,
0x80023ed4,LAB_80023ed4,game,TODO,,
0x80023edc,LAB_80023edc,game,TODO,,
0x80023f14,LAB_80023f14,game,TODO,,
0x80023f1c,LAB_80023f1c,game,TODO,,
0x80023f88,LAB_80023f88,game,TODO,,
0x80023f8c,LAB_80023f8c,game,TODO,,
0x80023fe4,LAB_80023fe4,game,TODO,,
0x80023fe8,LAB_80023fe8,game,TODO,,
0x80024064,LAB_80024064,game,TODO,,
0x80024068,LAB_80024068,game,TODO,,
0x800240d0,LAB_800240d0,game,TODO,,
0x800240d4,LAB_800240d4,game,TODO,,
0x8002411c,LAB_8002411c,game,TODO,,
0x80024120,LAB_80024120,game,TODO,,
0x80024158,LAB_80024158,game,TODO,,
0x8002415c,LAB_8002415c,game,TODO,,
0x800241a4,LAB_800241a4,game,TODO,,
0x800241a8,LAB_800241a8,game,TODO,,
0x800241d8,LAB_800241d8,game,TODO,,
0x800241dc,LAB_800241dc,game,TODO,,
0x80024224,LAB_80024224,game,TODO,,
0x80024228,LAB_80024228,game,TODO,,
0x80024258,LAB_80024258,game,TODO,,
0x8002425c,LAB_8002425c,game,TODO,,
0x800242a4,LAB_800242a4,game,TODO,,
0x800242a8,LAB_800242a8,game,TODO,,
0x800242d8,LAB_800242d8,game,TODO,,
0x800242dc,LAB_800242dc,game,TODO,,
0x80024324,LAB_80024324,game,TODO,,
0x80024328,LAB_80024328,game,TODO,,
0x80024358,LAB_80024358,game,TODO,,
0x8002435c,LAB_8002435c,game,TODO,,
0x800243f8,LAB_800243f8,game,TODO,,
0x800243fc,LAB_800243fc,game,TODO,,
0x80024448,LAB_80024448,game,TODO,,
0x80024474,LAB_80024474,game,TODO,,
0x8002447c,LAB_8002447c,game,TODO,,
0x80024480,LAB_80024480,game,TODO,,
0x800244b8,LAB_800244b8,game,TODO,,
0x800244bc,LAB_800244bc,game,TODO,,
0x800244e4,LAB_800244e4,game,TODO,,
0x800244f4,FUN_800244f4,unknown,TODO,,
0x8002455c,LAB_8002455c,game,TODO,,
0x8002457c,LAB_8002457c,game,TODO,,
0x800245b8,LAB_800245b8,game,TODO,,
0x800245cc,LAB_800245cc,game,TODO,,
0x80024658,LAB_80024658,game,TODO,,
0x80024678,LAB_80024678,game,TODO,,
0x800246b4,LAB_800246b4,game,TODO,,
0x800246c8,LAB_800246c8,game,TODO,,
0x80024720,FUN_80024720,unknown,TODO,,
0x80024b1c,LAB_80024b1c,game,TODO,,
0x80024c48,LAB_80024c48,game,TODO,,
0x80024d20,LAB_80024d20,game,TODO,,
0x80024d24,LAB_80024d24,game,TODO,,
0x80024d28,LAB_80024d28,game,TODO,,
0x80024d3c,LAB_80024d3c,game,TODO,,
0x80024e00,LAB_80024e00,game,TODO,,
0x80024e38,LAB_80024e38,game,TODO,,
0x80024e3c,LAB_80024e3c,game,TODO,,
0x80024f64,LAB_80024f64,game,TODO,,
0x80024fa0,LAB_80024fa0,game,TODO,,
0x80024fd8,LAB_80024fd8,game,TODO,,
0x80025048,LAB_80025048,game,TODO,,
0x8002505c,LAB_8002505c,game,TODO,,
0x8002508c,LAB_8002508c,game,TODO,,
0x8002511c,LAB_8002511c,game,TODO,,
0x80025120,LAB_80025120,game,TODO,,
0x8002519c,LAB_8002519c,game,TODO,,
0x800251cc,LAB_800251cc,game,TODO,,
0x800251d0,LAB_800251d0,game,TODO,,
0x8002524c,LAB_8002524c,game,TODO,,
0x80025270,LAB_80025270,game,TODO,,
0x800252cc,LAB_800252cc,game,TODO,,
0x800252d0,LAB_800252d0,game,TODO,,
0x800252f0,LAB_800252f0,game,TODO,,
0x8002533c,LAB_8002533c,game,TODO,,
0x80025394,LAB_80025394,game,TODO,,
0x8002539c,LAB_8002539c,game,TODO,,
0x800253ac,FUN_800253ac,unknown,TODO,,
0x800253f0,LAB_800253f0,game,TODO,,
0x80025468,LAB_80025468,game,TODO,,
0x800254e8,LAB_800254e8,game,TODO,,
0x80025544,FUN_80025544,unknown,TODO,,
0x8002558c,LAB_8002558c,game,TODO,,
0x80025604,LAB_80025604,game,TODO,,
0x80025694,LAB_80025694,game,TODO,,
0x800256d0,LAB_800256d0,game,TODO,,
0x800256e8,LAB_800256e8,game,TODO,,
0x8002571c,LAB_8002571c,game,TODO,,
0x80025748,FUN_80025748,unknown,TODO,,
0x8002578c,LAB_8002578c,game,TODO,,
0x80025804,LAB_80025804,game,TODO,,
0x80025884,LAB_80025884,game,TODO,,
0x800258e0,FUN_800258e0,unknown,TODO,,
0x80025930,LAB_80025930,game,TODO,,
0x800259a8,LAB_800259a8,game,TODO,,
0x80025a04,LAB_80025a04,game,TODO,,
0x80025a60,FUN_80025a60,unknown,TODO,,
0x80025ab4,LAB_80025ab4,game,TODO,,
0x80025b2c,LAB_80025b2c,game,TODO,,
0x80025b9c,LAB_80025b9c,game,TODO,,
0x80025bd8,LAB_80025bd8,game,TODO,,
0x80025be8,LAB_80025be8,game,TODO,,
0x80025c1c,LAB_80025c1c,game,TODO,,
0x80025c48,FUN_80025c48,unknown,TODO,,
0x80025c98,LAB_80025c98,game,TODO,,
0x80025d10,LAB_80025d10,game,TODO,,
0x80025d6c,LAB_80025d6c,game,TODO,,
0x80025dc8,FUN_80025dc8,unknown,TODO,,
0x80025ec8,LAB_80025ec8,game,TODO,,
0x80025eec,LAB_80025eec,game,TODO,,
0x80025f18,LAB_80025f18,game,TODO,,
0x80025f38,LAB_80025f38,game,TODO,,
0x80025f8c,LAB_80025f8c,game,TODO,,
0x800260e0,LAB_800260e0,game,TODO,,
0x80026110,LAB_80026110,game,TODO,,
0x80026130,LAB_80026130,game,TODO,,
0x800261f4,LAB_800261f4,game,TODO,,
0x80026218,LAB_80026218,game,TODO,,
0x80026254,LAB_80026254,game,TODO,,
0x800262dc,LAB_800262dc,game,TODO,,
0x80026368,LAB_80026368,game,TODO,,
0x800263f4,LAB_800263f4,game,TODO,,
0x80026418,LAB_80026418,game,TODO,,
0x80026438,LAB_80026438,game,TODO,,
0x80026480,LAB_80026480,game,TODO,,
0x800264d4,LAB_800264d4,game,TODO,,
0x80026594,LAB_80026594,game,TODO,,
0x800265fc,LAB_800265fc,game,TODO,,
0x80026660,LAB_80026660,game,TODO,,
0x800266d0,LAB_800266d0,game,TODO,,
0x800266d8,LAB_800266d8,game,TODO,,
0x800266dc,LAB_800266dc,game,TODO,,
0x80026724,LAB_80026724,game,TODO,,
0x8002672c,LAB_8002672c,game,TODO,,
0x80026730,LAB_80026730,game,TODO,,
0x80026774,LAB_80026774,game,TODO,,
0x800267ac,LAB_800267ac,game,TODO,,
0x800267e8,LAB_800267e8,game,TODO,,
0x800267f0,LAB_800267f0,game,TODO,,
0x800267f4,LAB_800267f4,game,TODO,,
0x80026838,LAB_80026838,game,TODO,,
0x80026840,LAB_80026840,game,TODO,,
0x800268a4,LAB_800268a4,game,TODO,,
0x800268d8,LAB_800268d8,game,TODO,,
0x8002691c,LAB_8002691c,game,TODO,,
0x8002694c,LAB_8002694c,game,TODO,,
0x80026960,LAB_80026960,game,TODO,,
0x80026964,LAB_80026964,game,TODO,,
0x800269d0,LAB_800269d0,game,TODO,,
0x800269d4,LAB_800269d4,game,TODO,,
0x800269f4,LAB_800269f4,game,TODO,,
0x800269fc,LAB_800269fc,game,TODO,,
0x80026a04,LAB_80026a04,game,TODO,,
0x80026a40,LAB_80026a40,game,TODO,,
0x80026a74,LAB_80026a74,game,TODO,,
0x80026a78,LAB_80026a78,game,TODO,,
0x80026a80,LAB_80026a80,game,TODO,,
0x80026aa0,FUN_80026aa0,unknown,TODO,,
0x80026b4c,LAB_80026b4c,game,TODO,,
0x80026c60,FUN_80026c60,unknown,TODO,,
0x80026cd8,LAB_80026cd8,game,TODO,,
0x80026d00,LAB_80026d00,game,TODO,,
0x80026d04,LAB_80026d04,game,TODO,,
0x80026d64,LAB_80026d64,game,TODO,,
0x80026da0,LAB_80026da0,game,TODO,,
0x80026e08,LAB_80026e08,game,TODO,,
0x80026e60,FUN_80026e60,unknown,TODO,,
0x80026ed8,LAB_80026ed8,game,TODO,,
0x80026f00,LAB_80026f00,game,TODO,,
0x80026f04,LAB_80026f04,game,TODO,,
0x80026f64,LAB_80026f64,game,TODO,,
0x80026ff0,LAB_80026ff0,game,TODO,,
0x80027048,FUN_80027048,unknown,TODO,,
0x800270f4,LAB_800270f4,game,TODO,,
0x80027130,LAB_80027130,game,TODO,,
0x8002715c,FUN_8002715c,unknown,TODO,,
0x8002724c,LAB_8002724c,game,TODO,,
0x80027264,LAB_80027264,game,TODO,,
0x8002737c,LAB_8002737c,game,TODO,,
0x8002746c,LAB_8002746c,game,TODO,,
0x80027470,LAB_80027470,game,TODO,,
0x80027484,LAB_80027484,game,TODO,,
0x800274a8,LAB_800274a8,game,TODO,,
0x800274d0,LAB_800274d0,game,TODO,,
0x80027588,FUN_80027588,unknown,TODO,,
0x80027660,LAB_80027660,game,TODO,,
0x80027674,LAB_80027674,game,TODO,,
0x80027698,LAB_80027698,game,TODO,,
0x800276c0,LAB_800276c0,game,TODO,,
0x800276e0,LAB_800276e0,game,TODO,,
0x80027708,LAB_80027708,game,TODO,,
0x80027728,LAB_80027728,game,TODO,,
0x80027750,LAB_80027750,game,TODO,,
0x80027770,LAB_80027770,game,TODO,,
0x80027798,LAB_80027798,game,TODO,,
0x800277a4,LAB_800277a4,game,TODO,,
0x800278ec,LAB_800278ec,game,TODO,,
0x80027960,LAB_80027960,game,TODO,,
0x80027990,LAB_80027990,game,TODO,,
0x80027aac,LAB_80027aac,game,TODO,,
0x80027d30,LAB_80027d30,game,TODO,,
0x80027d90,LAB_80027d90,game,TODO,,
0x80027e0c,LAB_80027e0c,game,TODO,,
0x80027e24,LAB_80027e24,game,TODO,,
0x80027e5c,LAB_80027e5c,game,TODO,,
0x80027ed8,LAB_80027ed8,game,TODO,,
0x80027f40,LAB_80027f40,game,TODO,,
0x80028030,FUN_80028030,unknown,TODO,,
0x80028058,LAB_80028058,game,TODO,,
0x80028084,LAB_80028084,game,TODO,,
0x800280a8,LAB_800280a8,game,TODO,,
0x800280fc,LAB_800280fc,game,TODO,,
0x8002810c,LAB_8002810c,game,TODO,,
0x80028114,FUN_80028114,unknown,TODO,,
0x8002813c,LAB_8002813c,game,TODO,,
0x80028168,LAB_80028168,game,TODO,,
0x8002818c,LAB_8002818c,game,TODO,,
0x800281e0,LAB_800281e0,game,TODO,,
0x800281f0,LAB_800281f0,game,TODO,,
0x800281f8,FUN_800281f8,unknown,TODO,,
0x80028260,LAB_80028260,game,TODO,,
0x80028264,LAB_80028264,game,TODO,,
0x800282c0,LAB_800282c0,game,TODO,,
0x800282c4,LAB_800282c4,game,TODO,,
0x800282e8,LAB_800282e8,game,TODO,,
0x80028b70,FUN_80028b70,unknown,TODO,,
0x80028c58,LAB_80028c58,game,TODO,,
0x80029310,LAB_80029310,game,TODO,,
0x80029478,LAB_80029478,game,TODO,,
0x800294e0,LAB_800294e0,game,TODO,,
0x80029510,LAB_80029510,game,TODO,,
0x80029550,FUN_80029550,unknown,TODO,,
0x80029580,LAB_80029580,game,TODO,,
0x80029588,FUN_80029588,unknown,TODO,,
0x800295b8,LAB_800295b8,game,TODO,,
0x80029660,FUN_80029660,unknown,TODO,,
0x800296b4,LAB_800296b4,game,TODO,,
0x800296b8,LAB_800296b8,game,TODO,,
0x80029700,LAB_80029700,game,TODO,,
0x80029704,LAB_80029704,game,TODO,,
0x80029728,LAB_80029728,game,TODO,,
0x80029f38,FUN_80029f38,unknown,TODO,,
0x8002a2a4,LAB_8002a2a4,game,TODO,,
0x8002a410,LAB_8002a410,game,TODO,,
0x8002a484,LAB_8002a484,game,TODO,,
0x8002a4b8,LAB_8002a4b8,game,TODO,,
0x8002a4e4,LAB_8002a4e4,game,TODO,,
0x8002a58c,FUN_8002a58c,unknown,TODO,,
0x8002a604,LAB_8002a604,game,TODO,,
0x8002a750,LAB_8002a750,game,TODO,,
0x8002a798,LAB_8002a798,game,TODO,,
0x8002a7bc,LAB_8002a7bc,game,TODO,,
0x8002a7d4,LAB_8002a7d4,game,TODO,,
0x8002a7f8,LAB_8002a7f8,game,TODO,,
0x8002a7fc,LAB_8002a7fc,game,TODO,,
0x8002a820,LAB_8002a820,game,TODO,,
0x8002a840,LAB_8002a840,game,TODO,,
0x8002a858,FUN_8002a858,unknown,TODO,,
0x8002a8d8,LAB_8002a8d8,game,TODO,,
0x8002a980,LAB_8002a980,game,TODO,,
0x8002a984,LAB_8002a984,game,TODO,,
0x8002a98c,LAB_8002a98c,game,TODO,,
0x8002a9c8,LAB_8002a9c8,game,TODO,,
0x8002aa70,LAB_8002aa70,game,TODO,,
0x8002aa9c,LAB_8002aa9c,game,TODO,,
0x8002ab94,LAB_8002ab94,game,TODO,,
0x8002ab98,LAB_8002ab98,game,TODO,,
0x8002abbc,LAB_8002abbc,game,TODO,,
0x8002abdc,LAB_8002abdc,game,TODO,,
0x8002abe4,LAB_8002abe4,game,TODO,,
0x8002ac14,LAB_8002ac14,game,TODO,,
0x8002acb0,LAB_8002acb0,game,TODO,,
0x8002acc8,LAB_8002acc8,game,TODO,,
0x8002acd8,LAB_8002acd8,game,TODO,,
0x8002ae2c,LAB_8002ae2c,game,TODO,,
0x8002ae9c,LAB_8002ae9c,game,TODO,,
0x8002aed4,FUN_8002aed4,unknown,TODO,,
0x8002aef4,LAB_8002aef4,game,TODO,,
0x8002aefc,FUN_8002aefc,unknown,TODO,,
0x8002af14,LAB_8002af14,game,TODO,,
0x8002b02c,FUN_8002b02c,unknown,TODO,,
0x8002b2a8,FUN_8002b2a8,unknown,TODO,,
0x8002b2ec,LAB_8002b2ec,game,TODO,,
0x8002b30c,LAB_8002b30c,game,TODO,,
0x8002b350,LAB_8002b350,game,TODO,,
0x8002b4cc,FUN_8002b4cc,unknown,TODO,,
0x8002b540,LAB_8002b540,game,TODO,,
0x8002b578,LAB_8002b578,game,TODO,,
0x8002b634,FUN_8002b634,unknown,TODO,,
0x8002b7f8,FUN_8002b7f8,unknown,TODO,,
0x8002b958,LAB_8002b958,game,TODO,,
0x8002b970,LAB_8002b970,game,TODO,,
0x8002b988,LAB_8002b988,game,TODO,,
0x8002b9a0,LAB_8002b9a0,game,TODO,,
0x8002b9b8,LAB_8002b9b8,game,TODO,,
0x8002b9c0,FUN_8002b9c0,unknown,TODO,,
0x8002b9dc,LAB_8002b9dc,game,TODO,,
0x8002b9f4,LAB_8002b9f4,game,TODO,,
0x8002ba0c,LAB_8002ba0c,game,TODO,,
0x8002ba24,LAB_8002ba24,game,TODO,,
0x8002ba3c,LAB_8002ba3c,game,TODO,,
0x8002ba44,FUN_8002ba44,unknown,TODO,,
0x8002ba7c,FUN_8002ba7c,unknown,TODO,,
0x8002bae0,FUN_8002bae0,unknown,TODO,,
0x8002bb28,FUN_8002bb28,unknown,TODO,,
0x8002bb54,LAB_8002bb54,game,TODO,,
0x8002bb70,LAB_8002bb70,game,TODO,,
0x8002bb84,LAB_8002bb84,game,TODO,,
0x8002bb98,FUN_8002bb98,unknown,TODO,,
0x8002bbc4,FUN_8002bbc4,unknown,TODO,,
0x8002bbec,FUN_8002bbec,unknown,TODO,,
0x8002bc08,LAB_8002bc08,game,TODO,,
0x8002bc18,FUN_8002bc18,unknown,TODO,,
0x8002bc58,LAB_8002bc58,game,TODO,,
0x8002bc78,LAB_8002bc78,game,TODO,,
0x8002bc9c,FUN_8002bc9c,unknown,TODO,,
0x8002bcd4,LAB_8002bcd4,game,TODO,,
0x8002bce0,LAB_8002bce0,game,TODO,,
0x8002bd10,LAB_8002bd10,game,TODO,,
0x8002bd18,LAB_8002bd18,game,TODO,,
0x8002bd40,LAB_8002bd40,game,TODO,,
0x8002be60,LAB_8002be60,game,TODO,,
0x8002bea4,LAB_8002bea4,game,TODO,,
0x8002bebc,FUN_8002bebc,unknown,TODO,,
0x8002bef4,LAB_8002bef4,game,TODO,,
0x8002bf14,LAB_8002bf14,game,TODO,,
0x8002bf38,FUN_8002bf38,unknown,TODO,,
0x8002bf6c,LAB_8002bf6c,game,TODO,,
0x8002bf78,LAB_8002bf78,game,TODO,,
0x8002bfa0,LAB_8002bfa0,game,TODO,,
0x8002bfa8,LAB_8002bfa8,game,TODO,,
0x8002bfd0,LAB_8002bfd0,game,TODO,,
0x8002c048,FUN_8002c048,unknown,TODO,,
0x8002c098,FUN_8002c098,unknown,TODO,,
0x8002c1d8,LAB_8002c1d8,game,TODO,,
0x8002c1e0,LAB_8002c1e0,game,TODO,,
0x8002c2b8,LAB_8002c2b8,game,TODO,,
0x8002c2ec,LAB_8002c2ec,game,TODO,,
0x8002c308,FUN_8002c308,unknown,TODO,,
0x8002c394,FUN_8002c394,unknown,TODO,,
0x8002c3c0,LAB_8002c3c0,game,TODO,,
0x8002c414,LAB_8002c414,game,TODO,,
0x8002c460,LAB_8002c460,game,TODO,,
0x8002c464,LAB_8002c464,game,TODO,,
0x8002c484,FUN_8002c484,unknown,TODO,,
0x8002c4d8,LAB_8002c4d8,game,TODO,,
0x8002c504,LAB_8002c504,game,TODO,,
0x8002c52c,LAB_8002c52c,game,TODO,,
0x8002c548,FUN_8002c548,unknown,TODO,,
0x8002c660,FUN_8002c660,unknown,TODO,,
0x8002c73c,LAB_8002c73c,game,TODO,,
0x8002c788,LAB_8002c788,game,TODO,,
0x8002c798,FUN_8002c798,unknown,TODO,,
0x8002c830,LAB_8002c830,game,TODO,,
0x8002c858,LAB_8002c858,game,TODO,,
0x8002c880,LAB_8002c880,game,TODO,,
0x8002c960,LAB_8002c960,game,TODO,,
0x8002c974,LAB_8002c974,game,TODO,,
0x8002c994,LAB_8002c994,game,TODO,,
0x8002c9bc,LAB_8002c9bc,game,TODO,,
0x8002ca14,LAB_8002ca14,game,TODO,,
0x8002ca1c,LAB_8002ca1c,game,TODO,,
0x8002ca3c,LAB_8002ca3c,game,TODO,,
0x8002ca44,LAB_8002ca44,game,TODO,,
0x8002ca90,LAB_8002ca90,game,TODO,,
0x8002cb50,LAB_8002cb50,game,TODO,,
0x8002cbb0,LAB_8002cbb0,game,TODO,,
0x8002cbb4,LAB_8002cbb4,game,TODO,,
0x8002cbcc,FUN_8002cbcc,unknown,TODO,,
0x8002ccac,FUN_8002ccac,unknown,TODO,,
0x8002d080,LAB_8002d080,game,TODO,,
0x8002d0bc,LAB_8002d0bc,game,TODO,,
0x8002d154,FUN_8002d154,unknown,TODO,,
0x8002d21c,LAB_8002d21c,game,TODO,,
0x8002d25c,LAB_8002d25c,game,TODO,,
0x8002d2f4,LAB_8002d2f4,game,TODO,,
0x8002d32c,LAB_8002d32c,game,TODO,,
0x8002d364,LAB_8002d364,game,TODO,,
0x8002d3d8,FUN_8002d3d8,unknown,TODO,,
0x8002d420,FUN_8002d420,unknown,TODO,,
0x8002d478,LAB_8002d478,game,TODO,,
0x8002d494,LAB_8002d494,game,TODO,,
0x8002d4a4,FUN_8002d4a4,unknown,TODO,,
0x8002d4c8,LAB_8002d4c8,game,TODO,,
0x8002d4d0,LAB_8002d4d0,game,TODO,,
0x8002d548,FUN_8002d548,unknown,TODO,,
0x8002d578,LAB_8002d578,game,TODO,,
0x8002d580,LAB_8002d580,game,TODO,,
0x8002d5c8,LAB_8002d5c8,game,TODO,,
0x8002d610,LAB_8002d610,game,TODO,,
0x8002d618,LAB_8002d618,game,TODO,,
0x8002d690,LAB_8002d690,game,TODO,,
0x8002d6d8,LAB_8002d6d8,game,TODO,,
0x8002d6fc,LAB_8002d6fc,game,TODO,,
0x8002d70c,LAB_8002d70c,game,TODO,,
0x8002d72c,LAB_8002d72c,game,TODO,,
0x8002d790,FUN_8002d790,unknown,TODO,,
0x8002d7d0,LAB_8002d7d0,game,TODO,,
0x8002d7fc,LAB_8002d7fc,game,TODO,,
0x8002d820,LAB_8002d820,game,TODO,,
0x8002d828,LAB_8002d828,game,TODO,,
0x8002d854,LAB_8002d854,game,TODO,,
0x8002d878,LAB_8002d878,game,TODO,,
0x8002d880,LAB_8002d880,game,TODO,,
0x8002d8f4,LAB_8002d8f4,game,TODO,,
0x8002d914,LAB_8002d914,game,TODO,,
0x8002d940,LAB_8002d940,game,TODO,,
0x8002d948,LAB_8002d948,game,TODO,,
0x8002d974,LAB_8002d974,game,TODO,,
0x8002d9ac,LAB_8002d9ac,game,TODO,,
0x8002d9bc,LAB_8002d9bc,game,TODO,,
0x8002d9ec,LAB_8002d9ec,game,TODO,,
0x8002da0c,LAB_8002da0c,game,TODO,,
0x8002da2c,LAB_8002da2c,game,TODO,,
0x8002da4c,LAB_8002da4c,game,TODO,,
0x8002da6c,LAB_8002da6c,game,TODO,,
0x8002da88,LAB_8002da88,game,TODO,,
0x8002daac,LAB_8002daac,game,TODO,,
0x8002dad4,LAB_8002dad4,game,TODO,,
0x8002dadc,LAB_8002dadc,game,TODO,,
0x8002dafc,LAB_8002dafc,game,TODO,,
0x8002db30,LAB_8002db30,game,TODO,,
0x8002db54,LAB_8002db54,game,TODO,,
0x8002db5c,LAB_8002db5c,game,TODO,,
0x8002db90,LAB_8002db90,game,TODO,,
0x8002db9c,LAB_8002db9c,game,TODO,,
0x8002dbac,LAB_8002dbac,game,TODO,,
0x8002dbc4,LAB_8002dbc4,game,TODO,,
0x8002dbcc,LAB_8002dbcc,game,TODO,,
0x8002dbe0,FUN_8002dbe0,unknown,TODO,,
0x8002dc6c,LAB_8002dc6c,game,TODO,,
0x8002dccc,LAB_8002dccc,game,TODO,,
0x8002dce0,FUN_8002dce0,unknown,TODO,,
0x8002dd0c,LAB_8002dd0c,game,TODO,,
0x8002dd20,LAB_8002dd20,game,TODO,,
0x8002dd54,LAB_8002dd54,game,TODO,,
0x8002dd68,LAB_8002dd68,game,TODO,,
0x8002dd88,FUN_8002dd88,unknown,TODO,,
0x8002ddb0,FUN_8002ddb0,unknown,TODO,,
0x8002de3c,LAB_8002de3c,game,TODO,,
0x8002de50,LAB_8002de50,game,TODO,,
0x8002de70,FUN_8002de70,unknown,TODO,,
0x8002deb0,FUN_8002deb0,unknown,TODO,,
0x8002dec4,LAB_8002dec4,game,TODO,,
0x8002dee4,LAB_8002dee4,game,TODO,,
0x8002deec,FUN_8002deec,unknown,TODO,,
0x8002df04,LAB_8002df04,game,TODO,,
0x8002dfc4,FUN_8002dfc4,unknown,TODO,,
0x8002dfcc,FUN_8002dfcc,unknown,TODO,,
0x8002e034,LAB_8002e034,game,TODO,,
0x8002e064,LAB_8002e064,game,TODO,,
0x8002e078,LAB_8002e078,game,TODO,,
0x8002e090,LAB_8002e090,game,TODO,,
0x8002e0a8,LAB_8002e0a8,game,TODO,,
0x8002e0c0,LAB_8002e0c0,game,TODO,,
0x8002e0d8,LAB_8002e0d8,game,TODO,,
0x8002e0f0,LAB_8002e0f0,game,TODO,,
0x8002e154,LAB_8002e154,game,TODO,,
0x8002e158,LAB_8002e158,game,TODO,,
0x8002e168,LAB_8002e168,game,TODO,,
0x8002e244,LAB_8002e244,game,TODO,,
0x8002e248,LAB_8002e248,game,TODO,,
0x8002e25c,LAB_8002e25c,game,TODO,,
0x8002e354,LAB_8002e354,game,TODO,,
0x8002e35c,LAB_8002e35c,game,TODO,,
0x8002e36c,LAB_8002e36c,game,TODO,,
0x8002e3e8,LAB_8002e3e8,game,TODO,,
0x8002e3f0,LAB_8002e3f0,game,TODO,,
0x8002e404,LAB_8002e404,game,TODO,,
0x8002e450,LAB_8002e450,game,TODO,,
0x8002e458,LAB_8002e458,game,TODO,,
0x8002e46c,LAB_8002e46c,game,TODO,,
0x8002e4ac,LAB_8002e4ac,game,TODO,,
0x8002e4b0,LAB_8002e4b0,game,TODO,,
0x8002e4b4,LAB_8002e4b4,game,TODO,,
0x8002e4d0,LAB_8002e4d0,game,TODO,,
0x8002e50c,LAB_8002e50c,game,TODO,,
0x8002e538,FUN_8002e538,unknown,TODO,,
0x8002e570,LAB_8002e570,game,TODO,,
0x8002e59c,LAB_8002e59c,game,TODO,,
0x8002e5c0,LAB_8002e5c0,game,TODO,,
0x8002e5f0,LAB_8002e5f0,game,TODO,,
0x8002e618,LAB_8002e618,game,TODO,,
0x8002e640,LAB_8002e640,game,TODO,,
0x8002e668,LAB_8002e668,game,TODO,,
0x8002e68c,LAB_8002e68c,game,TODO,,
0x8002e6f0,LAB_8002e6f0,game,TODO,,
0x8002e6f4,LAB_8002e6f4,game,TODO,,
0x8002e708,LAB_8002e708,game,TODO,,
0x8002e70c,LAB_8002e70c,game,TODO,,
0x8002e7d4,LAB_8002e7d4,game,TODO,,
0x8002e7d8,LAB_8002e7d8,game,TODO,,
0x8002e7ec,LAB_8002e7ec,game,TODO,,
0x8002e8d8,LAB_8002e8d8,game,TODO,,
0x8002e8e0,LAB_8002e8e0,game,TODO,,
0x8002e8f4,LAB_8002e8f4,game,TODO,,
0x8002e8f8,LAB_8002e8f8,game,TODO,,
0x8002e98c,LAB_8002e98c,game,TODO,,
0x8002e990,LAB_8002e990,game,TODO,,
0x8002e9a4,LAB_8002e9a4,game,TODO,,
0x8002ea00,LAB_8002ea00,game,TODO,,
0x8002ea08,LAB_8002ea08,game,TODO,,
0x8002ea1c,LAB_8002ea1c,game,TODO,,
0x8002ea6c,LAB_8002ea6c,game,TODO,,
0x8002ea70,LAB_8002ea70,game,TODO,,
0x8002ea9c,LAB_8002ea9c,game,TODO,,
0x8002eac8,FUN_8002eac8,unknown,TODO,,
0x8002eb34,LAB_8002eb34,game,TODO,,
0x8002eb50,LAB_8002eb50,game,TODO,,
0x8002eb90,LAB_8002eb90,game,TODO,,
0x8002ebac,LAB_8002ebac,game,TODO,,
0x8002ebec,LAB_8002ebec,game,TODO,,
0x8002ebfc,LAB_8002ebfc,game,TODO,,
0x8002ec30,FUN_8002ec30,unknown,TODO,,
0x8002ecb0,LAB_8002ecb0,game,TODO,,
0x8002ecf8,LAB_8002ecf8,game,TODO,,
0x8002ed30,LAB_8002ed30,game,TODO,,
0x8002ed58,FUN_8002ed58,unknown,TODO,,
0x8002ed7c,LAB_8002ed7c,game,TODO,,
0x8002ed9c,LAB_8002ed9c,game,TODO,,
0x8002edb8,LAB_8002edb8,game,TODO,,
0x8002edc8,LAB_8002edc8,game,TODO,,
0x8002ee00,LAB_8002ee00,game,TODO,,
0x8002ee04,LAB_8002ee04,game,TODO,,
0x8002ee5c,LAB_8002ee5c,game,TODO,,
0x8002ee60,LAB_8002ee60,game,TODO,,
0x8002ee74,LAB_8002ee74,game,TODO,,
0x8002ee78,LAB_8002ee78,game,TODO,,
0x8002efdc,FUN_8002efdc,unknown,TODO,,
0x8002f03c,LAB_8002f03c,game,TODO,,
0x8002f058,LAB_8002f058,game,TODO,,
0x8002f070,LAB_8002f070,game,TODO,,
0x8002f090,LAB_8002f090,game,TODO,,
0x8002f0a8,LAB_8002f0a8,game,TODO,,
0x8002f10c,LAB_8002f10c,game,TODO,,
0x8002f154,LAB_8002f154,game,TODO,,
0x8002f160,LAB_8002f160,game,TODO,,
0x8002f16c,LAB_8002f16c,game,TODO,,
0x8002f180,LAB_8002f180,game,TODO,,
0x8002f1a0,LAB_8002f1a0,game,TODO,,
0x8002f1b8,LAB_8002f1b8,game,TODO,,
0x8002f1c4,LAB_8002f1c4,game,TODO,,
0x8002f1d8,LAB_8002f1d8,game,TODO,,
0x8002f1f0,LAB_8002f1f0,game,TODO,,
0x8002f1fc,LAB_8002f1fc,game,TODO,,
0x8002f20c,LAB_8002f20c,game,TODO,,
0x8002f228,LAB_8002f228,game,TODO,,
0x8002f240,LAB_8002f240,game,TODO,,
0x8002f24c,LAB_8002f24c,game,TODO,,
0x8002f260,LAB_8002f260,game,TODO,,
0x8002f278,LAB_8002f278,game,TODO,,
0x8002f284,LAB_8002f284,game,TODO,,
0x8002f294,LAB_8002f294,game,TODO,,
0x8002f2a0,LAB_8002f2a0,game,TODO,,
0x8002f2ac,LAB_8002f2ac,game,TODO,,
0x8002f308,LAB_8002f308,game,TODO,,
0x8002f314,LAB_8002f314,game,TODO,,
0x8002f320,LAB_8002f320,game,TODO,,
0x8002f334,LAB_8002f334,game,TODO,,
0x8002f354,LAB_8002f354,game,TODO,,
0x8002f36c,LAB_8002f36c,game,TODO,,
0x8002f378,LAB_8002f378,game,TODO,,
0x8002f38c,LAB_8002f38c,game,TODO,,
0x8002f3a4,LAB_8002f3a4,game,TODO,,
0x8002f3b0,LAB_8002f3b0,game,TODO,,
0x8002f3c0,LAB_8002f3c0,game,TODO,,
0x8002f3dc,LAB_8002f3dc,game,TODO,,
0x8002f3f4,LAB_8002f3f4,game,TODO,,
0x8002f400,LAB_8002f400,game,TODO,,
0x8002f414,LAB_8002f414,game,TODO,,
0x8002f42c,LAB_8002f42c,game,TODO,,
0x8002f438,LAB_8002f438,game,TODO,,
0x8002f448,LAB_8002f448,game,TODO,,
0x8002f454,LAB_8002f454,game,TODO,,
0x8002f460,LAB_8002f460,game,TODO,,
0x8002f480,LAB_8002f480,game,TODO,,
0x8002f494,LAB_8002f494,game,TODO,,
0x8002f49c,LAB_8002f49c,game,TODO,,
0x8002f4b0,LAB_8002f4b0,game,TODO,,
0x8002f4fc,LAB_8002f4fc,game,TODO,,
0x8002f510,LAB_8002f510,game,TODO,,
0x8002fa2c,FUN_8002fa2c,unknown,TODO,,
0x8002fa60,LAB_8002fa60,game,TODO,,
0x8002fab4,FUN_8002fab4,unknown,TODO,,
0x8002fb84,LAB_8002fb84,game,TODO,,
0x8002fbb4,LAB_8002fbb4,game,TODO,,
0x8002fbc4,LAB_8002fbc4,game,TODO,,
0x8002fbec,LAB_8002fbec,game,TODO,,
0x8002fbfc,LAB_8002fbfc,game,TODO,,
0x8002fcd8,FUN_8002fcd8,unknown,TODO,,
0x8002fe04,LAB_8002fe04,game,TODO,,
0x8002fe24,LAB_8002fe24,game,TODO,,
0x8002fe34,FUN_8002fe34,unknown,TODO,,
0x8002fe74,LAB_8002fe74,game,TODO,,
0x8002fea4,LAB_8002fea4,game,TODO,,
0x8002fea8,LAB_8002fea8,game,TODO,,
0x8002feac,LAB_8002feac,game,TODO,,
0x8002fed0,LAB_8002fed0,game,TODO,,
0x8002fee4,LAB_8002fee4,game,TODO,,
0x8002fee8,LAB_8002fee8,game,TODO,,
0x8002fef0,FUN_8002fef0,unknown,TODO,,
0x8002ff80,LAB_8002ff80,game,TODO,,
0x8002ff9c,LAB_8002ff9c,game,TODO,,
0x8002ffa0,LAB_8002ffa0,game,TODO,,
0x8002fff0,LAB_8002fff0,game,TODO,,
0x80030014,FUN_80030014,unknown,TODO,,
0x80030038,LAB_80030038,game,TODO,,
0x80030068,LAB_80030068,game,TODO,,
0x800300b0,LAB_800300b0,game,TODO,,
0x800300f4,FUN_800300f4,unknown,TODO,,
0x800300fc,FUN_800300fc,unknown,TODO,,
0x8003013c,LAB_8003013c,game,TODO,,
0x80030170,LAB_80030170,game,TODO,,
0x80030178,LAB_80030178,game,TODO,,
0x800301bc,LAB_800301bc,game,TODO,,
0x8003035c,LAB_8003035c,game,TODO,,
0x800303a0,LAB_800303a0,game,TODO,,
0x80030534,LAB_80030534,game,TODO,,
0x80030544,LAB_80030544,game,TODO,,
0x80030558,LAB_80030558,game,TODO,,
0x8003056c,LAB_8003056c,game,TODO,,
0x80030580,LAB_80030580,game,TODO,,
0x8003058c,LAB_8003058c,game,TODO,,
0x800305a4,LAB_800305a4,game,TODO,,
0x800305cc,LAB_800305cc,game,TODO,,
0x80030608,LAB_80030608,game,TODO,,
0x80030638,LAB_80030638,game,TODO,,
0x80030670,LAB_80030670,game,TODO,,
0x8003068c,LAB_8003068c,game,TODO,,
0x8003069c,LAB_8003069c,game,TODO,,
0x800306c0,LAB_800306c0,game,TODO,,
0x80030720,LAB_80030720,game,TODO,,
0x80030ff4,LAB_80030ff4,game,TODO,,
0x80031020,LAB_80031020,game,TODO,,
0x80031058,LAB_80031058,game,TODO,,
0x80031068,LAB_80031068,game,TODO,,
0x800310cc,LAB_800310cc,game,TODO,,
0x800310d4,LAB_800310d4,game,TODO,,
0x80031110,LAB_80031110,game,TODO,,
0x80031124,LAB_80031124,game,TODO,,
0x80031138,LAB_80031138,game,TODO,,
0x80031144,LAB_80031144,game,TODO,,
0x8003114c,LAB_8003114c,game,TODO,,
0x80031188,LAB_80031188,game,TODO,,
0x800311d8,LAB_800311d8,game,TODO,,
0x80031210,LAB_80031210,game,TODO,,
0x80031214,LAB_80031214,game,TODO,,
0x80031230,LAB_80031230,game,TODO,,
0x8003124c,LAB_8003124c,game,TODO,,
0x80031284,LAB_80031284,game,TODO,,
0x80031298,LAB_80031298,game,TODO,,
0x800312ac,LAB_800312ac,game,TODO,,
0x800312c4,FUN_800312c4,unknown,TODO,,
0x800312f0,LAB_800312f0,game,TODO,,
0x8003132c,LAB_8003132c,game,TODO,,
0x80031338,LAB_80031338,game,TODO,,
0x80031348,LAB_80031348,game,TODO,,
0x80031368,LAB_80031368,game,TODO,,
0x80031370,LAB_80031370,game,TODO,,
0x80031390,LAB_80031390,game,TODO,,
0x800313d4,LAB_800313d4,game,TODO,,
0x800313e0,LAB_800313e0,game,TODO,,
0x80031448,FUN_80031448,unknown,TODO,,
0x80031474,LAB_80031474,game,TODO,,
0x8003148c,LAB_8003148c,game,TODO,,
0x80031520,LAB_80031520,game,TODO,,
0x80031538,LAB_80031538,game,TODO,,
0x80031588,FUN_80031588,unknown,TODO,,
0x800315d8,FUN_800315d8,unknown,TODO,,
0x8003162c,LAB_8003162c,game,TODO,,
0x8003163c,FUN_8003163c,unknown,TODO,,
0x800316c8,LAB_800316c8,game,TODO,,
0x800316cc,LAB_800316cc,game,TODO,,
0x80031708,FUN_80031708,unknown,TODO,,
0x80031740,LAB_80031740,game,TODO,,
0x800317a0,LAB_800317a0,game,TODO,,
0x800317b8,LAB_800317b8,game,TODO,,
0x800317d0,LAB_800317d0,game,TODO,,
0x800317ec,LAB_800317ec,game,TODO,,
0x800318a0,LAB_800318a0,game,TODO,,
0x800318f0,LAB_800318f0,game,TODO,,
0x8003191c,LAB_8003191c,game,TODO,,
0x80031938,LAB_80031938,game,TODO,,
0x80031950,LAB_80031950,game,TODO,,
0x80031968,FUN_80031968,unknown,TODO,,
0x80031984,LAB_80031984,game,TODO,,
0x800319d0,LAB_800319d0,game,TODO,,
0x80031a00,LAB_80031a00,game,TODO,,
0x80031a60,LAB_80031a60,game,TODO,,
0x80031a84,LAB_80031a84,game,TODO,,
0x80031a94,LAB_80031a94,game,TODO,,
0x80031abc,LAB_80031abc,game,TODO,,
0x80031ae0,LAB_80031ae0,game,TODO,,
0x80031af8,LAB_80031af8,game,TODO,,
0x80031b00,LAB_80031b00,game,TODO,,
0x80031b28,LAB_80031b28,game,TODO,,
0x80031b54,LAB_80031b54,game,TODO,,
0x80031b60,LAB_80031b60,game,TODO,,
0x80031b94,LAB_80031b94,game,TODO,,
0x80031bc8,LAB_80031bc8,game,TODO,,
0x80031bf0,LAB_80031bf0,game,TODO,,
0x80031c08,LAB_80031c08,game,TODO,,
0x80031c10,FUN_80031c10,unknown,TODO,,
0x80031c40,LAB_80031c40,game,TODO,,
0x80031c58,LAB_80031c58,game,TODO,,
0x80031c60,LAB_80031c60,game,TODO,,
0x80031c74,LAB_80031c74,game,TODO,,
0x80031c78,LAB_80031c78,game,TODO,,
0x80031cc4,LAB_80031cc4,game,TODO,,
0x80031cd0,LAB_80031cd0,game,TODO,,
0x80031ce4,LAB_80031ce4,game,TODO,,
0x80031d08,LAB_80031d08,game,TODO,,
0x80031d20,LAB_80031d20,game,TODO,,
0x80031d2c,LAB_80031d2c,game,TODO,,
0x80031d40,LAB_80031d40,game,TODO,,
0x80031d58,LAB_80031d58,game,TODO,,
0x80031d60,LAB_80031d60,game,TODO,,
0x80031d78,LAB_80031d78,game,TODO,,
0x80031d94,LAB_80031d94,game,TODO,,
0x80031dac,LAB_80031dac,game,TODO,,
0x80031db8,LAB_80031db8,game,TODO,,
0x80031dcc,LAB_80031dcc,game,TODO,,
0x80031de4,LAB_80031de4,game,TODO,,
0x80031dec,LAB_80031dec,game,TODO,,
0x80031e04,LAB_80031e04,game,TODO,,
0x80031e10,LAB_80031e10,game,TODO,,
0x80031e1c,LAB_80031e1c,game,TODO,,
0x80031e20,LAB_80031e20,game,TODO,,
0x80031e50,LAB_80031e50,game,TODO,,
0x80031e54,LAB_80031e54,game,TODO,,
0x80031e6c,LAB_80031e6c,game,TODO,,
0x80031e70,LAB_80031e70,game,TODO,,
0x80031ea0,FUN_80031ea0,unknown,TODO,,
0x80031ec8,LAB_80031ec8,game,TODO,,
0x80031eec,LAB_80031eec,game,TODO,,
0x80031ef0,LAB_80031ef0,game,TODO,,
0x80031f2c,LAB_80031f2c,game,TODO,,
0x80031f30,LAB_80031f30,game,TODO,,
0x80031f48,LAB_80031f48,game,TODO,,
0x80031f4c,LAB_80031f4c,game,TODO,,
0x80031fa8,LAB_80031fa8,game,TODO,,
0x80031fd0,LAB_80031fd0,game,TODO,,
0x80032014,FUN_80032014,unknown,TODO,,
0x80032044,LAB_80032044,game,TODO,,
0x80032068,LAB_80032068,game,TODO,,
0x8003206c,LAB_8003206c,game,TODO,,
0x800320b8,LAB_800320b8,game,TODO,,
0x800320bc,LAB_800320bc,game,TODO,,
0x800320d4,LAB_800320d4,game,TODO,,
0x800320d8,LAB_800320d8,game,TODO,,
0x8003216c,LAB_8003216c,game,TODO,,
0x80032194,LAB_80032194,game,TODO,,
0x800321e4,LAB_800321e4,game,TODO,,
0x8003228c,LAB_8003228c,game,TODO,,
0x80032290,LAB_80032290,game,TODO,,
0x800322a4,LAB_800322a4,game,TODO,,
0x800322a8,LAB_800322a8,game,TODO,,
0x80032310,LAB_80032310,game,TODO,,
0x80032384,LAB_80032384,game,TODO,,
0x80032388,LAB_80032388,game,TODO,,
0x8003239c,LAB_8003239c,game,TODO,,
0x800323a0,LAB_800323a0,game,TODO,,
0x80032420,LAB_80032420,game,TODO,,
0x8003242c,LAB_8003242c,game,TODO,,
0x80032470,LAB_80032470,game,TODO,,
0x80032484,LAB_80032484,game,TODO,,
0x800324c4,LAB_800324c4,game,TODO,,
0x800324d0,LAB_800324d0,game,TODO,,
0x80032520,LAB_80032520,game,TODO,,
0x80032528,LAB_80032528,game,TODO,,
0x80032560,LAB_80032560,game,TODO,,
0x8003256c,LAB_8003256c,game,TODO,,
0x800325b0,LAB_800325b0,game,TODO,,
0x800325dc,LAB_800325dc,game,TODO,,
0x800325ec,LAB_800325ec,game,TODO,,
0x80032604,LAB_80032604,game,TODO,,
0x80032634,LAB_80032634,game,TODO,,
0x80032644,LAB_80032644,game,TODO,,
0x80032674,LAB_80032674,game,TODO,,
0x8003268c,LAB_8003268c,game,TODO,,
0x800326d0,LAB_800326d0,game,TODO,,
0x800326e8,LAB_800326e8,game,TODO,,
0x8003272c,LAB_8003272c,game,TODO,,
0x80032744,LAB_80032744,game,TODO,,
0x80032774,LAB_80032774,game,TODO,,
0x800327b4,LAB_800327b4,game,TODO,,
0x800327c0,LAB_800327c0,game,TODO,,
0x80032810,LAB_80032810,game,TODO,,
0x80032818,LAB_80032818,game,TODO,,
0x80032850,LAB_80032850,game,TODO,,
0x8003285c,LAB_8003285c,game,TODO,,
0x800328a0,LAB_800328a0,game,TODO,,
0x800328cc,LAB_800328cc,game,TODO,,
0x800328dc,LAB_800328dc,game,TODO,,
0x800328f4,LAB_800328f4,game,TODO,,
0x80032924,LAB_80032924,game,TODO,,
0x80032934,LAB_80032934,game,TODO,,
0x80032964,LAB_80032964,game,TODO,,
0x8003297c,LAB_8003297c,game,TODO,,
0x800329c0,LAB_800329c0,game,TODO,,
0x800329d8,LAB_800329d8,game,TODO,,
0x80032a1c,LAB_80032a1c,game,TODO,,
0x80032a34,LAB_80032a34,game,TODO,,
0x80032a64,LAB_80032a64,game,TODO,,
0x80032aa0,LAB_80032aa0,game,TODO,,
0x80032ab0,LAB_80032ab0,game,TODO,,
0x80032ae0,LAB_80032ae0,game,TODO,,
0x80032af8,LAB_80032af8,game,TODO,,
0x80032b3c,LAB_80032b3c,game,TODO,,
0x80032b54,LAB_80032b54,game,TODO,,
0x80032b98,LAB_80032b98,game,TODO,,
0x80032bb0,LAB_80032bb0,game,TODO,,
0x80032c10,LAB_80032c10,game,TODO,,
0x80032c14,LAB_80032c14,game,TODO,,
0x80032ca8,LAB_80032ca8,game,TODO,,
0x80032cdc,LAB_80032cdc,game,TODO,,
0x80032cec,LAB_80032cec,game,TODO,,
0x80032d1c,LAB_80032d1c,game,TODO,,
0x80032d34,LAB_80032d34,game,TODO,,
0x80032d78,LAB_80032d78,game,TODO,,
0x80032d90,LAB_80032d90,game,TODO,,
0x80032dd4,LAB_80032dd4,game,TODO,,
0x80032dec,LAB_80032dec,game,TODO,,
0x80032e3c,LAB_80032e3c,game,TODO,,
0x80032e40,LAB_80032e40,game,TODO,,
0x80032e54,LAB_80032e54,game,TODO,,
0x80032e58,LAB_80032e58,game,TODO,,
0x80032ea8,LAB_80032ea8,game,TODO,,
0x80032eac,LAB_80032eac,game,TODO,,
0x80032ebc,LAB_80032ebc,game,TODO,,
0x80032ed0,LAB_80032ed0,game,TODO,,
0x80032ee0,LAB_80032ee0,game,TODO,,
0x80032eec,LAB_80032eec,game,TODO,,
0x80032ef0,LAB_80032ef0,game,TODO,,
0x80032f24,LAB_80032f24,game,TODO,,
0x80032f2c,LAB_80032f2c,game,TODO,,
0x80032f40,LAB_80032f40,game,TODO,,
0x80032f4c,LAB_80032f4c,game,TODO,,
0x80032f50,LAB_80032f50,game,TODO,,
0x80032f6c,LAB_80032f6c,game,TODO,,
0x80032f78,LAB_80032f78,game,TODO,,
0x80032f98,LAB_80032f98,game,TODO,,
0x80032fd0,LAB_80032fd0,game,TODO,,
0x80032fd4,LAB_80032fd4,game,TODO,,
0x80032fe8,LAB_80032fe8,game,TODO,,
0x80032fec,LAB_80032fec,game,TODO,,
0x8003305c,LAB_8003305c,game,TODO,,
0x80033094,LAB_80033094,game,TODO,,
0x80033114,LAB_80033114,game,TODO,,
0x80033120,LAB_80033120,game,TODO,,
0x80033134,LAB_80033134,game,TODO,,
0x80033158,LAB_80033158,game,TODO,,
0x80033170,LAB_80033170,game,TODO,,
0x8003317c,LAB_8003317c,game,TODO,,
0x80033190,LAB_80033190,game,TODO,,
0x800331a8,LAB_800331a8,game,TODO,,
0x800331b0,LAB_800331b0,game,TODO,,
0x800331c8,LAB_800331c8,game,TODO,,
0x800331e4,LAB_800331e4,game,TODO,,
0x800331fc,LAB_800331fc,game,TODO,,
0x80033208,LAB_80033208,game,TODO,,
0x8003321c,LAB_8003321c,game,TODO,,
0x80033234,LAB_80033234,game,TODO,,
0x8003323c,LAB_8003323c,game,TODO,,
0x80033254,LAB_80033254,game,TODO,,
0x80033260,LAB_80033260,game,TODO,,
0x8003326c,LAB_8003326c,game,TODO,,
0x80033270,LAB_80033270,game,TODO,,
0x800332a0,LAB_800332a0,game,TODO,,
0x800332a4,LAB_800332a4,game,TODO,,
0x800332b8,LAB_800332b8,game,TODO,,
0x800332bc,LAB_800332bc,game,TODO,,
0x800332dc,LAB_800332dc,game,TODO,,
0x800332e0,LAB_800332e0,game,TODO,,
0x80033320,LAB_80033320,game,TODO,,
0x8003332c,LAB_8003332c,game,TODO,,
0x80033340,LAB_80033340,game,TODO,,
0x80033364,LAB_80033364,game,TODO,,
0x8003337c,LAB_8003337c,game,TODO,,
0x80033388,LAB_80033388,game,TODO,,
0x8003339c,LAB_8003339c,game,TODO,,
0x800333b4,LAB_800333b4,game,TODO,,
0x800333bc,LAB_800333bc,game,TODO,,
0x800333d4,LAB_800333d4,game,TODO,,
0x800333f0,LAB_800333f0,game,TODO,,
0x80033408,LAB_80033408,game,TODO,,
0x80033414,LAB_80033414,game,TODO,,
0x80033428,LAB_80033428,game,TODO,,
0x80033440,LAB_80033440,game,TODO,,
0x80033448,LAB_80033448,game,TODO,,
0x80033460,LAB_80033460,game,TODO,,
0x8003346c,LAB_8003346c,game,TODO,,
0x80033478,LAB_80033478,game,TODO,,
0x8003347c,LAB_8003347c,game,TODO,,
0x800334ac,LAB_800334ac,game,TODO,,
0x800334b0,LAB_800334b0,game,TODO,,
0x800334c4,LAB_800334c4,game,TODO,,
0x800334c8,LAB_800334c8,game,TODO,,
0x80033538,LAB_80033538,game,TODO,,
0x800335f0,LAB_800335f0,game,TODO,,
0x8003360c,LAB_8003360c,game,TODO,,
0x80033610,LAB_80033610,game,TODO,,
0x80033658,LAB_80033658,game,TODO,,
0x8003365c,LAB_8003365c,game,TODO,,
0x80033670,LAB_80033670,game,TODO,,
0x80033674,LAB_80033674,game,TODO,,
0x80033710,LAB_80033710,game,TODO,,
0x800337c8,LAB_800337c8,game,TODO,,
0x800337e4,LAB_800337e4,game,TODO,,
0x800337e8,LAB_800337e8,game,TODO,,
0x80033830,LAB_80033830,game,TODO,,
0x80033834,LAB_80033834,game,TODO,,
0x80033848,LAB_80033848,game,TODO,,
0x8003384c,LAB_8003384c,game,TODO,,
0x800338e8,LAB_800338e8,game,TODO,,
0x800339b4,LAB_800339b4,game,TODO,,
0x800339bc,LAB_800339bc,game,TODO,,
0x80033a18,LAB_80033a18,game,TODO,,
0x80033a74,LAB_80033a74,game,TODO,,
0x80033aa4,LAB_80033aa4,game,TODO,,
0x80033b04,LAB_80033b04,game,TODO,,
0x80033b34,LAB_80033b34,game,TODO,,
0x80033c10,LAB_80033c10,game,TODO,,
0x80033c98,LAB_80033c98,game,TODO,,
0x80033d50,LAB_80033d50,game,TODO,,
0x80033d54,LAB_80033d54,game,TODO,,
0x80033d78,LAB_80033d78,game,TODO,,
0x80033e38,LAB_80033e38,game,TODO,,
0x80033ea8,LAB_80033ea8,game,TODO,,
0x80033eac,LAB_80033eac,game,TODO,,
0x80033ec4,LAB_80033ec4,game,TODO,,
0x80033ed4,LAB_80033ed4,game,TODO,,
0x80033eec,LAB_80033eec,game,TODO,,
0x80033ef4,LAB_80033ef4,game,TODO,,
0x80033f4c,LAB_80033f4c,game,TODO,,
0x80033ff4,LAB_80033ff4,game,TODO,,
0x8003408c,LAB_8003408c,game,TODO,,
0x800340a8,LAB_800340a8,game,TODO,,
0x800340ac,LAB_800340ac,game,TODO,,
0x800340b4,LAB_800340b4,game,TODO,,
0x800340bc,LAB_800340bc,game,TODO,,
0x800340f8,LAB_800340f8,game,TODO,,
0x80034110,LAB_80034110,game,TODO,,
0x8003418c,LAB_8003418c,game,TODO,,
0x800341c0,LAB_800341c0,game,TODO,,
0x800341dc,LAB_800341dc,game,TODO,,
0x800341f4,LAB_800341f4,game,TODO,,
0x80034234,LAB_80034234,game,TODO,,
0x8003424c,LAB_8003424c,game,TODO,,
0x800342c8,LAB_800342c8,game,TODO,,
0x800342fc,LAB_800342fc,game,TODO,,
0x80034318,LAB_80034318,game,TODO,,
0x80034330,FUN_80034330,unknown,TODO,,
0x800343cc,LAB_800343cc,game,TODO,,
0x8003445c,LAB_8003445c,game,TODO,,
0x80034494,LAB_80034494,game,TODO,,
0x800344b0,LAB_800344b0,game,TODO,,
0x800344c0,LAB_800344c0,game,TODO,,
0x80034550,LAB_80034550,game,TODO,,
0x80034588,LAB_80034588,game,TODO,,
0x800345a4,LAB_800345a4,game,TODO,,
0x800345b4,LAB_800345b4,game,TODO,,
0x80034608,FUN_80034608,unknown,TODO,,
0x80034664,LAB_80034664,game,TODO,,
0x8003467c,LAB_8003467c,game,TODO,,
0x80034694,LAB_80034694,game,TODO,,
0x800346b0,LAB_800346b0,game,TODO,,
0x800346c8,LAB_800346c8,game,TODO,,
0x8003472c,LAB_8003472c,game,TODO,,
0x80034760,LAB_80034760,game,TODO,,
0x80034768,LAB_80034768,game,TODO,,
0x80034780,LAB_80034780,game,TODO,,
0x800347b8,LAB_800347b8,game,TODO,,
0x800347bc,LAB_800347bc,game,TODO,,
0x800347cc,LAB_800347cc,game,TODO,,
0x80034864,LAB_80034864,game,TODO,,
0x8003486c,LAB_8003486c,game,TODO,,
0x8003487c,LAB_8003487c,game,TODO,,
0x8003488c,LAB_8003488c,game,TODO,,
0x80034894,LAB_80034894,game,TODO,,
0x800348bc,FUN_800348bc,unknown,TODO,,
0x800348cc,LAB_800348cc,game,TODO,,
0x80034960,FUN_80034960,unknown,TODO,,
0x800349a4,LAB_800349a4,game,TODO,,
0x800349b0,LAB_800349b0,game,TODO,,
0x800349c4,LAB_800349c4,game,TODO,,
0x800349e8,LAB_800349e8,game,TODO,,
0x80034a00,LAB_80034a00,game,TODO,,
0x80034a0c,LAB_80034a0c,game,TODO,,
0x80034a20,LAB_80034a20,game,TODO,,
0x80034a38,LAB_80034a38,game,TODO,,
0x80034a40,LAB_80034a40,game,TODO,,
0x80034a58,LAB_80034a58,game,TODO,,
0x80034a74,LAB_80034a74,game,TODO,,
0x80034a8c,LAB_80034a8c,game,TODO,,
0x80034a98,LAB_80034a98,game,TODO,,
0x80034aac,LAB_80034aac,game,TODO,,
0x80034ac4,LAB_80034ac4,game,TODO,,
0x80034acc,LAB_80034acc,game,TODO,,
0x80034ae4,LAB_80034ae4,game,TODO,,
0x80034af0,LAB_80034af0,game,TODO,,
0x80034afc,LAB_80034afc,game,TODO,,
0x80034b00,LAB_80034b00,game,TODO,,
0x80034b34,LAB_80034b34,game,TODO,,
0x80034b38,LAB_80034b38,game,TODO,,
0x80034b4c,LAB_80034b4c,game,TODO,,
0x80034b50,LAB_80034b50,game,TODO,,
0x80034c20,LAB_80034c20,game,TODO,,
0x80034c44,LAB_80034c44,game,TODO,,
0x80034c5c,LAB_80034c5c,game,TODO,,
0x80034c78,LAB_80034c78,game,TODO,,
0x80034c90,LAB_80034c90,game,TODO,,
0x80034d20,LAB_80034d20,game,TODO,,
0x80034d28,LAB_80034d28,game,TODO,,
0x80034d3c,LAB_80034d3c,game,TODO,,
0x80034d40,LAB_80034d40,game,TODO,,
0x80034e60,LAB_80034e60,game,TODO,,
0x80034e7c,FUN_80034e7c,unknown,TODO,,
0x80034ed4,LAB_80034ed4,game,TODO,,
0x80034ef0,LAB_80034ef0,game,TODO,,
0x80034efc,LAB_80034efc,game,TODO,,
0x80034f10,LAB_80034f10,game,TODO,,
0x80034f30,LAB_80034f30,game,TODO,,
0x80034f48,LAB_80034f48,game,TODO,,
0x80034f54,LAB_80034f54,game,TODO,,
0x80034f68,LAB_80034f68,game,TODO,,
0x80034f80,LAB_80034f80,game,TODO,,
0x80034f8c,LAB_80034f8c,game,TODO,,
0x80034f9c,LAB_80034f9c,game,TODO,,
0x80034fb8,LAB_80034fb8,game,TODO,,
0x80034fd0,LAB_80034fd0,game,TODO,,
0x80034fdc,LAB_80034fdc,game,TODO,,
0x80034ff0,LAB_80034ff0,game,TODO,,
0x80035008,LAB_80035008,game,TODO,,
0x80035014,LAB_80035014,game,TODO,,
0x80035024,LAB_80035024,game,TODO,,
0x80035030,LAB_80035030,game,TODO,,
0x8003503c,LAB_8003503c,game,TODO,,
0x80035040,LAB_80035040,game,TODO,,
0x8003506c,LAB_8003506c,game,TODO,,
0x80035078,LAB_80035078,game,TODO,,
0x8003508c,LAB_8003508c,game,TODO,,
0x800350ac,LAB_800350ac,game,TODO,,
0x800350c4,LAB_800350c4,game,TODO,,
0x800350d0,LAB_800350d0,game,TODO,,
0x800350e4,LAB_800350e4,game,TODO,,
0x800350fc,LAB_800350fc,game,TODO,,
0x80035108,LAB_80035108,game,TODO,,
0x80035118,LAB_80035118,game,TODO,,
0x80035134,LAB_80035134,game,TODO,,
0x8003514c,LAB_8003514c,game,TODO,,
0x80035158,LAB_80035158,game,TODO,,
0x8003516c,LAB_8003516c,game,TODO,,
0x80035184,LAB_80035184,game,TODO,,
0x80035190,LAB_80035190,game,TODO,,
0x800351a0,LAB_800351a0,game,TODO,,
0x800351ac,LAB_800351ac,game,TODO,,
0x800351b8,LAB_800351b8,game,TODO,,
0x800351bc,LAB_800351bc,game,TODO,,
0x800351cc,LAB_800351cc,game,TODO,,
0x80035214,LAB_80035214,game,TODO,,
0x80035230,LAB_80035230,game,TODO,,
0x8003523c,LAB_8003523c,game,TODO,,
0x80035250,LAB_80035250,game,TODO,,
0x80035270,LAB_80035270,game,TODO,,
0x80035288,LAB_80035288,game,TODO,,
0x80035294,LAB_80035294,game,TODO,,
0x800352a8,LAB_800352a8,game,TODO,,
0x800352c0,LAB_800352c0,game,TODO,,
0x800352cc,LAB_800352cc,game,TODO,,
0x800352dc,LAB_800352dc,game,TODO,,
0x800352f8,LAB_800352f8,game,TODO,,
0x80035310,LAB_80035310,game,TODO,,
0x8003531c,LAB_8003531c,game,TODO,,
0x80035330,LAB_80035330,game,TODO,,
0x80035348,LAB_80035348,game,TODO,,
0x80035354,LAB_80035354,game,TODO,,
0x80035364,LAB_80035364,game,TODO,,
0x80035370,LAB_80035370,game,TODO,,
0x8003537c,LAB_8003537c,game,TODO,,
0x80035380,LAB_80035380,game,TODO,,
0x800353ac,LAB_800353ac,game,TODO,,
0x800353b8,LAB_800353b8,game,TODO,,
0x800353cc,LAB_800353cc,game,TODO,,
0x800353ec,LAB_800353ec,game,TODO,,
0x80035404,LAB_80035404,game,TODO,,
0x80035410,LAB_80035410,game,TODO,,
0x80035424,LAB_80035424,game,TODO,,
0x8003543c,LAB_8003543c,game,TODO,,
0x80035448,LAB_80035448,game,TODO,,
0x80035458,LAB_80035458,game,TODO,,
0x80035474,LAB_80035474,game,TODO,,
0x8003548c,LAB_8003548c,game,TODO,,
0x80035498,LAB_80035498,game,TODO,,
0x800354ac,LAB_800354ac,game,TODO,,
0x800354c4,LAB_800354c4,game,TODO,,
0x800354d0,LAB_800354d0,game,TODO,,
0x800354e0,LAB_800354e0,game,TODO,,
0x800354ec,LAB_800354ec,game,TODO,,
0x800354f8,LAB_800354f8,game,TODO,,
0x800354fc,LAB_800354fc,game,TODO,,
0x80035510,LAB_80035510,game,TODO,,
0x80035560,LAB_80035560,game,TODO,,
0x80035598,LAB_80035598,game,TODO,,
0x8003559c,LAB_8003559c,game,TODO,,
0x800355a8,LAB_800355a8,game,TODO,,
0x800355c4,FUN_800355c4,unknown,TODO,,
0x80035610,LAB_80035610,game,TODO,,
0x80035630,LAB_80035630,game,TODO,,
0x80035658,LAB_80035658,game,TODO,,
0x8003567c,LAB_8003567c,game,TODO,,
0x8003568c,LAB_8003568c,game,TODO,,
0x800356a0,LAB_800356a0,game,TODO,,
0x800356b8,LAB_800356b8,game,TODO,,
0x800356d0,LAB_800356d0,game,TODO,,
0x800356fc,FUN_800356fc,unknown,TODO,,
0x80035754,LAB_80035754,game,TODO,,
0x8003575c,LAB_8003575c,game,TODO,,
0x80035770,LAB_80035770,game,TODO,,
0x80035774,LAB_80035774,game,TODO,,
0x800357c4,LAB_800357c4,game,TODO,,
0x800357d0,LAB_800357d0,game,TODO,,
0x800357e0,LAB_800357e0,game,TODO,,
0x800357fc,LAB_800357fc,game,TODO,,
0x80035844,LAB_80035844,game,TODO,,
0x8003584c,LAB_8003584c,game,TODO,,
0x80035860,LAB_80035860,game,TODO,,
0x80035864,LAB_80035864,game,TODO,,
0x800358c0,LAB_800358c0,game,TODO,,
0x800358d4,LAB_800358d4,game,TODO,,
0x80035900,LAB_80035900,game,TODO,,
0x80035910,LAB_80035910,game,TODO,,
0x80035968,LAB_80035968,game,TODO,,
0x8003598c,FUN_8003598c,unknown,TODO,,
0x80035998,FUN_80035998,unknown,TODO,,
0x800359c8,LAB_800359c8,game,TODO,,
0x800359d0,FUN_800359d0,unknown,TODO,,
0x80035a98,LAB_80035a98,game,TODO,,
0x80035aac,LAB_80035aac,game,TODO,,
0x80035ac0,LAB_80035ac0,game,TODO,,
0x80035ad4,LAB_80035ad4,game,TODO,,
0x80035b00,LAB_80035b00,game,TODO,,
0x80035b14,LAB_80035b14,game,TODO,,
0x80035b40,LAB_80035b40,game,TODO,,
0x80035b54,LAB_80035b54,game,TODO,,
0x80035b68,LAB_80035b68,game,TODO,,
0x80035c38,LAB_80035c38,game,TODO,,
0x80035c60,LAB_80035c60,game,TODO,,
0x80035c88,LAB_80035c88,game,TODO,,
0x80035cb0,LAB_80035cb0,game,TODO,,
0x80035cb8,FUN_80035cb8,unknown,TODO,,
0x80035d50,FUN_80035d50,unknown,TODO,,
0x80035d8c,LAB_80035d8c,game,TODO,,
0x80035ddc,LAB_80035ddc,game,TODO,,
0x80035df8,LAB_80035df8,game,TODO,,
0x80035e1c,LAB_80035e1c,game,TODO,,
0x80035e38,LAB_80035e38,game,TODO,,
0x80035e6c,LAB_80035e6c,game,TODO,,
0x80035e88,LAB_80035e88,game,TODO,,
0x80035eb4,LAB_80035eb4,game,TODO,,
0x80035ed0,LAB_80035ed0,game,TODO,,
0x80035f1c,LAB_80035f1c,game,TODO,,
0x80035f34,LAB_80035f34,game,TODO,,
0x80035f54,LAB_80035f54,game,TODO,,
0x80035f74,LAB_80035f74,game,TODO,,
0x80035fb0,LAB_80035fb0,game,TODO,,
0x80035fc8,LAB_80035fc8,game,TODO,,
0x80036014,LAB_80036014,game,TODO,,
0x8003602c,LAB_8003602c,game,TODO,,
0x8003604c,LAB_8003604c,game,TODO,,
0x8003606c,LAB_8003606c,game,TODO,,
0x800360a8,LAB_800360a8,game,TODO,,
0x800360c0,LAB_800360c0,game,TODO,,
0x8003610c,LAB_8003610c,game,TODO,,
0x80036124,LAB_80036124,game,TODO,,
0x80036144,LAB_80036144,game,TODO,,
0x80036154,LAB_80036154,game,TODO,,
0x800361a0,LAB_800361a0,game,TODO,,
0x800361b8,LAB_800361b8,game,TODO,,
0x800361d8,LAB_800361d8,game,TODO,,
0x800361f8,LAB_800361f8,game,TODO,,
0x80036234,LAB_80036234,game,TODO,,
0x8003624c,LAB_8003624c,game,TODO,,
0x80036298,LAB_80036298,game,TODO,,
0x800362b0,LAB_800362b0,game,TODO,,
0x800362d0,LAB_800362d0,game,TODO,,
0x800362f0,LAB_800362f0,game,TODO,,
0x8003632c,LAB_8003632c,game,TODO,,
0x80036344,LAB_80036344,game,TODO,,
0x80036390,LAB_80036390,game,TODO,,
0x800363a8,LAB_800363a8,game,TODO,,
0x800363c8,LAB_800363c8,game,TODO,,
0x800363d8,LAB_800363d8,game,TODO,,
0x80036424,LAB_80036424,game,TODO,,
0x8003643c,LAB_8003643c,game,TODO,,
0x8003645c,LAB_8003645c,game,TODO,,
0x8003647c,LAB_8003647c,game,TODO,,
0x800364b8,LAB_800364b8,game,TODO,,
0x800364d0,LAB_800364d0,game,TODO,,
0x8003651c,LAB_8003651c,game,TODO,,
0x80036534,LAB_80036534,game,TODO,,
0x80036554,LAB_80036554,game,TODO,,
0x80036574,LAB_80036574,game,TODO,,
0x800365b0,LAB_800365b0,game,TODO,,
0x800365c8,LAB_800365c8,game,TODO,,
0x80036614,LAB_80036614,game,TODO,,
0x8003662c,LAB_8003662c,game,TODO,,
0x8003664c,LAB_8003664c,game,TODO,,
0x8003665c,LAB_8003665c,game,TODO,,
0x800366a8,LAB_800366a8,game,TODO,,
0x800366c0,LAB_800366c0,game,TODO,,
0x800366e0,LAB_800366e0,game,TODO,,
0x80036700,LAB_80036700,game,TODO,,
0x8003673c,LAB_8003673c,game,TODO,,
0x80036754,LAB_80036754,game,TODO,,
0x800367a0,LAB_800367a0,game,TODO,,
0x800367b8,LAB_800367b8,game,TODO,,
0x800367d8,LAB_800367d8,game,TODO,,
0x800367f8,LAB_800367f8,game,TODO,,
0x80036834,LAB_80036834,game,TODO,,
0x8003684c,LAB_8003684c,game,TODO,,
0x80036898,LAB_80036898,game,TODO,,
0x800368b0,LAB_800368b0,game,TODO,,
0x800368d0,LAB_800368d0,game,TODO,,
0x800368e0,LAB_800368e0,game,TODO,,
0x8003692c,LAB_8003692c,game,TODO,,
0x80036944,LAB_80036944,game,TODO,,
0x80036964,LAB_80036964,game,TODO,,
0x80036984,LAB_80036984,game,TODO,,
0x800369c0,LAB_800369c0,game,TODO,,
0x800369d8,LAB_800369d8,game,TODO,,
0x80036a24,LAB_80036a24,game,TODO,,
0x80036a3c,LAB_80036a3c,game,TODO,,
0x80036a5c,LAB_80036a5c,game,TODO,,
0x80036a7c,LAB_80036a7c,game,TODO,,
0x80036ab8,LAB_80036ab8,game,TODO,,
0x80036ad0,LAB_80036ad0,game,TODO,,
0x80036b1c,LAB_80036b1c,game,TODO,,
0x80036b34,LAB_80036b34,game,TODO,,
0x80036b54,LAB_80036b54,game,TODO,,
0x80036b64,LAB_80036b64,game,TODO,,
0x80036bb0,LAB_80036bb0,game,TODO,,
0x80036bc8,LAB_80036bc8,game,TODO,,
0x80036be8,LAB_80036be8,game,TODO,,
0x80036c08,LAB_80036c08,game,TODO,,
0x80036c44,LAB_80036c44,game,TODO,,
0x80036c5c,LAB_80036c5c,game,TODO,,
0x80036ca8,LAB_80036ca8,game,TODO,,
0x80036cc0,LAB_80036cc0,game,TODO,,
0x80036ce0,LAB_80036ce0,game,TODO,,
0x80036d00,LAB_80036d00,game,TODO,,
0x80036d3c,LAB_80036d3c,game,TODO,,
0x80036d54,LAB_80036d54,game,TODO,,
0x80036da0,LAB_80036da0,game,TODO,,
0x80036db8,LAB_80036db8,game,TODO,,
0x80036dd8,LAB_80036dd8,game,TODO,,
0x80036de8,LAB_80036de8,game,TODO,,
0x80036e34,LAB_80036e34,game,TODO,,
0x80036e4c,LAB_80036e4c,game,TODO,,
0x80036e6c,LAB_80036e6c,game,TODO,,
0x80036e8c,LAB_80036e8c,game,TODO,,
0x80036ec8,LAB_80036ec8,game,TODO,,
0x80036ee0,LAB_80036ee0,game,TODO,,
0x80036f2c,LAB_80036f2c,game,TODO,,
0x80036f44,LAB_80036f44,game,TODO,,
0x80036f64,LAB_80036f64,game,TODO,,
0x80036f84,LAB_80036f84,game,TODO,,
0x80036fc0,LAB_80036fc0,game,TODO,,
0x80036fd8,LAB_80036fd8,game,TODO,,
0x80037024,LAB_80037024,game,TODO,,
0x8003703c,LAB_8003703c,game,TODO,,
0x8003705c,LAB_8003705c,game,TODO,,
0x8003706c,LAB_8003706c,game,TODO,,
0x800370b8,LAB_800370b8,game,TODO,,
0x800370d0,LAB_800370d0,game,TODO,,
0x800370f0,LAB_800370f0,game,TODO,,
0x80037110,LAB_80037110,game,TODO,,
0x8003714c,LAB_8003714c,game,TODO,,
0x80037164,LAB_80037164,game,TODO,,
0x800371b0,LAB_800371b0,game,TODO,,
0x800371c8,LAB_800371c8,game,TODO,,
0x800371e8,LAB_800371e8,game,TODO,,
0x80037208,LAB_80037208,game,TODO,,
0x80037244,LAB_80037244,game,TODO,,
0x8003725c,LAB_8003725c,game,TODO,,
0x800372a8,LAB_800372a8,game,TODO,,
0x800372c0,LAB_800372c0,game,TODO,,
0x800372e0,LAB_800372e0,game,TODO,,
0x800372f0,LAB_800372f0,game,TODO,,
0x8003733c,LAB_8003733c,game,TODO,,
0x80037354,LAB_80037354,game,TODO,,
0x80037374,LAB_80037374,game,TODO,,
0x80037394,LAB_80037394,game,TODO,,
0x800373d0,LAB_800373d0,game,TODO,,
0x800373e8,LAB_800373e8,game,TODO,,
0x80037434,LAB_80037434,game,TODO,,
0x8003744c,LAB_8003744c,game,TODO,,
0x8003746c,LAB_8003746c,game,TODO,,
0x8003748c,LAB_8003748c,game,TODO,,
0x800374c8,LAB_800374c8,game,TODO,,
0x800374e0,LAB_800374e0,game,TODO,,
0x8003752c,LAB_8003752c,game,TODO,,
0x80037544,LAB_80037544,game,TODO,,
0x80037564,LAB_80037564,game,TODO,,
0x80037574,LAB_80037574,game,TODO,,
0x800375c0,LAB_800375c0,game,TODO,,
0x800375d8,LAB_800375d8,game,TODO,,
0x800375f8,LAB_800375f8,game,TODO,,
0x80037618,LAB_80037618,game,TODO,,
0x80037654,LAB_80037654,game,TODO,,
0x8003766c,LAB_8003766c,game,TODO,,
0x800376b8,LAB_800376b8,game,TODO,,
0x800376d0,LAB_800376d0,game,TODO,,
0x800376f0,LAB_800376f0,game,TODO,,
0x80037710,LAB_80037710,game,TODO,,
0x8003774c,LAB_8003774c,game,TODO,,
0x80037764,LAB_80037764,game,TODO,,
0x800377b0,LAB_800377b0,game,TODO,,
0x800377c8,LAB_800377c8,game,TODO,,
0x800377e8,LAB_800377e8,game,TODO,,
0x800377f8,LAB_800377f8,game,TODO,,
0x80037844,LAB_80037844,game,TODO,,
0x8003785c,LAB_8003785c,game,TODO,,
0x8003787c,LAB_8003787c,game,TODO,,
0x8003789c,LAB_8003789c,game,TODO,,
0x800378d8,LAB_800378d8,game,TODO,,
0x800378f0,LAB_800378f0,game,TODO,,
0x8003793c,LAB_8003793c,game,TODO,,
0x80037954,LAB_80037954,game,TODO,,
0x80037974,LAB_80037974,game,TODO,,
0x80037994,LAB_80037994,game,TODO,,
0x800379d0,LAB_800379d0,game,TODO,,
0x800379e8,LAB_800379e8,game,TODO,,
0x80037a34,LAB_80037a34,game,TODO,,
0x80037a4c,LAB_80037a4c,game,TODO,,
0x80037a6c,LAB_80037a6c,game,TODO,,
0x80037a8c,LAB_80037a8c,game,TODO,,
0x80037ac8,LAB_80037ac8,game,TODO,,
0x80037ae0,LAB_80037ae0,game,TODO,,
0x80037b2c,LAB_80037b2c,game,TODO,,
0x80037b44,LAB_80037b44,game,TODO,,
0x80037b64,LAB_80037b64,game,TODO,,
0x80037b74,LAB_80037b74,game,TODO,,
0x80037bc0,LAB_80037bc0,game,TODO,,
0x80037bd8,LAB_80037bd8,game,TODO,,
0x80037bf8,LAB_80037bf8,game,TODO,,
0x80037c18,LAB_80037c18,game,TODO,,
0x80037c54,LAB_80037c54,game,TODO,,
0x80037c6c,LAB_80037c6c,game,TODO,,
0x80037cb8,LAB_80037cb8,game,TODO,,
0x80037cd0,LAB_80037cd0,game,TODO,,
0x80037cf0,LAB_80037cf0,game,TODO,,
0x80037d10,LAB_80037d10,game,TODO,,
0x80037d4c,LAB_80037d4c,game,TODO,,
0x80037d64,LAB_80037d64,game,TODO,,
0x80037db0,LAB_80037db0,game,TODO,,
0x80037dc8,LAB_80037dc8,game,TODO,,
0x80037de8,LAB_80037de8,game,TODO,,
0x80037e08,LAB_80037e08,game,TODO,,
0x80037e44,LAB_80037e44,game,TODO,,
0x80037e5c,LAB_80037e5c,game,TODO,,
0x80037ea8,LAB_80037ea8,game,TODO,,
0x80037ec0,LAB_80037ec0,game,TODO,,
0x80037ee0,LAB_80037ee0,game,TODO,,
0x80037ef0,LAB_80037ef0,game,TODO,,
0x80037f3c,LAB_80037f3c,game,TODO,,
0x80037f54,LAB_80037f54,game,TODO,,
0x80037f74,LAB_80037f74,game,TODO,,
0x80037f94,LAB_80037f94,game,TODO,,
0x80037fd0,LAB_80037fd0,game,TODO,,
0x80037fe8,LAB_80037fe8,game,TODO,,
0x80038034,LAB_80038034,game,TODO,,
0x8003804c,LAB_8003804c,game,TODO,,
0x8003806c,LAB_8003806c,game,TODO,,
0x8003808c,LAB_8003808c,game,TODO,,
0x800380c8,LAB_800380c8,game,TODO,,
0x800380e0,LAB_800380e0,game,TODO,,
0x8003812c,LAB_8003812c,game,TODO,,
0x80038144,LAB_80038144,game,TODO,,
0x80038164,LAB_80038164,game,TODO,,
0x80038184,LAB_80038184,game,TODO,,
0x800381c0,LAB_800381c0,game,TODO,,
0x800381d8,LAB_800381d8,game,TODO,,
0x80038224,LAB_80038224,game,TODO,,
0x8003823c,LAB_8003823c,game,TODO,,
0x8003825c,LAB_8003825c,game,TODO,,
0x8003826c,LAB_8003826c,game,TODO,,
0x800382b8,LAB_800382b8,game,TODO,,
0x800382d0,LAB_800382d0,game,TODO,,
0x800382f0,LAB_800382f0,game,TODO,,
0x80038310,LAB_80038310,game,TODO,,
0x8003834c,LAB_8003834c,game,TODO,,
0x80038364,LAB_80038364,game,TODO,,
0x800383b0,LAB_800383b0,game,TODO,,
0x800383c8,LAB_800383c8,game,TODO,,
0x800383e8,LAB_800383e8,game,TODO,,
0x80038408,LAB_80038408,game,TODO,,
0x80038444,LAB_80038444,game,TODO,,
0x8003845c,LAB_8003845c,game,TODO,,
0x800384a8,LAB_800384a8,game,TODO,,
0x800384c0,LAB_800384c0,game,TODO,,
0x800384e0,LAB_800384e0,game,TODO,,
0x80038500,LAB_80038500,game,TODO,,
0x8003853c,LAB_8003853c,game,TODO,,
0x80038554,LAB_80038554,game,TODO,,
0x800385a0,LAB_800385a0,game,TODO,,
0x800385b8,LAB_800385b8,game,TODO,,
0x800385d8,LAB_800385d8,game,TODO,,
0x800385e8,LAB_800385e8,game,TODO,,
0x80038634,LAB_80038634,game,TODO,,
0x8003864c,LAB_8003864c,game,TODO,,
0x8003866c,LAB_8003866c,game,TODO,,
0x8003868c,LAB_8003868c,game,TODO,,
0x800386c8,LAB_800386c8,game,TODO,,
0x800386e0,LAB_800386e0,game,TODO,,
0x8003872c,LAB_8003872c,game,TODO,,
0x80038744,LAB_80038744,game,TODO,,
0x80038764,LAB_80038764,game,TODO,,
0x80038784,LAB_80038784,game,TODO,,
0x800387c0,LAB_800387c0,game,TODO,,
0x800387d8,LAB_800387d8,game,TODO,,
0x80038824,LAB_80038824,game,TODO,,
0x8003883c,LAB_8003883c,game,TODO,,
0x8003885c,LAB_8003885c,game,TODO,,
0x8003887c,LAB_8003887c,game,TODO,,
0x800388b8,LAB_800388b8,game,TODO,,
0x800388d0,LAB_800388d0,game,TODO,,
0x8003891c,LAB_8003891c,game,TODO,,
0x80038934,LAB_80038934,game,TODO,,
0x80038954,LAB_80038954,game,TODO,,
0x80038964,LAB_80038964,game,TODO,,
0x800389b0,LAB_800389b0,game,TODO,,
0x800389c8,LAB_800389c8,game,TODO,,
0x800389e8,LAB_800389e8,game,TODO,,
0x80038a08,LAB_80038a08,game,TODO,,
0x80038a44,LAB_80038a44,game,TODO,,
0x80038a5c,LAB_80038a5c,game,TODO,,
0x80038aa8,LAB_80038aa8,game,TODO,,
0x80038ac0,LAB_80038ac0,game,TODO,,
0x80038ae0,LAB_80038ae0,game,TODO,,
0x80038b00,LAB_80038b00,game,TODO,,
0x80038b3c,LAB_80038b3c,game,TODO,,
0x80038b54,LAB_80038b54,game,TODO,,
0x80038ba0,LAB_80038ba0,game,TODO,,
0x80038bb8,LAB_80038bb8,game,TODO,,
0x80038bd8,LAB_80038bd8,game,TODO,,
0x80038bf8,LAB_80038bf8,game,TODO,,
0x80038c34,LAB_80038c34,game,TODO,,
0x80038c4c,LAB_80038c4c,game,TODO,,
0x80038c98,LAB_80038c98,game,TODO,,
0x80038cb0,LAB_80038cb0,game,TODO,,
0x80038cd0,LAB_80038cd0,game,TODO,,
0x80038ce0,LAB_80038ce0,game,TODO,,
0x80038d2c,LAB_80038d2c,game,TODO,,
0x80038d44,LAB_80038d44,game,TODO,,
0x80038d64,LAB_80038d64,game,TODO,,
0x80038d84,LAB_80038d84,game,TODO,,
0x80038dc0,LAB_80038dc0,game,TODO,,
0x80038dd8,LAB_80038dd8,game,TODO,,
0x80038e24,LAB_80038e24,game,TODO,,
0x80038e3c,LAB_80038e3c,game,TODO,,
0x80038e5c,LAB_80038e5c,game,TODO,,
0x80038e7c,LAB_80038e7c,game,TODO,,
0x80038eb8,LAB_80038eb8,game,TODO,,
0x80038ed0,LAB_80038ed0,game,TODO,,
0x80038f1c,LAB_80038f1c,game,TODO,,
0x80038f34,LAB_80038f34,game,TODO,,
0x80038f54,LAB_80038f54,game,TODO,,
0x80038f74,LAB_80038f74,game,TODO,,
0x80038fb0,LAB_80038fb0,game,TODO,,
0x80038fc8,LAB_80038fc8,game,TODO,,
0x80039014,LAB_80039014,game,TODO,,
0x8003902c,LAB_8003902c,game,TODO,,
0x8003904c,LAB_8003904c,game,TODO,,
0x8003905c,LAB_8003905c,game,TODO,,
0x800390a8,LAB_800390a8,game,TODO,,
0x800390c0,LAB_800390c0,game,TODO,,
0x800390e0,LAB_800390e0,game,TODO,,
0x80039100,LAB_80039100,game,TODO,,
0x8003913c,LAB_8003913c,game,TODO,,
0x80039154,LAB_80039154,game,TODO,,
0x800391a0,LAB_800391a0,game,TODO,,
0x800391b8,LAB_800391b8,game,TODO,,
0x800391d8,LAB_800391d8,game,TODO,,
0x800391f8,LAB_800391f8,game,TODO,,
0x80039234,LAB_80039234,game,TODO,,
0x8003924c,LAB_8003924c,game,TODO,,
0x80039298,LAB_80039298,game,TODO,,
0x800392b0,LAB_800392b0,game,TODO,,
0x800392d0,LAB_800392d0,game,TODO,,
0x800392f0,LAB_800392f0,game,TODO,,
0x8003932c,LAB_8003932c,game,TODO,,
0x80039344,LAB_80039344,game,TODO,,
0x80039390,LAB_80039390,game,TODO,,
0x800393a8,LAB_800393a8,game,TODO,,
0x800393c8,LAB_800393c8,game,TODO,,
0x800393d8,LAB_800393d8,game,TODO,,
0x80039424,LAB_80039424,game,TODO,,
0x8003943c,LAB_8003943c,game,TODO,,
0x8003945c,LAB_8003945c,game,TODO,,
0x8003947c,LAB_8003947c,game,TODO,,
0x800394b8,LAB_800394b8,game,TODO,,
0x800394d0,LAB_800394d0,game,TODO,,
0x8003951c,LAB_8003951c,game,TODO,,
0x80039534,LAB_80039534,game,TODO,,
0x80039554,LAB_80039554,game,TODO,,
0x80039574,LAB_80039574,game,TODO,,
0x800395b0,LAB_800395b0,game,TODO,,
0x800395c8,LAB_800395c8,game,TODO,,
0x80039614,LAB_80039614,game,TODO,,
0x8003962c,LAB_8003962c,game,TODO,,
0x8003964c,LAB_8003964c,game,TODO,,
0x8003966c,LAB_8003966c,game,TODO,,
0x800396a8,LAB_800396a8,game,TODO,,
0x800396c0,LAB_800396c0,game,TODO,,
0x8003970c,LAB_8003970c,game,TODO,,
0x80039724,LAB_80039724,game,TODO,,
0x80039744,LAB_80039744,game,TODO,,
0x80039754,LAB_80039754,game,TODO,,
0x800397a0,LAB_800397a0,game,TODO,,
0x800397b8,LAB_800397b8,game,TODO,,
0x800397d8,LAB_800397d8,game,TODO,,
0x800397f8,LAB_800397f8,game,TODO,,
0x80039834,LAB_80039834,game,TODO,,
0x8003984c,LAB_8003984c,game,TODO,,
0x80039898,LAB_80039898,game,TODO,,
0x800398b0,LAB_800398b0,game,TODO,,
0x800398d0,LAB_800398d0,game,TODO,,
0x800398f0,LAB_800398f0,game,TODO,,
0x8003992c,LAB_8003992c,game,TODO,,
0x80039944,LAB_80039944,game,TODO,,
0x80039990,LAB_80039990,game,TODO,,
0x800399a8,LAB_800399a8,game,TODO,,
0x800399c8,LAB_800399c8,game,TODO,,
0x800399e8,LAB_800399e8,game,TODO,,
0x80039a24,LAB_80039a24,game,TODO,,
0x80039a3c,LAB_80039a3c,game,TODO,,
0x80039a88,LAB_80039a88,game,TODO,,
0x80039aa0,LAB_80039aa0,game,TODO,,
0x80039ac0,LAB_80039ac0,game,TODO,,
0x80039ae0,LAB_80039ae0,game,TODO,,
0x80039b1c,LAB_80039b1c,game,TODO,,
0x80039b34,LAB_80039b34,game,TODO,,
0x80039b54,LAB_80039b54,game,TODO,,
0x80039b5c,FUN_80039b5c,unknown,TODO,,
0x80039bc0,LAB_80039bc0,game,TODO,,
0x80039c04,LAB_80039c04,game,TODO,,
0x80039c08,LAB_80039c08,game,TODO,,
0x80039c18,LAB_80039c18,game,TODO,,
0x80039c84,LAB_80039c84,game,TODO,,
0x80039c9c,LAB_80039c9c,game,TODO,,
0x80039cc4,LAB_80039cc4,game,TODO,,
0x80039cf4,LAB_80039cf4,game,TODO,,
0x80039d14,LAB_80039d14,game,TODO,,
0x80039d18,LAB_80039d18,game,TODO,,
0x80039d28,LAB_80039d28,game,TODO,,
0x80039ebc,LAB_80039ebc,game,TODO,,
0x80039ef0,FUN_80039ef0,unknown,TODO,,
0x8003a000,LAB_8003a000,game,TODO,,
0x8003a02c,LAB_8003a02c,game,TODO,,
0x8003a040,LAB_8003a040,game,TODO,,
0x8003a044,LAB_8003a044,game,TODO,,
0x8003a070,LAB_8003a070,game,TODO,,
0x8003a084,LAB_8003a084,game,TODO,,
0x8003a088,LAB_8003a088,game,TODO,,
0x8003a0ac,LAB_8003a0ac,game,TODO,,
0x8003a0b8,LAB_8003a0b8,game,TODO,,
0x8003a0bc,LAB_8003a0bc,game,TODO,,
0x8003a164,LAB_8003a164,game,TODO,,
0x8003a16c,FUN_8003a16c,unknown,TODO,,
0x8003a224,LAB_8003a224,game,TODO,,
0x8003a22c,FUN_8003a22c,unknown,TODO,,
0x8003a244,LAB_8003a244,game,TODO,,
0x8003a2d8,LAB_8003a2d8,game,TODO,,
0x8003a304,LAB_8003a304,game,TODO,,
0x8003a318,LAB_8003a318,game,TODO,,
0x8003a31c,LAB_8003a31c,game,TODO,,
0x8003a348,LAB_8003a348,game,TODO,,
0x8003a35c,LAB_8003a35c,game,TODO,,
0x8003a360,LAB_8003a360,game,TODO,,
0x8003a384,LAB_8003a384,game,TODO,,
0x8003a390,LAB_8003a390,game,TODO,,
0x8003a394,LAB_8003a394,game,TODO,,
0x8003a440,LAB_8003a440,game,TODO,,
0x8003a448,FUN_8003a448,unknown,TODO,,
0x8003a4c4,LAB_8003a4c4,game,TODO,,
0x8003a4dc,LAB_8003a4dc,game,TODO,,
0x8003a504,LAB_8003a504,game,TODO,,
0x8003a51c,LAB_8003a51c,game,TODO,,
0x8003a60c,LAB_8003a60c,game,TODO,,
0x8003a708,LAB_8003a708,game,TODO,,
0x8003a730,LAB_8003a730,game,TODO,,
0x8003a740,LAB_8003a740,game,TODO,,
0x8003a754,LAB_8003a754,game,TODO,,
0x8003a758,LAB_8003a758,game,TODO,,
0x8003a768,LAB_8003a768,game,TODO,,
0x8003a76c,LAB_8003a76c,game,TODO,,
0x8003a784,LAB_8003a784,game,TODO,,
0x8003a7b4,FUN_8003a7b4,unknown,TODO,,
0x8003a8a0,LAB_8003a8a0,game,TODO,,
0x8003a8c4,LAB_8003a8c4,game,TODO,,
0x8003a8d0,LAB_8003a8d0,game,TODO,,
0x8003a91c,LAB_8003a91c,game,TODO,,
0x8003a940,LAB_8003a940,game,TODO,,
0x8003a974,LAB_8003a974,game,TODO,,
0x8003a98c,LAB_8003a98c,game,TODO,,
0x8003a990,LAB_8003a990,game,TODO,,
0x8003aa48,LAB_8003aa48,game,TODO,,
0x8003aa64,LAB_8003aa64,game,TODO,,
0x8003aa74,LAB_8003aa74,game,TODO,,
0x8003aa8c,LAB_8003aa8c,game,TODO,,
0x8003ab0c,LAB_8003ab0c,game,TODO,,
0x8003ab10,LAB_8003ab10,game,TODO,,
0x8003abb0,LAB_8003abb0,game,TODO,,
0x8003aca4,LAB_8003aca4,game,TODO,,
0x8003aca8,LAB_8003aca8,game,TODO,,
0x8003ad14,LAB_8003ad14,game,TODO,,
0x8003ad18,LAB_8003ad18,game,TODO,,
0x8003ad60,FUN_8003ad60,unknown,TODO,,
0x8003ada4,LAB_8003ada4,game,TODO,,
0x8003add0,LAB_8003add0,game,TODO,,
0x8003ae00,LAB_8003ae00,game,TODO,,
0x8003ae28,LAB_8003ae28,game,TODO,,
0x8003ae40,LAB_8003ae40,game,TODO,,
0x8003ae58,LAB_8003ae58,game,TODO,,
0x8003ae68,LAB_8003ae68,game,TODO,,
0x8003ae84,FUN_8003ae84,unknown,TODO,,
0x8003af70,FUN_8003af70,unknown,TODO,,
0x8003af94,LAB_8003af94,game,TODO,,
0x8003afb0,LAB_8003afb0,game,TODO,,
0x8003afbc,FUN_8003afbc,unknown,TODO,,
0x8003b118,FUN_8003b118,unknown,TODO,,
0x8003b158,LAB_8003b158,game,TODO,,
0x8003b174,LAB_8003b174,game,TODO,,
0x8003b178,LAB_8003b178,game,TODO,,
0x8003b1a8,LAB_8003b1a8,game,TODO,,
0x8003b20c,LAB_8003b20c,game,TODO,,
0x8003b210,LAB_8003b210,game,TODO,,
0x8003b224,LAB_8003b224,game,TODO,,
0x8003b228,LAB_8003b228,game,TODO,,
0x8003b28c,LAB_8003b28c,game,TODO,,
0x8003b484,LAB_8003b484,game,TODO,,
0x8003b570,LAB_8003b570,game,TODO,,
0x8003b5ac,LAB_8003b5ac,game,TODO,,
0x8003b5f0,LAB_8003b5f0,game,TODO,,
0x8003b994,FUN_8003b994,unknown,TODO,,
0x8003b9dc,LAB_8003b9dc,game,TODO,,
0x8003b9e0,LAB_8003b9e0,game,TODO,,
0x8003b9f4,LAB_8003b9f4,game,TODO,,
0x8003b9f8,LAB_8003b9f8,game,TODO,,
0x8003ba18,LAB_8003ba18,game,TODO,,
0x8003baa4,LAB_8003baa4,game,TODO,,
0x8003baa8,LAB_8003baa8,game,TODO,,
0x8003bab8,LAB_8003bab8,game,TODO,,
0x8003babc,LAB_8003babc,game,TODO,,
0x8003bb6c,LAB_8003bb6c,game,TODO,,
0x8003bba0,LAB_8003bba0,game,TODO,,
0x8003bbb0,LAB_8003bbb0,game,TODO,,
0x8003bbbc,LAB_8003bbbc,game,TODO,,
0x8003bbd0,LAB_8003bbd0,game,TODO,,
0x8003bbdc,LAB_8003bbdc,game,TODO,,
0x8003bbf0,LAB_8003bbf0,game,TODO,,
0x8003bc18,FUN_8003bc18,unknown,TODO,,
0x8003bc50,LAB_8003bc50,game,TODO,,
0x8003bc70,LAB_8003bc70,game,TODO,,
0x8003bc8c,LAB_8003bc8c,game,TODO,,
0x8003bc9c,LAB_8003bc9c,game,TODO,,
0x8003bce4,LAB_8003bce4,game,TODO,,
0x8003bcec,LAB_8003bcec,game,TODO,,
0x8003bd00,LAB_8003bd00,game,TODO,,
0x8003bd04,LAB_8003bd04,game,TODO,,
0x8003bd50,LAB_8003bd50,game,TODO,,
0x8003bd5c,LAB_8003bd5c,game,TODO,,
0x8003bd70,LAB_8003bd70,game,TODO,,
0x8003bd74,LAB_8003bd74,game,TODO,,
0x8003bdbc,LAB_8003bdbc,game,TODO,,
0x8003bdc4,LAB_8003bdc4,game,TODO,,
0x8003bdd8,LAB_8003bdd8,game,TODO,,
0x8003bddc,LAB_8003bddc,game,TODO,,
0x8003be28,LAB_8003be28,game,TODO,,
0x8003be30,LAB_8003be30,game,TODO,,
0x8003be44,LAB_8003be44,game,TODO,,
0x8003be48,LAB_8003be48,game,TODO,,
0x8003c050,LAB_8003c050,game,TODO,,
0x8003c058,LAB_8003c058,game,TODO,,
0x8003c0a0,LAB_8003c0a0,game,TODO,,
0x8003c0a8,LAB_8003c0a8,game,TODO,,
0x8003c0bc,LAB_8003c0bc,game,TODO,,
0x8003c0c0,LAB_8003c0c0,game,TODO,,
0x8003c10c,LAB_8003c10c,game,TODO,,
0x8003c118,LAB_8003c118,game,TODO,,
0x8003c12c,LAB_8003c12c,game,TODO,,
0x8003c130,LAB_8003c130,game,TODO,,
0x8003c178,LAB_8003c178,game,TODO,,
0x8003c180,LAB_8003c180,game,TODO,,
0x8003c194,LAB_8003c194,game,TODO,,
0x8003c198,LAB_8003c198,game,TODO,,
0x8003c1e4,LAB_8003c1e4,game,TODO,,
0x8003c1f0,LAB_8003c1f0,game,TODO,,
0x8003c204,LAB_8003c204,game,TODO,,
0x8003c208,LAB_8003c208,game,TODO,,
0x8003c3e4,LAB_8003c3e4,game,TODO,,
0x8003c3f0,LAB_8003c3f0,game,TODO,,
0x8003c404,LAB_8003c404,game,TODO,,
0x8003c428,LAB_8003c428,game,TODO,,
0x8003c440,LAB_8003c440,game,TODO,,
0x8003c44c,LAB_8003c44c,game,TODO,,
0x8003c460,LAB_8003c460,game,TODO,,
0x8003c478,LAB_8003c478,game,TODO,,
0x8003c480,LAB_8003c480,game,TODO,,
0x8003c498,LAB_8003c498,game,TODO,,
0x8003c4b4,LAB_8003c4b4,game,TODO,,
0x8003c4cc,LAB_8003c4cc,game,TODO,,
0x8003c4d8,LAB_8003c4d8,game,TODO,,
0x8003c4ec,LAB_8003c4ec,game,TODO,,
0x8003c504,LAB_8003c504,game,TODO,,
0x8003c50c,LAB_8003c50c,game,TODO,,
0x8003c524,LAB_8003c524,game,TODO,,
0x8003c530,LAB_8003c530,game,TODO,,
0x8003c53c,LAB_8003c53c,game,TODO,,
0x8003c56c,FUN_8003c56c,unknown,TODO,,
0x8003c59c,LAB_8003c59c,game,TODO,,
0x8003c5a8,LAB_8003c5a8,game,TODO,,
0x8003c5cc,LAB_8003c5cc,game,TODO,,
0x8003c5e8,LAB_8003c5e8,game,TODO,,
0x8003c5fc,LAB_8003c5fc,game,TODO,,
0x8003c624,LAB_8003c624,game,TODO,,
0x8003c638,LAB_8003c638,game,TODO,,
0x8003c650,LAB_8003c650,game,TODO,,
0x8003c654,LAB_8003c654,game,TODO,,
0x8003c664,FUN_8003c664,unknown,TODO,,
0x8003c6d4,LAB_8003c6d4,game,TODO,,
0x8003c6ec,LAB_8003c6ec,game,TODO,,
0x8003c790,FUN_8003c790,unknown,TODO,,
0x8003c7d4,LAB_8003c7d4,game,TODO,,
0x8003c7dc,FUN_8003c7dc,unknown,TODO,,
0x8003c800,LAB_8003c800,game,TODO,,
0x8003c83c,LAB_8003c83c,game,TODO,,
0x8003c840,LAB_8003c840,game,TODO,,
0x8003c878,LAB_8003c878,game,TODO,,
0x8003c880,LAB_8003c880,game,TODO,,
0x8003c888,FUN_8003c888,unknown,TODO,,
0x8003c8a8,FUN_8003c8a8,unknown,TODO,,
0x8003c8c0,FUN_8003c8c0,unknown,TODO,,
0x8003c8fc,FUN_8003c8fc,unknown,TODO,,
0x8003c928,LAB_8003c928,game,TODO,,
0x8003c974,LAB_8003c974,game,TODO,,
0x8003c984,LAB_8003c984,game,TODO,,
0x8003c9f8,FUN_8003c9f8,unknown,TODO,,
0x8003ca7c,LAB_8003ca7c,game,TODO,,
0x8003cb04,LAB_8003cb04,game,TODO,,
0x8003cb1c,LAB_8003cb1c,game,TODO,,
0x8003cccc,LAB_8003cccc,game,TODO,,
0x8003cd28,LAB_8003cd28,game,TODO,,
0x8003cd40,LAB_8003cd40,game,TODO,,
0x8003cdc8,LAB_8003cdc8,game,TODO,,
0x8003cde0,LAB_8003cde0,game,TODO,,
0x8003cde4,LAB_8003cde4,game,TODO,,
0x8003ce20,LAB_8003ce20,game,TODO,,
0x8003ce38,LAB_8003ce38,game,TODO,,
0x8003ce44,LAB_8003ce44,game,TODO,,
0x8003ce50,LAB_8003ce50,game,TODO,,
0x8003ce94,LAB_8003ce94,game,TODO,,
0x8003ceac,LAB_8003ceac,game,TODO,,
0x8003ceb8,LAB_8003ceb8,game,TODO,,
0x8003cedc,LAB_8003cedc,game,TODO,,
0x8003cee4,FUN_8003cee4,unknown,TODO,,
0x8003cf10,LAB_8003cf10,game,TODO,,
0x8003cf14,LAB_8003cf14,game,TODO,,
0x8003cf38,LAB_8003cf38,game,TODO,,
0x8003cf48,LAB_8003cf48,game,TODO,,
0x8003cf70,LAB_8003cf70,game,TODO,,
0x8003cf80,LAB_8003cf80,game,TODO,,
0x8003cfc8,LAB_8003cfc8,game,TODO,,
0x8003cfd8,LAB_8003cfd8,game,TODO,,
0x8003d000,LAB_8003d000,game,TODO,,
0x8003d010,LAB_8003d010,game,TODO,,
0x8003d038,LAB_8003d038,game,TODO,,
0x8003d048,LAB_8003d048,game,TODO,,
0x8003d070,LAB_8003d070,game,TODO,,
0x8003d080,LAB_8003d080,game,TODO,,
0x8003d0d4,LAB_8003d0d4,game,TODO,,
0x8003d0d8,LAB_8003d0d8,game,TODO,,
0x8003d10c,LAB_8003d10c,game,TODO,,
0x8003d110,LAB_8003d110,game,TODO,,
0x8003d118,FUN_8003d118,unknown,TODO,,
0x8003d174,LAB_8003d174,game,TODO,,
0x8003d19c,LAB_8003d19c,game,TODO,,
0x8003d1b0,LAB_8003d1b0,game,TODO,,
0x8003d1c4,LAB_8003d1c4,game,TODO,,
0x8003d248,LAB_8003d248,game,TODO,,
0x8003d260,LAB_8003d260,game,TODO,,
0x8003d288,LAB_8003d288,game,TODO,,
0x8003d294,LAB_8003d294,game,TODO,,
0x8003d29c,LAB_8003d29c,game,TODO,,
0x8003d2ac,LAB_8003d2ac,game,TODO,,
0x8003d2b8,LAB_8003d2b8,game,TODO,,
0x8003d318,LAB_8003d318,game,TODO,,
0x8003d328,LAB_8003d328,game,TODO,,
0x8003d340,LAB_8003d340,game,TODO,,
0x8003d3a0,LAB_8003d3a0,game,TODO,,
0x8003d3b0,LAB_8003d3b0,game,TODO,,
0x8003d3c8,LAB_8003d3c8,game,TODO,,
0x8003d3e0,LAB_8003d3e0,game,TODO,,
0x8003d3f8,LAB_8003d3f8,game,TODO,,
0x8003d448,LAB_8003d448,game,TODO,,
0x8003d460,LAB_8003d460,game,TODO,,
0x8003d4b0,LAB_8003d4b0,game,TODO,,
0x8003d4c8,LAB_8003d4c8,game,TODO,,
0x8003d518,LAB_8003d518,game,TODO,,
0x8003d530,LAB_8003d530,game,TODO,,
0x8003d580,LAB_8003d580,game,TODO,,
0x8003d598,LAB_8003d598,game,TODO,,
0x8003d5bc,LAB_8003d5bc,game,TODO,,
0x8003d5e8,LAB_8003d5e8,game,TODO,,
0x8003d60c,LAB_8003d60c,game,TODO,,
0x8003d630,LAB_8003d630,game,TODO,,
0x8003d6d0,LAB_8003d6d0,game,TODO,,
0x8003d6f4,FUN_8003d6f4,unknown,TODO,,
0x8003d770,LAB_8003d770,game,TODO,,
0x8003d794,LAB_8003d794,game,TODO,,
0x8003d7a0,LAB_8003d7a0,game,TODO,,
0x8003d7ac,LAB_8003d7ac,game,TODO,,
0x8003d7b0,LAB_8003d7b0,game,TODO,,
0x8003d7bc,LAB_8003d7bc,game,TODO,,
0x8003d7e8,LAB_8003d7e8,game,TODO,,
0x8003d7fc,FUN_8003d7fc,unknown,TODO,,
0x8003d838,LAB_8003d838,game,TODO,,
0x8003d89c,LAB_8003d89c,game,TODO,,
0x8003d8a8,LAB_8003d8a8,game,TODO,,
0x8003d8b4,LAB_8003d8b4,game,TODO,,
0x8003d8c0,LAB_8003d8c0,game,TODO,,
0x8003d8cc,LAB_8003d8cc,game,TODO,,
0x8003d8dc,LAB_8003d8dc,game,TODO,,
0x8003d938,LAB_8003d938,game,TODO,,
0x8003d964,LAB_8003d964,game,TODO,,
0x8003d968,LAB_8003d968,game,TODO,,
0x8003d97c,LAB_8003d97c,game,TODO,,
0x8003d980,LAB_8003d980,game,TODO,,
0x8003d994,LAB_8003d994,game,TODO,,
0x8003da50,LAB_8003da50,game,TODO,,
0x8003da64,LAB_8003da64,game,TODO,,
0x8003da6c,LAB_8003da6c,game,TODO,,
0x8003daa0,FUN_8003daa0,unknown,TODO,,
0x8003dbc0,LAB_8003dbc0,game,TODO,,
0x8003dbcc,LAB_8003dbcc,game,TODO,,
0x8003dbfc,FUN_8003dbfc,unknown,TODO,,
0x8003dcc0,LAB_8003dcc0,game,TODO,,
0x8003dd60,LAB_8003dd60,game,TODO,,
0x8003dd64,LAB_8003dd64,game,TODO,,
0x8003dd68,LAB_8003dd68,game,TODO,,
0x8003dd80,FUN_8003dd80,unknown,TODO,,
0x8003dda8,LAB_8003dda8,game,TODO,,
0x8003ddb0,LAB_8003ddb0,game,TODO,,
0x8003ddc0,FUN_8003ddc0,unknown,TODO,,
0x8003de40,LAB_8003de40,game,TODO,,
0x8003de48,LAB_8003de48,game,TODO,,
0x8003de80,LAB_8003de80,game,TODO,,
0x8003de94,LAB_8003de94,game,TODO,,
0x8003dea0,LAB_8003dea0,game,TODO,,
0x8003dec8,LAB_8003dec8,game,TODO,,
0x8003ded0,LAB_8003ded0,game,TODO,,
0x8003df08,LAB_8003df08,game,TODO,,
0x8003df1c,LAB_8003df1c,game,TODO,,
0x8003df28,LAB_8003df28,game,TODO,,
0x8003df4c,LAB_8003df4c,game,TODO,,
0x8003df54,LAB_8003df54,game,TODO,,
0x8003df8c,LAB_8003df8c,game,TODO,,
0x8003dfa0,LAB_8003dfa0,game,TODO,,
0x8003dfac,LAB_8003dfac,game,TODO,,
0x8003dfcc,LAB_8003dfcc,game,TODO,,
0x8003dfd4,LAB_8003dfd4,game,TODO,,
0x8003e010,LAB_8003e010,game,TODO,,
0x8003e020,LAB_8003e020,game,TODO,,
0x8003e02c,LAB_8003e02c,game,TODO,,
0x8003e0c8,LAB_8003e0c8,game,TODO,,
0x8003e0e4,LAB_8003e0e4,game,TODO,,
0x8003e110,LAB_8003e110,game,TODO,,
0x8003e128,LAB_8003e128,game,TODO,,
0x8003e140,LAB_8003e140,game,TODO,,
0x8003e154,LAB_8003e154,game,TODO,,
0x8003e16c,LAB_8003e16c,game,TODO,,
0x8003e180,LAB_8003e180,game,TODO,,
0x8003e1a4,LAB_8003e1a4,game,TODO,,
0x8003e1a8,LAB_8003e1a8,game,TODO,,
0x8003e1bc,LAB_8003e1bc,game,TODO,,
0x8003e254,LAB_8003e254,game,TODO,,
0x8003e26c,LAB_8003e26c,game,TODO,,
0x8003e298,LAB_8003e298,game,TODO,,
0x8003e29c,LAB_8003e29c,game,TODO,,
0x8003e2c0,LAB_8003e2c0,game,TODO,,
0x8003e2ec,LAB_8003e2ec,game,TODO,,
0x8003e304,LAB_8003e304,game,TODO,,
0x8003e31c,LAB_8003e31c,game,TODO,,
0x8003e330,LAB_8003e330,game,TODO,,
0x8003e348,LAB_8003e348,game,TODO,,
0x8003e35c,LAB_8003e35c,game,TODO,,
0x8003e380,LAB_8003e380,game,TODO,,
0x8003e388,LAB_8003e388,game,TODO,,
0x8003e390,LAB_8003e390,game,TODO,,
0x8003e3a4,LAB_8003e3a4,game,TODO,,
0x8003e3c0,FUN_8003e3c0,unknown,TODO,,
0x8003e3f4,LAB_8003e3f4,game,TODO,,
0x8003e428,LAB_8003e428,game,TODO,,
0x8003e440,LAB_8003e440,game,TODO,,
0x8003e474,LAB_8003e474,game,TODO,,
0x8003e488,LAB_8003e488,game,TODO,,
0x8003e4a0,LAB_8003e4a0,game,TODO,,
0x8003e4d4,LAB_8003e4d4,game,TODO,,
0x8003e4e8,LAB_8003e4e8,game,TODO,,
0x8003e500,LAB_8003e500,game,TODO,,
0x8003e534,LAB_8003e534,game,TODO,,
0x8003e548,LAB_8003e548,game,TODO,,
0x8003e560,LAB_8003e560,game,TODO,,
0x8003e594,LAB_8003e594,game,TODO,,
0x8003e5a8,LAB_8003e5a8,game,TODO,,
0x8003e5b8,LAB_8003e5b8,game,TODO,,
0x8003e5bc,LAB_8003e5bc,game,TODO,,
0x8003e624,LAB_8003e624,game,TODO,,
0x8003e630,LAB_8003e630,game,TODO,,
0x8003e69c,LAB_8003e69c,game,TODO,,
0x8003e6a4,LAB_8003e6a4,game,TODO,,
0x8003e6a8,LAB_8003e6a8,game,TODO,,
0x8003e6b0,LAB_8003e6b0,game,TODO,,
0x8003e6c0,FUN_8003e6c0,unknown,TODO,,
0x8003e6d4,LAB_8003e6d4,game,TODO,,
0x8003e6e0,LAB_8003e6e0,game,TODO,,
0x8003e718,LAB_8003e718,game,TODO,,
0x8003e72c,LAB_8003e72c,game,TODO,,
0x8003e738,LAB_8003e738,game,TODO,,
0x8003e740,FUN_8003e740,unknown,TODO,,
0x8003e7d0,LAB_8003e7d0,game,TODO,,
0x8003e7ec,FUN_8003e7ec,unknown,TODO,,
0x8003e840,LAB_8003e840,game,TODO,,
0x8003e8b0,LAB_8003e8b0,game,TODO,,
0x8003e8b4,LAB_8003e8b4,game,TODO,,
0x8003e8c4,LAB_8003e8c4,game,TODO,,
0x8003e8d4,LAB_8003e8d4,game,TODO,,
0x8003e908,FUN_8003e908,unknown,TODO,,
0x8003e93c,LAB_8003e93c,game,TODO,,
0x8003e95c,LAB_8003e95c,game,TODO,,
0x8003e970,LAB_8003e970,game,TODO,,
0x8003ea00,FUN_8003ea00,unknown,TODO,,
0x8003eb20,LAB_8003eb20,game,TODO,,
0x8003eb24,LAB_8003eb24,game,TODO,,
0x8003eb50,FUN_8003eb50,unknown,TODO,,
0x8003eb9c,LAB_8003eb9c,game,TODO,,
0x8003eba4,LAB_8003eba4,game,TODO,,
0x8003ebb4,LAB_8003ebb4,game,TODO,,
0x8003ebbc,LAB_8003ebbc,game,TODO,,
0x8003ebd0,LAB_8003ebd0,game,TODO,,
0x8003ebf8,LAB_8003ebf8,game,TODO,,
0x8003ebfc,LAB_8003ebfc,game,TODO,,
0x8003ec18,LAB_8003ec18,game,TODO,,
0x8003ec20,LAB_8003ec20,game,TODO,,
0x8003ec30,LAB_8003ec30,game,TODO,,
0x8003ec38,LAB_8003ec38,game,TODO,,
0x8003ec3c,LAB_8003ec3c,game,TODO,,
0x8003ec4c,LAB_8003ec4c,game,TODO,,
0x8003ec5c,LAB_8003ec5c,game,TODO,,
0x8003ec7c,LAB_8003ec7c,game,TODO,,
0x8003ec8c,LAB_8003ec8c,game,TODO,,
0x8003ec94,FUN_8003ec94,unknown,TODO,,
0x8003ece0,LAB_8003ece0,game,TODO,,
0x8003ecf8,LAB_8003ecf8,game,TODO,,
0x8003ed44,LAB_8003ed44,game,TODO,,
0x8003ed48,LAB_8003ed48,game,TODO,,
0x8003ed70,LAB_8003ed70,game,TODO,,
0x8003ed88,LAB_8003ed88,game,TODO,,
0x8003edd4,LAB_8003edd4,game,TODO,,
0x8003edd8,LAB_8003edd8,game,TODO,,
0x8003ee00,LAB_8003ee00,game,TODO,,
0x8003ee18,LAB_8003ee18,game,TODO,,
0x8003ee64,LAB_8003ee64,game,TODO,,
0x8003ee68,LAB_8003ee68,game,TODO,,
0x8003ee9c,LAB_8003ee9c,game,TODO,,
0x8003eeb4,LAB_8003eeb4,game,TODO,,
0x8003eef8,LAB_8003eef8,game,TODO,,
0x8003eefc,LAB_8003eefc,game,TODO,,
0x8003ef18,LAB_8003ef18,game,TODO,,
0x8003ef48,FUN_8003ef48,unknown,TODO,,
0x8003ef7c,LAB_8003ef7c,game,TODO,,
0x8003efc0,LAB_8003efc0,game,TODO,,
0x8003effc,LAB_8003effc,game,TODO,,
0x8003f024,LAB_8003f024,game,TODO,,
0x8003f030,LAB_8003f030,game,TODO,,
0x8003f044,LAB_8003f044,game,TODO,,
0x8003f088,LAB_8003f088,game,TODO,,
0x8003f0b0,LAB_8003f0b0,game,TODO,,
0x8003f0d4,LAB_8003f0d4,game,TODO,,
0x8003f0ec,LAB_8003f0ec,game,TODO,,
0x8003f108,FUN_8003f108,unknown,TODO,,
0x8003f1ac,LAB_8003f1ac,game,TODO,,
0x8003f1d4,LAB_8003f1d4,game,TODO,,
0x8003f20c,LAB_8003f20c,game,TODO,,
0x8003f214,FUN_8003f214,unknown,TODO,,
0x8003f248,LAB_8003f248,game,TODO,,
0x8003f270,LAB_8003f270,game,TODO,,
0x8003f278,FUN_8003f278,unknown,TODO,,
0x8003f294,LAB_8003f294,game,TODO,,
0x8003f2bc,LAB_8003f2bc,game,TODO,,
0x8003f310,FUN_8003f310,unknown,TODO,,
0x8003f8d4,LAB_8003f8d4,game,TODO,,
0x8003f91c,LAB_8003f91c,game,TODO,,
0x8003f950,FUN_8003f950,unknown,TODO,,
0x8003f9b4,LAB_8003f9b4,game,TODO,,
0x8003f9d0,LAB_8003f9d0,game,TODO,,
0x8003f9ec,LAB_8003f9ec,game,TODO,,
0x8003fa20,LAB_8003fa20,game,TODO,,
0x8003fa3c,LAB_8003fa3c,game,TODO,,
0x8003facc,LAB_8003facc,game,TODO,,
0x8003fae0,LAB_8003fae0,game,TODO,,
0x8003fb08,FUN_8003fb08,unknown,TODO,,
0x8003fdac,FUN_8003fdac,unknown,TODO,,
0x8003fe30,LAB_8003fe30,game,TODO,,
0x8003fe34,LAB_8003fe34,game,TODO,,
0x8003fe9c,LAB_8003fe9c,game,TODO,,
0x8003fea0,LAB_8003fea0,game,TODO,,
0x800401a0,FUN_800401a0,unknown,TODO,,
0x800403cc,LAB_800403cc,game,TODO,,
0x80040444,LAB_80040444,game,TODO,,
0x80040468,LAB_80040468,game,TODO,,
0x8004047c,LAB_8004047c,game,TODO,,
0x80040480,LAB_80040480,game,TODO,,
0x800404a0,LAB_800404a0,game,TODO,,
0x800404b4,LAB_800404b4,game,TODO,,
0x800404d0,LAB_800404d0,game,TODO,,
0x800404dc,LAB_800404dc,game,TODO,,
0x80040590,LAB_80040590,game,TODO,,
0x800405a4,FUN_800405a4,unknown,TODO,,
0x80040604,LAB_80040604,game,TODO,,
0x80040620,LAB_80040620,game,TODO,,
0x80040630,LAB_80040630,game,TODO,,
0x80040648,LAB_80040648,game,TODO,,
0x80040664,LAB_80040664,game,TODO,,
0x80040884,LAB_80040884,game,TODO,,
0x80040894,LAB_80040894,game,TODO,,
0x80040904,LAB_80040904,game,TODO,,
0x8004096c,LAB_8004096c,game,TODO,,
0x80040b7c,LAB_80040b7c,game,TODO,,
0x80040b8c,LAB_80040b8c,game,TODO,,
0x80040b90,LAB_80040b90,game,TODO,,
0x80040c04,LAB_80040c04,game,TODO,,
0x80040c24,LAB_80040c24,game,TODO,,
0x80040c30,LAB_80040c30,game,TODO,,
0x80040c54,LAB_80040c54,game,TODO,,
0x80040c74,LAB_80040c74,game,TODO,,
0x80040c88,LAB_80040c88,game,TODO,,
0x80040ca0,LAB_80040ca0,game,TODO,,
0x80040cb8,LAB_80040cb8,game,TODO,,
0x8004102c,LAB_8004102c,game,TODO,,
0x8004105c,FUN_8004105c,unknown,TODO,,
0x80041068,FUN_80041068,unknown,TODO,,
0x8004107c,FUN_8004107c,unknown,TODO,,
0x800410b4,LAB_800410b4,game,TODO,,
0x800410c8,LAB_800410c8,game,TODO,,
0x800410d8,LAB_800410d8,game,TODO,,
0x800410ec,LAB_800410ec,game,TODO,,
0x80041100,LAB_80041100,game,TODO,,
0x80041110,LAB_80041110,game,TODO,,
0x8004112c,FUN_8004112c,unknown,TODO,,
0x80041154,LAB_80041154,game,TODO,,
0x8004119c,LAB_8004119c,game,TODO,,
0x800411f0,FUN_800411f0,unknown,TODO,,
0x8004127c,FUN_8004127c,unknown,TODO,,
0x800412a4,LAB_800412a4,game,TODO,,
0x800412e0,LAB_800412e0,game,TODO,,
0x8004130c,LAB_8004130c,game,TODO,,
0x80041324,LAB_80041324,game,TODO,,
0x80041328,LAB_80041328,game,TODO,,
0x800413b0,LAB_800413b0,game,TODO,,
0x800413bc,LAB_800413bc,game,TODO,,
0x800413c0,LAB_800413c0,game,TODO,,
0x80041404,LAB_80041404,game,TODO,,
0x8004143c,FUN_8004143c,unknown,TODO,,
0x80041478,LAB_80041478,game,TODO,,
0x800414c8,LAB_800414c8,game,TODO,,
0x800414d4,LAB_800414d4,game,TODO,,
0x800414ec,LAB_800414ec,game,TODO,,
0x80041518,LAB_80041518,game,TODO,,
0x80041524,LAB_80041524,game,TODO,,
0x80041550,FUN_80041550,unknown,TODO,,
0x800416dc,LAB_800416dc,game,TODO,,
0x80041770,LAB_80041770,game,TODO,,
0x80041774,LAB_80041774,game,TODO,,
0x800417d8,LAB_800417d8,game,TODO,,
0x80041818,LAB_80041818,game,TODO,,
0x8004181c,LAB_8004181c,game,TODO,,
0x80041824,LAB_80041824,game,TODO,,
0x80041834,LAB_80041834,game,TODO,,
0x8004184c,LAB_8004184c,game,TODO,,
0x80041854,LAB_80041854,game,TODO,,
0x80041888,LAB_80041888,game,TODO,,
0x800418f8,LAB_800418f8,game,TODO,,
0x8004191c,LAB_8004191c,game,TODO,,
0x8004195c,LAB_8004195c,game,TODO,,
0x80041978,LAB_80041978,game,TODO,,
0x800419b4,LAB_800419b4,game,TODO,,
0x800419f4,LAB_800419f4,game,TODO,,
0x80041a3c,LAB_80041a3c,game,TODO,,
0x80041a40,LAB_80041a40,game,TODO,,
0x80041ae0,LAB_80041ae0,game,TODO,,
0x80041b14,LAB_80041b14,game,TODO,,
0x80041b74,LAB_80041b74,game,TODO,,
0x80041b9c,LAB_80041b9c,game,TODO,,
0x80041ba8,LAB_80041ba8,game,TODO,,
0x80041be8,LAB_80041be8,game,TODO,,
0x80041c3c,LAB_80041c3c,game,TODO,,
0x80041c40,LAB_80041c40,game,TODO,,
0x80041c78,LAB_80041c78,game,TODO,,
0x80041cfc,LAB_80041cfc,game,TODO,,
0x80041d30,LAB_80041d30,game,TODO,,
0x80041d80,LAB_80041d80,game,TODO,,
0x80041da8,LAB_80041da8,game,TODO,,
0x80041db4,LAB_80041db4,game,TODO,,
0x80041dec,LAB_80041dec,game,TODO,,
0x80041e6c,LAB_80041e6c,game,TODO,,
0x80041e70,LAB_80041e70,game,TODO,,
0x80041e9c,LAB_80041e9c,game,TODO,,
0x80041ee8,LAB_80041ee8,game,TODO,,
0x80041ef4,LAB_80041ef4,game,TODO,,
0x80041f24,LAB_80041f24,game,TODO,,
0x80041f80,LAB_80041f80,game,TODO,,
0x80041fa0,LAB_80041fa0,game,TODO,,
0x80041fc4,LAB_80041fc4,game,TODO,,
0x80041fec,LAB_80041fec,game,TODO,,
0x8004202c,LAB_8004202c,game,TODO,,
0x80042080,FUN_80042080,unknown,TODO,,
0x800420cc,LAB_800420cc,game,TODO,,
0x80042148,LAB_80042148,game,TODO,,
0x8004215c,LAB_8004215c,game,TODO,,
0x8004218c,LAB_8004218c,game,TODO,,
0x800421a0,LAB_800421a0,game,TODO,,
0x800421b0,LAB_800421b0,game,TODO,,
0x80042220,LAB_80042220,game,TODO,,
0x80042244,FUN_80042244,unknown,TODO,,
0x80042294,LAB_80042294,game,TODO,,
0x800422cc,LAB_800422cc,game,TODO,,
0x800422e0,LAB_800422e0,game,TODO,,
0x800422f0,LAB_800422f0,game,TODO,,
0x80042304,LAB_80042304,game,TODO,,
0x80042454,FUN_80042454,unknown,TODO,,
0x80042478,LAB_80042478,game,TODO,,
0x80042484,LAB_80042484,game,TODO,,
0x8004248c,LAB_8004248c,game,TODO,,
0x800424ac,LAB_800424ac,game,TODO,,
0x800424c0,LAB_800424c0,game,TODO,,
0x800424e0,LAB_800424e0,game,TODO,,
0x800424f0,LAB_800424f0,game,TODO,,
0x800424fc,LAB_800424fc,game,TODO,,
0x80042520,LAB_80042520,game,TODO,,
0x80042530,LAB_80042530,game,TODO,,
0x80042558,LAB_80042558,game,TODO,,
0x80042590,LAB_80042590,game,TODO,,
0x800425a4,LAB_800425a4,game,TODO,,
0x800425ac,FUN_800425ac,unknown,TODO,,
0x800425b4,LAB_800425b4,game,TODO,,
0x800425d8,LAB_800425d8,game,TODO,,
0x800425dc,LAB_800425dc,game,TODO,,
0x80042600,LAB_80042600,game,TODO,,
0x80042630,LAB_80042630,game,TODO,,
0x80042640,LAB_80042640,game,TODO,,
0x8004265c,LAB_8004265c,game,TODO,,
0x80042660,LAB_80042660,game,TODO,,
0x8004266c,LAB_8004266c,game,TODO,,
0x80042688,LAB_80042688,game,TODO,,
0x80042698,LAB_80042698,game,TODO,,
0x800426ac,LAB_800426ac,game,TODO,,
0x800426e0,LAB_800426e0,game,TODO,,
0x800426e4,LAB_800426e4,game,TODO,,
0x800426ec,FUN_800426ec,unknown,TODO,,
0x800426f4,LAB_800426f4,game,TODO,,
0x80042718,LAB_80042718,game,TODO,,
0x8004271c,LAB_8004271c,game,TODO,,
0x80042748,LAB_80042748,game,TODO,,
0x80042764,LAB_80042764,game,TODO,,
0x80042774,LAB_80042774,game,TODO,,
0x80042794,LAB_80042794,game,TODO,,
0x8004279c,LAB_8004279c,game,TODO,,
0x800427a8,LAB_800427a8,game,TODO,,
0x800427b0,LAB_800427b0,game,TODO,,
0x800427bc,LAB_800427bc,game,TODO,,
0x800427d8,LAB_800427d8,game,TODO,,
0x800427e8,LAB_800427e8,game,TODO,,
0x800427fc,LAB_800427fc,game,TODO,,
0x8004282c,LAB_8004282c,game,TODO,,
0x80042844,LAB_80042844,game,TODO,,
0x80042848,LAB_80042848,game,TODO,,
0x80042850,FUN_80042850,unknown,TODO,,
0x80042864,LAB_80042864,game,TODO,,
0x80042880,LAB_80042880,game,TODO,,
0x80042890,LAB_80042890,game,TODO,,
0x800428a0,LAB_800428a0,game,TODO,,
0x800428b8,LAB_800428b8,game,TODO,,
0x800428d4,LAB_800428d4,game,TODO,,
0x800428f8,LAB_800428f8,game,TODO,,
0x80042908,LAB_80042908,game,TODO,,
0x80042938,LAB_80042938,game,TODO,,
0x80042948,LAB_80042948,game,TODO,,
0x8004294c,LAB_8004294c,game,TODO,,
0x80042958,LAB_80042958,game,TODO,,
0x8004295c,LAB_8004295c,game,TODO,,
0x80042960,LAB_80042960,game,TODO,,
0x80042968,LAB_80042968,game,TODO,,
0x800429a4,FUN_800429a4,unknown,TODO,,
0x80042a34,LAB_80042a34,game,TODO,,
0x80042a40,LAB_80042a40,game,TODO,,
0x80042a44,LAB_80042a44,game,TODO,,
0x80042a88,LAB_80042a88,game,TODO,,
0x80042a98,LAB_80042a98,game,TODO,,
0x80042aa4,LAB_80042aa4,game,TODO,,
0x80042b28,LAB_80042b28,game,TODO,,
0x80042b40,LAB_80042b40,game,TODO,,
0x80042b54,LAB_80042b54,game,TODO,,
0x80042b8c,LAB_80042b8c,game,TODO,,
0x80042b90,LAB_80042b90,game,TODO,,
0x80042bb4,LAB_80042bb4,game,TODO,,
0x80042bcc,LAB_80042bcc,game,TODO,,
0x80042bd0,LAB_80042bd0,game,TODO,,
0x80042be4,LAB_80042be4,game,TODO,,
0x80042c48,LAB_80042c48,game,TODO,,
0x80042c50,LAB_80042c50,game,TODO,,
0x80042c54,LAB_80042c54,game,TODO,,
0x80042c58,LAB_80042c58,game,TODO,,
0x80042c60,LAB_80042c60,game,TODO,,
0x80042ce4,LAB_80042ce4,game,TODO,,
0x80042cf0,LAB_80042cf0,game,TODO,,
0x80042d00,LAB_80042d00,game,TODO,,
0x80042d4c,LAB_80042d4c,game,TODO,,
0x80042d58,LAB_80042d58,game,TODO,,
0x80042d90,LAB_80042d90,game,TODO,,
0x80042dac,LAB_80042dac,game,TODO,,
0x80042df8,LAB_80042df8,game,TODO,,
0x80042e14,LAB_80042e14,game,TODO,,
0x80042e20,LAB_80042e20,game,TODO,,
0x80042e24,LAB_80042e24,game,TODO,,
0x80042e28,LAB_80042e28,game,TODO,,
0x80042e74,LAB_80042e74,game,TODO,,
0x80042e78,LAB_80042e78,game,TODO,,
0x80042ea8,LAB_80042ea8,game,TODO,,
0x80042eac,LAB_80042eac,game,TODO,,
0x80042ec0,FUN_80042ec0,unknown,TODO,,
0x80042f34,LAB_80042f34,game,TODO,,
0x80042f4c,LAB_80042f4c,game,TODO,,
0x80042f88,LAB_80042f88,game,TODO,,
0x80042fa0,LAB_80042fa0,game,TODO,,
0x80042fec,LAB_80042fec,game,TODO,,
0x80042ff4,LAB_80042ff4,game,TODO,,
0x80043004,LAB_80043004,game,TODO,,
0x80043008,LAB_80043008,game,TODO,,
0x80043010,FUN_80043010,unknown,TODO,,
0x80043040,LAB_80043040,game,TODO,,
0x80043050,LAB_80043050,game,TODO,,
0x80043054,LAB_80043054,game,TODO,,
0x80043070,LAB_80043070,game,TODO,,
0x80043088,LAB_80043088,game,TODO,,
0x8004310c,LAB_8004310c,game,TODO,,
0x80043124,LAB_80043124,game,TODO,,
0x80043128,LAB_80043128,game,TODO,,
0x80043140,LAB_80043140,game,TODO,,
0x80043154,LAB_80043154,game,TODO,,
0x80043164,LAB_80043164,game,TODO,,
0x80043170,LAB_80043170,game,TODO,,
0x80043174,LAB_80043174,game,TODO,,
0x80043178,LAB_80043178,game,TODO,,
0x8004318c,LAB_8004318c,game,TODO,,
0x800431b0,LAB_800431b0,game,TODO,,
0x800431c4,LAB_800431c4,game,TODO,,
0x800431cc,LAB_800431cc,game,TODO,,
0x80043214,LAB_80043214,game,TODO,,
0x8004322c,LAB_8004322c,game,TODO,,
0x80043230,LAB_80043230,game,TODO,,
0x80043268,LAB_80043268,game,TODO,,
0x80043274,LAB_80043274,game,TODO,,
0x800432a0,LAB_800432a0,game,TODO,,
0x800432b4,LAB_800432b4,game,TODO,,
0x800432c0,LAB_800432c0,game,TODO,,
0x800432c4,LAB_800432c4,game,TODO,,
0x800432c8,LAB_800432c8,game,TODO,,
0x800432fc,LAB_800432fc,game,TODO,,
0x80043314,LAB_80043314,game,TODO,,
0x80043340,LAB_80043340,game,TODO,,
0x80043358,LAB_80043358,game,TODO,,
0x80043378,LAB_80043378,game,TODO,,
0x8004337c,LAB_8004337c,game,TODO,,
0x80043398,LAB_80043398,game,TODO,,
0x80043474,LAB_80043474,game,TODO,,
0x80043478,LAB_80043478,game,TODO,,
0x800434dc,LAB_800434dc,game,TODO,,
0x80043500,LAB_80043500,game,TODO,,
0x800435c4,LAB_800435c4,game,TODO,,
0x80043610,LAB_80043610,game,TODO,,
0x80043698,LAB_80043698,game,TODO,,
0x800436a4,LAB_800436a4,game,TODO,,
0x800436c4,LAB_800436c4,game,TODO,,
0x800436d0,LAB_800436d0,game,TODO,,
0x800436f8,LAB_800436f8,game,TODO,,
0x80043704,LAB_80043704,game,TODO,,
0x8004372c,LAB_8004372c,game,TODO,,
0x80043750,LAB_80043750,game,TODO,,
0x8004375c,LAB_8004375c,game,TODO,,
0x800437b4,LAB_800437b4,game,TODO,,
0x80043800,LAB_80043800,game,TODO,,
0x80043814,LAB_80043814,game,TODO,,
0x80043848,FUN_80043848,unknown,TODO,,
0x800438e4,LAB_800438e4,game,TODO,,
0x8004391c,LAB_8004391c,game,TODO,,
0x80043980,FUN_80043980,unknown,TODO,,
0x80043a8c,LAB_80043a8c,game,TODO,,
0x80043aa4,LAB_80043aa4,game,TODO,,
0x80043ae4,FUN_80043ae4,unknown,TODO,,
0x80043bcc,LAB_80043bcc,game,TODO,,
0x80043be4,LAB_80043be4,game,TODO,,
0x80043c20,FUN_80043c20,unknown,TODO,,
0x80043c5c,LAB_80043c5c,game,TODO,,
0x80043c98,LAB_80043c98,game,TODO,,
0x80043cac,LAB_80043cac,game,TODO,,
0x80043cbc,LAB_80043cbc,game,TODO,,
0x80043cc0,LAB_80043cc0,game,TODO,,
0x80043cd4,LAB_80043cd4,game,TODO,,
0x80043ce0,LAB_80043ce0,game,TODO,,
0x80043d08,LAB_80043d08,game,TODO,,
0x80043d18,LAB_80043d18,game,TODO,,
0x80043d2c,LAB_80043d2c,game,TODO,,
0x80043d48,LAB_80043d48,game,TODO,,
0x80043d50,LAB_80043d50,game,TODO,,
0x80043d64,LAB_80043d64,game,TODO,,
0x80043d8c,LAB_80043d8c,game,TODO,,
0x80043dc8,LAB_80043dc8,game,TODO,,
0x80043ddc,LAB_80043ddc,game,TODO,,
0x80043dec,LAB_80043dec,game,TODO,,
0x80043df0,LAB_80043df0,game,TODO,,
0x80043e28,LAB_80043e28,game,TODO,,
0x80043e40,LAB_80043e40,game,TODO,,
0x80043e8c,LAB_80043e8c,game,TODO,,
0x80043ea8,LAB_80043ea8,game,TODO,,
0x80043eb8,LAB_80043eb8,game,TODO,,
0x80043ed8,LAB_80043ed8,game,TODO,,
0x80043ee4,LAB_80043ee4,game,TODO,,
0x80043eec,LAB_80043eec,game,TODO,,
0x80043efc,LAB_80043efc,game,TODO,,
0x80043f04,FUN_80043f04,unknown,TODO,,
0x80043fb0,LAB_80043fb0,game,TODO,,
0x80043fb4,LAB_80043fb4,game,TODO,,
0x80043fe8,LAB_80043fe8,game,TODO,,
0x80044014,LAB_80044014,game,TODO,,
0x80044034,FUN_80044034,unknown,TODO,,
0x80044068,LAB_80044068,game,TODO,,
0x8004407c,LAB_8004407c,game,TODO,,
0x800440d0,LAB_800440d0,game,TODO,,
0x800440dc,LAB_800440dc,game,TODO,,
0x800440f8,LAB_800440f8,game,TODO,,
0x80044104,LAB_80044104,game,TODO,,
0x80044108,LAB_80044108,game,TODO,,
0x8004415c,LAB_8004415c,game,TODO,,
0x80044180,LAB_80044180,game,TODO,,
0x8004418c,LAB_8004418c,game,TODO,,
0x800441a8,LAB_800441a8,game,TODO,,
0x800441b4,LAB_800441b4,game,TODO,,
0x800441b8,LAB_800441b8,game,TODO,,
0x80044268,LAB_80044268,game,TODO,,
0x80044274,LAB_80044274,game,TODO,,
0x800442a0,LAB_800442a0,game,TODO,,
0x800442b8,LAB_800442b8,game,TODO,,
0x800442f0,LAB_800442f0,game,TODO,,
0x800442f8,LAB_800442f8,game,TODO,,
0x80044300,LAB_80044300,game,TODO,,
0x8004431c,FUN_8004431c,unknown,TODO,,
0x8004436c,LAB_8004436c,game,TODO,,
0x80044378,LAB_80044378,game,TODO,,
0x80044394,LAB_80044394,game,TODO,,
0x8004439c,LAB_8004439c,game,TODO,,
0x800443a8,LAB_800443a8,game,TODO,,
0x800443cc,LAB_800443cc,game,TODO,,
0x800443d8,LAB_800443d8,game,TODO,,
0x800443dc,LAB_800443dc,game,TODO,,
0x80044400,LAB_80044400,game,TODO,,
0x8004443c,LAB_8004443c,game,TODO,,
0x80044448,LAB_80044448,game,TODO,,
0x80044464,LAB_80044464,game,TODO,,
0x800444c0,LAB_800444c0,game,TODO,,
0x800444dc,LAB_800444dc,game,TODO,,
0x80044508,LAB_80044508,game,TODO,,
0x80044520,LAB_80044520,game,TODO,,
0x80044528,LAB_80044528,game,TODO,,
0x80044554,LAB_80044554,game,TODO,,
0x80044558,LAB_80044558,game,TODO,,
0x80044570,LAB_80044570,game,TODO,,
0x800445d8,LAB_800445d8,game,TODO,,
0x8004464c,LAB_8004464c,game,TODO,,
0x80044670,FUN_80044670,unknown,TODO,,
0x800446c0,LAB_800446c0,game,TODO,,
0x800446e8,LAB_800446e8,game,TODO,,
0x800446f0,LAB_800446f0,game,TODO,,
0x80044704,LAB_80044704,game,TODO,,
0x80044720,LAB_80044720,game,TODO,,
0x800447a8,LAB_800447a8,game,TODO,,
0x800447e8,FUN_800447e8,unknown,TODO,,
0x8004485c,LAB_8004485c,game,TODO,,
0x80044874,LAB_80044874,game,TODO,,
0x800448b0,LAB_800448b0,game,TODO,,
0x800448b8,LAB_800448b8,game,TODO,,
0x800448f8,LAB_800448f8,game,TODO,,
0x8004492c,LAB_8004492c,game,TODO,,
0x80044948,FUN_80044948,unknown,TODO,,
0x800449cc,LAB_800449cc,game,TODO,,
0x800449dc,LAB_800449dc,game,TODO,,
0x80044a0c,LAB_80044a0c,game,TODO,,
0x80044a38,LAB_80044a38,game,TODO,,
0x80044a60,LAB_80044a60,game,TODO,,
0x80044a68,LAB_80044a68,game,TODO,,
0x80044a90,LAB_80044a90,game,TODO,,
0x80044ab4,LAB_80044ab4,game,TODO,,
0x80044acc,LAB_80044acc,game,TODO,,
0x80044adc,LAB_80044adc,game,TODO,,
0x80044af0,LAB_80044af0,game,TODO,,
0x80044b20,LAB_80044b20,game,TODO,,
0x80044b44,LAB_80044b44,game,TODO,,
0x80044b4c,LAB_80044b4c,game,TODO,,
0x80044b8c,LAB_80044b8c,game,TODO,,
0x80044ba4,LAB_80044ba4,game,TODO,,
0x80044bc0,LAB_80044bc0,game,TODO,,
0x80044bd4,LAB_80044bd4,game,TODO,,
0x80044c00,LAB_80044c00,game,TODO,,
0x80044c04,LAB_80044c04,game,TODO,,
0x80044c30,LAB_80044c30,game,TODO,,
0x80044c4c,LAB_80044c4c,game,TODO,,
0x80044c64,LAB_80044c64,game,TODO,,
0x80044c94,LAB_80044c94,game,TODO,,
0x80044cac,LAB_80044cac,game,TODO,,
0x80044ce0,LAB_80044ce0,game,TODO,,
0x80044cf0,LAB_80044cf0,game,TODO,,
0x80044cfc,LAB_80044cfc,game,TODO,,
0x80044d14,LAB_80044d14,game,TODO,,
0x80044d68,LAB_80044d68,game,TODO,,
0x80044d88,LAB_80044d88,game,TODO,,
0x80044da8,LAB_80044da8,game,TODO,,
0x80044db8,FUN_80044db8,unknown,TODO,,
0x80044e04,LAB_80044e04,game,TODO,,
0x80044e20,LAB_80044e20,game,TODO,,
0x80044e30,FUN_80044e30,unknown,TODO,,
0x80044e64,LAB_80044e64,game,TODO,,
0x80044eb0,FUN_80044eb0,unknown,TODO,,
0x80044ec0,LAB_80044ec0,game,TODO,,
0x80044ed8,LAB_80044ed8,game,TODO,,
0x80044f38,LAB_80044f38,game,TODO,,
0x80044f88,LAB_80044f88,game,TODO,,
0x80044fd0,LAB_80044fd0,game,TODO,,
0x80045000,LAB_80045000,game,TODO,,
0x80045038,LAB_80045038,game,TODO,,
0x80045050,LAB_80045050,game,TODO,,
0x80045080,LAB_80045080,game,TODO,,
0x80045084,LAB_80045084,game,TODO,,
0x800450b0,LAB_800450b0,game,TODO,,
0x80045104,LAB_80045104,game,TODO,,
0x8004511c,LAB_8004511c,game,TODO,,
0x80045134,LAB_80045134,game,TODO,,
0x8004515c,LAB_8004515c,game,TODO,,
0x800451b4,LAB_800451b4,game,TODO,,
0x800451b8,LAB_800451b8,game,TODO,,
0x800451d8,LAB_800451d8,game,TODO,,
0x800451f4,LAB_800451f4,game,TODO,,
0x8004525c,LAB_8004525c,game,TODO,,
0x8004526c,LAB_8004526c,game,TODO,,
0x80045274,FUN_80045274,unknown,TODO,,
0x800452a4,LAB_800452a4,game,TODO,,
0x800452b4,FUN_800452b4,unknown,TODO,,
0x80045390,FUN_80045390,unknown,TODO,,
0x80045848,FUN_80045848,unknown,TODO,,
0x80045948,LAB_80045948,game,TODO,,
0x80045960,FUN_80045960,unknown,TODO,,
0x80045aa4,FUN_80045aa4,unknown,TODO,,
0x80045b0c,LAB_80045b0c,game,TODO,,
0x80045b28,LAB_80045b28,game,TODO,,
0x80045b30,LAB_80045b30,game,TODO,,
0x80045b38,LAB_80045b38,game,TODO,,
0x80045b3c,LAB_80045b3c,game,TODO,,
0x80045b50,LAB_80045b50,game,TODO,,
0x80045b70,LAB_80045b70,game,TODO,,
0x80045bc4,LAB_80045bc4,game,TODO,,
0x80045bc8,LAB_80045bc8,game,TODO,,
0x80045bf8,LAB_80045bf8,game,TODO,,
0x80045c30,LAB_80045c30,game,TODO,,
0x80045c38,FUN_80045c38,unknown,TODO,,
0x80045ccc,LAB_80045ccc,game,TODO,,
0x80045ce8,LAB_80045ce8,game,TODO,,
0x80045cf0,LAB_80045cf0,game,TODO,,
0x80045cf8,LAB_80045cf8,game,TODO,,
0x80045d00,LAB_80045d00,game,TODO,,
0x80045d04,LAB_80045d04,game,TODO,,
0x80045d18,LAB_80045d18,game,TODO,,
0x80045d1c,LAB_80045d1c,game,TODO,,
0x80045d3c,LAB_80045d3c,game,TODO,,
0x80045d58,LAB_80045d58,game,TODO,,
0x80045d60,LAB_80045d60,game,TODO,,
0x80045d68,LAB_80045d68,game,TODO,,
0x80045d6c,LAB_80045d6c,game,TODO,,
0x80045d80,LAB_80045d80,game,TODO,,
0x80045db0,LAB_80045db0,game,TODO,,
0x80045e04,LAB_80045e04,game,TODO,,
0x80045e08,LAB_80045e08,game,TODO,,
0x80045e38,LAB_80045e38,game,TODO,,
0x80045e88,LAB_80045e88,game,TODO,,
0x80045edc,LAB_80045edc,game,TODO,,
0x80045ee0,LAB_80045ee0,game,TODO,,
0x80045f10,LAB_80045f10,game,TODO,,
0x80045f64,LAB_80045f64,game,TODO,,
0x80045f80,LAB_80045f80,game,TODO,,
0x80045fd4,LAB_80045fd4,game,TODO,,
0x80045fd8,LAB_80045fd8,game,TODO,,
0x80046008,LAB_80046008,game,TODO,,
0x8004605c,LAB_8004605c,game,TODO,,
0x800460b0,LAB_800460b0,game,TODO,,
0x800460b4,LAB_800460b4,game,TODO,,
0x800460e0,LAB_800460e0,game,TODO,,
0x80046118,LAB_80046118,game,TODO,,
0x8004613c,LAB_8004613c,game,TODO,,
0x80046158,LAB_80046158,game,TODO,,
0x80046160,LAB_80046160,game,TODO,,
0x80046168,LAB_80046168,game,TODO,,
0x80046170,LAB_80046170,game,TODO,,
0x80046174,LAB_80046174,game,TODO,,
0x80046188,LAB_80046188,game,TODO,,
0x8004618c,LAB_8004618c,game,TODO,,
0x800461ac,LAB_800461ac,game,TODO,,
0x800461f0,LAB_800461f0,game,TODO,,
0x8004620c,LAB_8004620c,game,TODO,,
0x80046260,LAB_80046260,game,TODO,,
0x80046264,LAB_80046264,game,TODO,,
0x80046294,LAB_80046294,game,TODO,,
0x800462ec,LAB_800462ec,game,TODO,,
0x80046340,LAB_80046340,game,TODO,,
0x80046344,LAB_80046344,game,TODO,,
0x80046374,LAB_80046374,game,TODO,,
0x800463b8,LAB_800463b8,game,TODO,,
0x800463c4,LAB_800463c4,game,TODO,,
0x800463dc,FUN_800463dc,unknown,TODO,,
0x800463fc,FUN_800463fc,unknown,TODO,,
0x8004640c,FUN_8004640c,unknown,TODO,,
0x8004641c,FUN_8004641c,unknown,TODO,,
0x8004643c,FUN_8004643c,unknown,TODO,,
0x800464d8,FUN_800464d8,unknown,TODO,,
0x800464ec,LAB_800464ec,game,TODO,,
0x8004653c,LAB_8004653c,game,TODO,,
0x80046584,FUN_80046584,unknown,TODO,,
0x800465d8,LAB_800465d8,game,TODO,,
0x800465fc,LAB_800465fc,game,TODO,,
0x80046614,LAB_80046614,game,TODO,,
0x80046624,LAB_80046624,game,TODO,,
0x8004663c,LAB_8004663c,game,TODO,,
0x8004664c,LAB_8004664c,game,TODO,,
0x80046680,LAB_80046680,game,TODO,,
0x800466a4,LAB_800466a4,game,TODO,,
0x800466bc,LAB_800466bc,game,TODO,,
0x800466cc,LAB_800466cc,game,TODO,,
0x80046770,LAB_80046770,game,TODO,,
0x80046774,LAB_80046774,game,TODO,,
0x80046790,LAB_80046790,game,TODO,,
0x80046794,LAB_80046794,game,TODO,,
0x800467bc,LAB_800467bc,game,TODO,,
0x800467e0,LAB_800467e0,game,TODO,,
0x800467f4,FUN_800467f4,unknown,TODO,,
0x80046838,LAB_80046838,game,TODO,,
0x800468bc,LAB_800468bc,game,TODO,,
0x800468d4,LAB_800468d4,game,TODO,,
0x800468e4,LAB_800468e4,game,TODO,,
0x8004690c,LAB_8004690c,game,TODO,,
0x80046924,LAB_80046924,game,TODO,,
0x80046948,LAB_80046948,game,TODO,,
0x80046954,LAB_80046954,game,TODO,,
0x8004695c,LAB_8004695c,game,TODO,,
0x8004696c,LAB_8004696c,game,TODO,,
0x80046990,LAB_80046990,game,TODO,,
0x800469b8,LAB_800469b8,game,TODO,,
0x800469e8,LAB_800469e8,game,TODO,,
0x800469f8,LAB_800469f8,game,TODO,,
0x80046a0c,LAB_80046a0c,game,TODO,,
0x80046a30,FUN_80046a30,unknown,TODO,,
0x80046a74,LAB_80046a74,game,TODO,,
0x80046af8,LAB_80046af8,game,TODO,,
0x80046b10,LAB_80046b10,game,TODO,,
0x80046b20,LAB_80046b20,game,TODO,,
0x80046b48,LAB_80046b48,game,TODO,,
0x80046b60,LAB_80046b60,game,TODO,,
0x80046b84,LAB_80046b84,game,TODO,,
0x80046b90,LAB_80046b90,game,TODO,,
0x80046b98,LAB_80046b98,game,TODO,,
0x80046ba8,LAB_80046ba8,game,TODO,,
0x80046bcc,LAB_80046bcc,game,TODO,,
0x80046bf4,LAB_80046bf4,game,TODO,,
0x80046c24,LAB_80046c24,game,TODO,,
0x80046c34,LAB_80046c34,game,TODO,,
0x80046c48,LAB_80046c48,game,TODO,,
0x80046c6c,FUN_80046c6c,unknown,TODO,,
0x80046cb0,LAB_80046cb0,game,TODO,,
0x80046d34,LAB_80046d34,game,TODO,,
0x80046d4c,LAB_80046d4c,game,TODO,,
0x80046d5c,LAB_80046d5c,game,TODO,,
0x80046d84,LAB_80046d84,game,TODO,,
0x80046d9c,LAB_80046d9c,game,TODO,,
0x80046dc0,LAB_80046dc0,game,TODO,,
0x80046dcc,LAB_80046dcc,game,TODO,,
0x80046dd4,LAB_80046dd4,game,TODO,,
0x80046de4,LAB_80046de4,game,TODO,,
0x80046e08,LAB_80046e08,game,TODO,,
0x80046e30,LAB_80046e30,game,TODO,,
0x80046e60,LAB_80046e60,game,TODO,,
0x80046e70,LAB_80046e70,game,TODO,,
0x80046e84,LAB_80046e84,game,TODO,,
0x80046ea8,FUN_80046ea8,unknown,TODO,,
0x80046f5c,LAB_80046f5c,game,TODO,,
0x80046fe0,LAB_80046fe0,game,TODO,,
0x80046fec,LAB_80046fec,game,TODO,,
0x80047008,LAB_80047008,game,TODO,,
0x80047020,LAB_80047020,game,TODO,,
0x80047038,LAB_80047038,game,TODO,,
0x800470b8,LAB_800470b8,game,TODO,,
0x800470f4,LAB_800470f4,game,TODO,,
0x80047100,LAB_80047100,game,TODO,,
0x80047114,LAB_80047114,game,TODO,,
0x80047134,LAB_80047134,game,TODO,,
0x8004714c,LAB_8004714c,game,TODO,,
0x80047158,LAB_80047158,game,TODO,,
0x8004716c,LAB_8004716c,game,TODO,,
0x80047184,LAB_80047184,game,TODO,,
0x80047190,LAB_80047190,game,TODO,,
0x800471a0,LAB_800471a0,game,TODO,,
0x800471bc,LAB_800471bc,game,TODO,,
0x800471d4,LAB_800471d4,game,TODO,,
0x800471e0,LAB_800471e0,game,TODO,,
0x800471f4,LAB_800471f4,game,TODO,,
0x8004720c,LAB_8004720c,game,TODO,,
0x80047218,LAB_80047218,game,TODO,,
0x80047228,LAB_80047228,game,TODO,,
0x80047234,LAB_80047234,game,TODO,,
0x80047240,LAB_80047240,game,TODO,,
0x80047260,LAB_80047260,game,TODO,,
0x80047264,LAB_80047264,game,TODO,,
0x80047284,LAB_80047284,game,TODO,,
0x80047288,LAB_80047288,game,TODO,,
0x800472a8,LAB_800472a8,game,TODO,,
0x800472c0,LAB_800472c0,game,TODO,,
0x800472c4,LAB_800472c4,game,TODO,,
0x800472e0,LAB_800472e0,game,TODO,,
0x800472e4,LAB_800472e4,game,TODO,,
0x800472e8,LAB_800472e8,game,TODO,,
0x80047370,LAB_80047370,game,TODO,,
0x800473ac,LAB_800473ac,game,TODO,,
0x800473b8,LAB_800473b8,game,TODO,,
0x800473cc,LAB_800473cc,game,TODO,,
0x800473ec,LAB_800473ec,game,TODO,,
0x80047404,LAB_80047404,game,TODO,,
0x80047410,LAB_80047410,game,TODO,,
0x80047424,LAB_80047424,game,TODO,,
0x8004743c,LAB_8004743c,game,TODO,,
0x80047448,LAB_80047448,game,TODO,,
0x80047458,LAB_80047458,game,TODO,,
0x80047474,LAB_80047474,game,TODO,,
0x8004748c,LAB_8004748c,game,TODO,,
0x80047498,LAB_80047498,game,TODO,,
0x800474ac,LAB_800474ac,game,TODO,,
0x800474c4,LAB_800474c4,game,TODO,,
0x800474d0,LAB_800474d0,game,TODO,,
0x800474e0,LAB_800474e0,game,TODO,,
0x800474ec,LAB_800474ec,game,TODO,,
0x800474f8,LAB_800474f8,game,TODO,,
0x80047518,LAB_80047518,game,TODO,,
0x8004751c,LAB_8004751c,game,TODO,,
0x8004753c,LAB_8004753c,game,TODO,,
0x80047540,LAB_80047540,game,TODO,,
0x80047560,LAB_80047560,game,TODO,,
0x80047578,LAB_80047578,game,TODO,,
0x8004757c,LAB_8004757c,game,TODO,,
0x80047598,LAB_80047598,game,TODO,,
0x8004759c,LAB_8004759c,game,TODO,,
0x800475a0,LAB_800475a0,game,TODO,,
0x800475cc,LAB_800475cc,game,TODO,,
0x800475d0,LAB_800475d0,game,TODO,,
0x800475e0,LAB_800475e0,game,TODO,,
0x800475f0,LAB_800475f0,game,TODO,,
0x80047c4c,FUN_80047c4c,unknown,TODO,,
0x80047ca0,LAB_80047ca0,game,TODO,,
0x80047ca8,LAB_80047ca8,game,TODO,,
0x80047cb4,LAB_80047cb4,game,TODO,,
0x80047cbc,LAB_80047cbc,game,TODO,,
0x80047d18,LAB_80047d18,game,TODO,,
0x80047d30,LAB_80047d30,game,TODO,,
0x80047d34,LAB_80047d34,game,TODO,,
0x80047d3c,LAB_80047d3c,game,TODO,,
0x80047d54,LAB_80047d54,game,TODO,,
0x80047d6c,LAB_80047d6c,game,TODO,,
0x80047d70,LAB_80047d70,game,TODO,,
0x80047d78,LAB_80047d78,game,TODO,,
0x80047d9c,LAB_80047d9c,game,TODO,,
0x80047da0,LAB_80047da0,game,TODO,,
0x80047da4,LAB_80047da4,game,TODO,,
0x80047db0,LAB_80047db0,game,TODO,,
0x80047db8,FUN_80047db8,unknown,TODO,,
0x80047de8,LAB_80047de8,game,TODO,,
0x80047e24,LAB_80047e24,game,TODO,,
0x80047e5c,LAB_80047e5c,game,TODO,,
0x80047e6c,LAB_80047e6c,game,TODO,,
0x80047e88,LAB_80047e88,game,TODO,,
0x80047e98,LAB_80047e98,game,TODO,,
0x80047eb8,LAB_80047eb8,game,TODO,,
0x80047ebc,LAB_80047ebc,game,TODO,,
0x80047ed4,LAB_80047ed4,game,TODO,,
0x80047ee0,LAB_80047ee0,game,TODO,,
0x80047f24,LAB_80047f24,game,TODO,,
0x80047f3c,LAB_80047f3c,game,TODO,,
0x80047f40,LAB_80047f40,game,TODO,,
0x80047f60,LAB_80047f60,game,TODO,,
0x80047f78,LAB_80047f78,game,TODO,,
0x80047f90,FUN_80047f90,unknown,TODO,,
0x80047fc8,LAB_80047fc8,game,TODO,,
0x80047fe4,LAB_80047fe4,game,TODO,,
0x80048044,LAB_80048044,game,TODO,,
0x80048050,LAB_80048050,game,TODO,,
0x80048094,LAB_80048094,game,TODO,,
0x800480ac,LAB_800480ac,game,TODO,,
0x800480d0,LAB_800480d0,game,TODO,,
0x800480e8,LAB_800480e8,game,TODO,,
0x800480f0,LAB_800480f0,game,TODO,,
0x80048134,LAB_80048134,game,TODO,,
0x8004814c,LAB_8004814c,game,TODO,,
0x80048168,FUN_80048168,unknown,TODO,,
0x8004819c,FUN_8004819c,unknown,TODO,,
0x800481e8,LAB_800481e8,game,TODO,,
0x80048200,LAB_80048200,game,TODO,,
0x80048264,FUN_80048264,unknown,TODO,,
0x80048308,LAB_80048308,game,TODO,,
0x80048340,LAB_80048340,game,TODO,,
0x80048344,LAB_80048344,game,TODO,,
0x80048358,LAB_80048358,game,TODO,,
0x8004835c,LAB_8004835c,game,TODO,,
0x800483d0,LAB_800483d0,game,TODO,,
0x800483dc,LAB_800483dc,game,TODO,,
0x800483f0,LAB_800483f0,game,TODO,,
0x80048414,LAB_80048414,game,TODO,,
0x8004842c,LAB_8004842c,game,TODO,,
0x80048438,LAB_80048438,game,TODO,,
0x8004844c,LAB_8004844c,game,TODO,,
0x80048464,LAB_80048464,game,TODO,,
0x80048470,LAB_80048470,game,TODO,,
0x80048480,LAB_80048480,game,TODO,,
0x8004849c,LAB_8004849c,game,TODO,,
0x800484b4,LAB_800484b4,game,TODO,,
0x800484c0,LAB_800484c0,game,TODO,,
0x800484d4,LAB_800484d4,game,TODO,,
0x800484ec,LAB_800484ec,game,TODO,,
0x800484f8,LAB_800484f8,game,TODO,,
0x80048508,LAB_80048508,game,TODO,,
0x80048514,LAB_80048514,game,TODO,,
0x80048520,LAB_80048520,game,TODO,,
0x80048524,LAB_80048524,game,TODO,,
0x80048550,LAB_80048550,game,TODO,,
0x80048554,LAB_80048554,game,TODO,,
0x80048564,LAB_80048564,game,TODO,,
0x800485c0,LAB_800485c0,game,TODO,,
0x800485c4,LAB_800485c4,game,TODO,,
0x800485d4,LAB_800485d4,game,TODO,,
0x80048624,LAB_80048624,game,TODO,,
0x8004867c,FUN_8004867c,unknown,TODO,,
0x80048698,LAB_80048698,game,TODO,,
0x800486c8,LAB_800486c8,game,TODO,,
0x800486d0,LAB_800486d0,game,TODO,,
0x800486d8,LAB_800486d8,game,TODO,,
0x800486e4,LAB_800486e4,game,TODO,,
0x800486e8,LAB_800486e8,game,TODO,,
0x800486f0,LAB_800486f0,game,TODO,,
0x80048764,LAB_80048764,game,TODO,,
0x800487a0,LAB_800487a0,game,TODO,,
0x800487ac,LAB_800487ac,game,TODO,,
0x800487e0,FUN_800487e0,unknown,TODO,,
0x800487f4,LAB_800487f4,game,TODO,,
0x80048844,LAB_80048844,game,TODO,,
0x80048858,LAB_80048858,game,TODO,,
0x80048878,LAB_80048878,game,TODO,,
0x8004887c,LAB_8004887c,game,TODO,,
0x80048880,LAB_80048880,game,TODO,,
0x80048898,LAB_80048898,game,TODO,,
0x800488a8,LAB_800488a8,game,TODO,,
0x800488f0,LAB_800488f0,game,TODO,,
0x80048908,LAB_80048908,game,TODO,,
0x80048964,FUN_80048964,unknown,TODO,,
0x800489bc,LAB_800489bc,game,TODO,,
0x800489d0,LAB_800489d0,game,TODO,,
0x800489e4,LAB_800489e4,game,TODO,,
0x80048a00,LAB_80048a00,game,TODO,,
0x80048a30,LAB_80048a30,game,TODO,,
0x80048a74,LAB_80048a74,game,TODO,,
0x80048a78,LAB_80048a78,game,TODO,,
0x80048a88,LAB_80048a88,game,TODO,,
0x80048a9c,LAB_80048a9c,game,TODO,,
0x80048ab4,LAB_80048ab4,game,TODO,,
0x80048ac8,LAB_80048ac8,game,TODO,,
0x80048adc,LAB_80048adc,game,TODO,,
0x80048b38,FUN_80048b38,unknown,TODO,,
0x80048b6c,LAB_80048b6c,game,TODO,,
0x80048b84,LAB_80048b84,game,TODO,,
0x80048bac,LAB_80048bac,game,TODO,,
0x80048bb8,LAB_80048bb8,game,TODO,,
0x80048be0,LAB_80048be0,game,TODO,,
0x80048c10,LAB_80048c10,game,TODO,,
0x80048c18,LAB_80048c18,game,TODO,,
0x80048c28,LAB_80048c28,game,TODO,,
0x80048cac,FUN_80048cac,unknown,TODO,,
0x80048cc0,LAB_80048cc0,game,TODO,,
0x80048ce4,LAB_80048ce4,game,TODO,,
0x80048d2c,LAB_80048d2c,game,TODO,,
0x80048d30,LAB_80048d30,game,TODO,,
0x80048d40,LAB_80048d40,game,TODO,,
0x80048d48,LAB_80048d48,game,TODO,,
0x80048d4c,LAB_80048d4c,game,TODO,,
0x80048d70,LAB_80048d70,game,TODO,,
0x80048d94,FUN_80048d94,unknown,TODO,,
0x80048de4,LAB_80048de4,game,TODO,,
0x80048dfc,LAB_80048dfc,game,TODO,,
0x80048e5c,LAB_80048e5c,game,TODO,,
0x80048e88,LAB_80048e88,game,TODO,,
0x80048e94,LAB_80048e94,game,TODO,,
0x80048eec,LAB_80048eec,game,TODO,,
0x80048f08,LAB_80048f08,game,TODO,,
0x80048f38,LAB_80048f38,game,TODO,,
0x80048f50,LAB_80048f50,game,TODO,,
0x80048f88,LAB_80048f88,game,TODO,,
0x80048fa0,LAB_80048fa0,game,TODO,,
0x80048fcc,LAB_80048fcc,game,TODO,,
0x80049008,LAB_80049008,game,TODO,,
0x8004903c,LAB_8004903c,game,TODO,,
0x800490b0,LAB_800490b0,game,TODO,,
0x800490d8,LAB_800490d8,game,TODO,,
0x800490dc,LAB_800490dc,game,TODO,,
0x80049108,LAB_80049108,game,TODO,,
0x8004910c,LAB_8004910c,game,TODO,,
0x80049154,LAB_80049154,game,TODO,,
0x80049170,LAB_80049170,game,TODO,,
0x800491a4,LAB_800491a4,game,TODO,,
0x800491bc,LAB_800491bc,game,TODO,,
0x800491c0,LAB_800491c0,game,TODO,,
0x800491d4,LAB_800491d4,game,TODO,,
0x8004921c,LAB_8004921c,game,TODO,,
0x8004923c,LAB_8004923c,game,TODO,,
0x80049264,LAB_80049264,game,TODO,,
0x8004927c,LAB_8004927c,game,TODO,,
0x800492a8,LAB_800492a8,game,TODO,,
0x800492c0,LAB_800492c0,game,TODO,,
0x800492cc,LAB_800492cc,game,TODO,,
0x800492f4,LAB_800492f4,game,TODO,,
0x8004930c,LAB_8004930c,game,TODO,,
0x80049328,LAB_80049328,game,TODO,,
0x80049340,LAB_80049340,game,TODO,,
0x8004937c,FUN_8004937c,unknown,TODO,,
0x800493e0,LAB_800493e0,game,TODO,,
0x800494d8,LAB_800494d8,game,TODO,,
0x80049560,FUN_80049560,unknown,TODO,,
0x80049598,FUN_80049598,unknown,TODO,,
0x800495d0,LAB_800495d0,game,TODO,,
0x800495f4,LAB_800495f4,game,TODO,,
0x80049610,LAB_80049610,game,TODO,,
0x8004964c,LAB_8004964c,game,TODO,,
0x80049670,FUN_80049670,unknown,TODO,,
0x80049720,FUN_80049720,unknown,TODO,,
0x80049734,LAB_80049734,game,TODO,,
0x80049788,LAB_80049788,game,TODO,,
0x800497a8,LAB_800497a8,game,TODO,,
0x800497b8,LAB_800497b8,game,TODO,,
0x800497d0,LAB_800497d0,game,TODO,,
0x80049830,FUN_80049830,unknown,TODO,,
0x80049a74,LAB_80049a74,game,TODO,,
0x80049be0,LAB_80049be0,game,TODO,,
0x80049c3c,LAB_80049c3c,game,TODO,,
0x80049c40,LAB_80049c40,game,TODO,,
0x80049c84,LAB_80049c84,game,TODO,,
0x80049c90,LAB_80049c90,game,TODO,,
0x80049cb0,LAB_80049cb0,game,TODO,,
0x80049d14,LAB_80049d14,game,TODO,,
0x80049d54,FUN_80049d54,unknown,TODO,,
0x80049d88,LAB_80049d88,game,TODO,,
0x80049dc0,LAB_80049dc0,game,TODO,,
0x80049e10,LAB_80049e10,game,TODO,,
0x80049e4c,FUN_80049e4c,unknown,TODO,,
0x80049e6c,LAB_80049e6c,game,TODO,,
0x80049e78,LAB_80049e78,game,TODO,,
0x80049e9c,LAB_80049e9c,game,TODO,,
0x80049f20,LAB_80049f20,game,TODO,,
0x80049f38,LAB_80049f38,game,TODO,,
0x80049f44,LAB_80049f44,game,TODO,,
0x80049f7c,LAB_80049f7c,game,TODO,,
0x80049f94,LAB_80049f94,game,TODO,,
0x80049fa0,FUN_80049fa0,unknown,TODO,,
0x80049fe8,LAB_80049fe8,game,TODO,,
0x8004a028,LAB_8004a028,game,TODO,,
0x8004a02c,LAB_8004a02c,game,TODO,,
0x8004a084,LAB_8004a084,game,TODO,,
0x8004a094,LAB_8004a094,game,TODO,,
0x8004a0ac,LAB_8004a0ac,game,TODO,,
0x8004a108,FUN_8004a108,unknown,TODO,,
0x8004a140,LAB_8004a140,game,TODO,,
0x8004a178,LAB_8004a178,game,TODO,,
0x8004a17c,LAB_8004a17c,game,TODO,,
0x8004a1a8,LAB_8004a1a8,game,TODO,,
0x8004a1cc,LAB_8004a1cc,game,TODO,,
0x8004a1d0,LAB_8004a1d0,game,TODO,,
0x8004a1f0,LAB_8004a1f0,game,TODO,,
0x8004a224,LAB_8004a224,game,TODO,,
0x8004a25c,LAB_8004a25c,game,TODO,,
0x8004a30c,LAB_8004a30c,game,TODO,,
0x8004a330,LAB_8004a330,game,TODO,,
0x8004a344,LAB_8004a344,game,TODO,,
0x8004a37c,FUN_8004a37c,unknown,TODO,,
0x8004a478,FUN_8004a478,unknown,TODO,,
0x8004a4a8,LAB_8004a4a8,game,TODO,,
0x8004a4b4,LAB_8004a4b4,game,TODO,,
0x8004a4b8,LAB_8004a4b8,game,TODO,,
0x8004a534,LAB_8004a534,game,TODO,,
0x8004a550,LAB_8004a550,game,TODO,,
0x8004a584,LAB_8004a584,game,TODO,,
0x8004a5ac,LAB_8004a5ac,game,TODO,,
0x8004a5c4,FUN_8004a5c4,unknown,TODO,,
0x8004a5dc,LAB_8004a5dc,game,TODO,,
0x8004a61c,FUN_8004a61c,unknown,TODO,,
0x8004a680,LAB_8004a680,game,TODO,,
0x8004a688,LAB_8004a688,game,TODO,,
0x8004a69c,LAB_8004a69c,game,TODO,,
0x8004a6cc,LAB_8004a6cc,game,TODO,,
0x8004a6dc,LAB_8004a6dc,game,TODO,,
0x8004a6e8,LAB_8004a6e8,game,TODO,,
0x8004a6f0,LAB_8004a6f0,game,TODO,,
0x8004a700,LAB_8004a700,game,TODO,,
0x8004a70c,LAB_8004a70c,game,TODO,,
0x8004a740,LAB_8004a740,game,TODO,,
0x8004a778,LAB_8004a778,game,TODO,,
0x8004a790,FUN_8004a790,unknown,TODO,,
0x8004a7e0,LAB_8004a7e0,game,TODO,,
0x8004a808,LAB_8004a808,game,TODO,,
0x8004a814,LAB_8004a814,game,TODO,,
0x8004a818,LAB_8004a818,game,TODO,,
0x8004a824,LAB_8004a824,game,TODO,,
0x8004a86c,LAB_8004a86c,game,TODO,,
0x8004a894,LAB_8004a894,game,TODO,,
0x8004a8ac,LAB_8004a8ac,game,TODO,,
0x8004a8c4,LAB_8004a8c4,game,TODO,,
0x8004a8d4,LAB_8004a8d4,game,TODO,,
0x8004a8fc,LAB_8004a8fc,game,TODO,,
0x8004a914,LAB_8004a914,game,TODO,,
0x8004a934,LAB_8004a934,game,TODO,,
0x8004a944,LAB_8004a944,game,TODO,,
0x8004a974,FUN_8004a974,unknown,TODO,,
0x8004a9b0,LAB_8004a9b0,game,TODO,,
0x8004a9c4,LAB_8004a9c4,game,TODO,,
0x8004aa60,LAB_8004aa60,game,TODO,,
0x8004aa70,LAB_8004aa70,game,TODO,,
0x8004aa80,LAB_8004aa80,game,TODO,,
0x8004aa94,LAB_8004aa94,game,TODO,,
0x8004aaa0,LAB_8004aaa0,game,TODO,,
0x8004aab8,LAB_8004aab8,game,TODO,,
0x8004aac4,LAB_8004aac4,game,TODO,,
0x8004aaf4,LAB_8004aaf4,game,TODO,,
0x8004ab0c,LAB_8004ab0c,game,TODO,,
0x8004ab1c,LAB_8004ab1c,game,TODO,,
0x8004ab44,LAB_8004ab44,game,TODO,,
0x8004ab58,LAB_8004ab58,game,TODO,,
0x8004ab70,FUN_8004ab70,unknown,TODO,,
0x8004abac,LAB_8004abac,game,TODO,,
0x8004abb4,LAB_8004abb4,game,TODO,,
0x8004abd8,LAB_8004abd8,game,TODO,,
0x8004abec,LAB_8004abec,game,TODO,,
0x8004abfc,LAB_8004abfc,game,TODO,,
0x8004ac0c,LAB_8004ac0c,game,TODO,,
0x8004ac18,FUN_8004ac18,unknown,TODO,,
0x8004ac44,LAB_8004ac44,game,TODO,,
0x8004ac54,LAB_8004ac54,game,TODO,,
0x8004ad24,FUN_8004ad24,unknown,TODO,,
0x8004ad48,LAB_8004ad48,game,TODO,,
0x8004ad60,LAB_8004ad60,game,TODO,,
0x8004ad6c,FUN_8004ad6c,unknown,TODO,,
0x8004ad94,FUN_8004ad94,unknown,TODO,,
0x8004adbc,FUN_8004adbc,unknown,TODO,,
0x8004ae88,FUN_8004ae88,unknown,TODO,,
0x8004aea4,LAB_8004aea4,game,TODO,,
0x8004aec8,LAB_8004aec8,game,TODO,,
0x8004aef4,LAB_8004aef4,game,TODO,,
0x8004af00,LAB_8004af00,game,TODO,,
0x8004af04,LAB_8004af04,game,TODO,,
0x8004af58,LAB_8004af58,game,TODO,,
0x8004af5c,LAB_8004af5c,game,TODO,,
0x8004af70,LAB_8004af70,game,TODO,,
0x8004af74,LAB_8004af74,game,TODO,,
0x8004afcc,FUN_8004afcc,unknown,TODO,,
0x8004b008,LAB_8004b008,game,TODO,,
0x8004b020,LAB_8004b020,game,TODO,,
0x8004b06c,LAB_8004b06c,game,TODO,,
0x8004b084,LAB_8004b084,game,TODO,,
0x8004b0b0,LAB_8004b0b0,game,TODO,,
0x8004b0f8,LAB_8004b0f8,game,TODO,,
0x8004b100,LAB_8004b100,game,TODO,,
0x8004b110,LAB_8004b110,game,TODO,,
0x8004b16c,LAB_8004b16c,game,TODO,,
0x8004b184,LAB_8004b184,game,TODO,,
0x8004b1a4,FUN_8004b1a4,unknown,TODO,,
0x8004b1c0,LAB_8004b1c0,game,TODO,,
0x8004b1e0,LAB_8004b1e0,game,TODO,,
0x8004b1f8,LAB_8004b1f8,game,TODO,,
0x8004b234,LAB_8004b234,game,TODO,,
0x8004b240,LAB_8004b240,game,TODO,,
0x8004b260,LAB_8004b260,game,TODO,,
0x8004b278,LAB_8004b278,game,TODO,,
0x8004b2b0,LAB_8004b2b0,game,TODO,,
0x8004b2bc,LAB_8004b2bc,game,TODO,,
0x8004b2c0,LAB_8004b2c0,game,TODO,,
0x8004b310,FUN_8004b310,unknown,TODO,,
0x8004b598,FUN_8004b598,unknown,TODO,,
0x8004b5f4,LAB_8004b5f4,game,TODO,,
0x8004b614,LAB_8004b614,game,TODO,,
0x8004b634,LAB_8004b634,game,TODO,,
0x8004b6b8,LAB_8004b6b8,game,TODO,,
0x8004b6c4,LAB_8004b6c4,game,TODO,,
0x8004b6ec,LAB_8004b6ec,game,TODO,,
0x8004b6f0,LAB_8004b6f0,game,TODO,,
0x8004b718,LAB_8004b718,game,TODO,,
0x8004b734,LAB_8004b734,game,TODO,,
0x8004b748,LAB_8004b748,game,TODO,,
0x8004b764,LAB_8004b764,game,TODO,,
0x8004b778,LAB_8004b778,game,TODO,,
0x8004b794,LAB_8004b794,game,TODO,,
0x8004b7a8,LAB_8004b7a8,game,TODO,,
0x8004b810,LAB_8004b810,game,TODO,,
0x8004b818,FUN_8004b818,unknown,TODO,,
0x8004b85c,LAB_8004b85c,game,TODO,,
0x8004b86c,LAB_8004b86c,game,TODO,,
0x8004b8a8,LAB_8004b8a8,game,TODO,,
0x8004b8c0,LAB_8004b8c0,game,TODO,,
0x8004b8f0,LAB_8004b8f0,game,TODO,,
0x8004b8fc,LAB_8004b8fc,game,TODO,,
0x8004b91c,LAB_8004b91c,game,TODO,,
0x8004b930,LAB_8004b930,game,TODO,,
0x8004b944,LAB_8004b944,game,TODO,,
0x8004b988,LAB_8004b988,game,TODO,,
0x8004b990,FUN_8004b990,unknown,TODO,,
0x8004badc,FUN_8004badc,unknown,TODO,,
0x8004bbd0,LAB_8004bbd0,game,TODO,,
0x8004bbf8,LAB_8004bbf8,game,TODO,,
0x8004bc10,LAB_8004bc10,game,TODO,,
0x8004bc2c,LAB_8004bc2c,game,TODO,,
0x8004bc5c,LAB_8004bc5c,game,TODO,,
0x8004bc74,LAB_8004bc74,game,TODO,,
0x8004bc90,LAB_8004bc90,game,TODO,,
0x8004bca8,LAB_8004bca8,game,TODO,,
0x8004bcf8,LAB_8004bcf8,game,TODO,,
0x8004bd10,LAB_8004bd10,game,TODO,,
0x8004bd50,LAB_8004bd50,game,TODO,,
0x8004bd54,LAB_8004bd54,game,TODO,,
0x8004bd68,LAB_8004bd68,game,TODO,,
0x8004bd6c,LAB_8004bd6c,game,TODO,,
0x8004bef0,LAB_8004bef0,game,TODO,,
0x8004befc,LAB_8004befc,game,TODO,,
0x8004bf34,LAB_8004bf34,game,TODO,,
0x8004bf40,LAB_8004bf40,game,TODO,,
0x8004bf6c,LAB_8004bf6c,game,TODO,,
0x8004bfac,LAB_8004bfac,game,TODO,,
0x8004bfd0,LAB_8004bfd0,game,TODO,,
0x8004bff4,LAB_8004bff4,game,TODO,,
0x8004c014,LAB_8004c014,game,TODO,,
0x8004c088,LAB_8004c088,game,TODO,,
0x8004c0ec,LAB_8004c0ec,game,TODO,,
0x8004c0f8,LAB_8004c0f8,game,TODO,,
0x8004c118,LAB_8004c118,game,TODO,,
0x8004c124,LAB_8004c124,game,TODO,,
0x8004c144,LAB_8004c144,game,TODO,,
0x8004c150,LAB_8004c150,game,TODO,,
0x8004c180,LAB_8004c180,game,TODO,,
0x8004c184,LAB_8004c184,game,TODO,,
0x8004c1b0,LAB_8004c1b0,game,TODO,,
0x8004c1b4,LAB_8004c1b4,game,TODO,,
0x8004c1d4,LAB_8004c1d4,game,TODO,,
0x8004c1f4,LAB_8004c1f4,game,TODO,,
0x8004c204,LAB_8004c204,game,TODO,,
0x8004c214,LAB_8004c214,game,TODO,,
0x8004c228,LAB_8004c228,game,TODO,,
0x8004c35c,FUN_8004c35c,unknown,TODO,,
0x8004c4cc,FUN_8004c4cc,unknown,TODO,,
0x8004c508,LAB_8004c508,game,TODO,,
0x8004c510,LAB_8004c510,game,TODO,,
0x8004c524,LAB_8004c524,game,TODO,,
0x8004c528,LAB_8004c528,game,TODO,,
0x8004c6b0,FUN_8004c6b0,unknown,TODO,,
0x8004c6e0,LAB_8004c6e0,game,TODO,,
0x8004c70c,LAB_8004c70c,game,TODO,,
0x8004c730,LAB_8004c730,game,TODO,,
0x8004c73c,LAB_8004c73c,game,TODO,,
0x8004c74c,LAB_8004c74c,game,TODO,,
0x8004c750,LAB_8004c750,game,TODO,,
0x8004c758,LAB_8004c758,game,TODO,,
0x8004c778,LAB_8004c778,game,TODO,,
0x8004c78c,FUN_8004c78c,unknown,TODO,,
0x8004c7b4,LAB_8004c7b4,game,TODO,,
0x8004c800,LAB_8004c800,game,TODO,,
0x8004c854,LAB_8004c854,game,TODO,,
0x8004cb58,FUN_8004cb58,unknown,TODO,,
0x8004cb80,LAB_8004cb80,game,TODO,,
0x8004cb88,FUN_8004cb88,unknown,TODO,,
0x8004cbc4,LAB_8004cbc4,game,TODO,,
0x8004cbd4,LAB_8004cbd4,game,TODO,,
0x8004cc4c,LAB_8004cc4c,game,TODO,,
0x8004cc80,LAB_8004cc80,game,TODO,,
0x8004cc90,FUN_8004cc90,unknown,TODO,,
0x8004ccac,LAB_8004ccac,game,TODO,,
0x8004ced0,FUN_8004ced0,unknown,TODO,,
0x8004cf44,LAB_8004cf44,game,TODO,,
0x8004cf60,LAB_8004cf60,game,TODO,,
0x8004cf78,LAB_8004cf78,game,TODO,,
0x8004cf84,LAB_8004cf84,game,TODO,,
0x8004cf98,LAB_8004cf98,game,TODO,,
0x8004cfb0,LAB_8004cfb0,game,TODO,,
0x8004cfd8,LAB_8004cfd8,game,TODO,,
0x8004d008,LAB_8004d008,game,TODO,,
0x8004d020,LAB_8004d020,game,TODO,,
0x8004d024,LAB_8004d024,game,TODO,,
0x8004d028,LAB_8004d028,game,TODO,,
0x8004d02c,LAB_8004d02c,game,TODO,,
0x8004d070,FUN_8004d070,unknown,TODO,,
0x8004d0e8,LAB_8004d0e8,game,TODO,,
0x8004d10c,LAB_8004d10c,game,TODO,,
0x8004d140,LAB_8004d140,game,TODO,,
0x8004d1e4,LAB_8004d1e4,game,TODO,,
0x8004d1ec,LAB_8004d1ec,game,TODO,,
0x8004d254,LAB_8004d254,game,TODO,,
0x8004d258,LAB_8004d258,game,TODO,,
0x8004d284,FUN_8004d284,unknown,TODO,,
0x8004d2d4,LAB_8004d2d4,game,TODO,,
0x8004d2e0,LAB_8004d2e0,game,TODO,,
0x8004d304,LAB_8004d304,game,TODO,,
0x8004d354,LAB_8004d354,game,TODO,,
0x8004d3a4,LAB_8004d3a4,game,TODO,,
0x8004d3f4,LAB_8004d3f4,game,TODO,,
0x8004d43c,LAB_8004d43c,game,TODO,,
0x8004d444,LAB_8004d444,game,TODO,,
0x8004d468,LAB_8004d468,game,TODO,,
0x8004d480,LAB_8004d480,game,TODO,,
0x8004d494,LAB_8004d494,game,TODO,,
0x8004d4a8,LAB_8004d4a8,game,TODO,,
0x8004d4bc,FUN_8004d4bc,unknown,TODO,,
0x8004d4d0,LAB_8004d4d0,game,TODO,,
0x8004d4d4,LAB_8004d4d4,game,TODO,,
0x8004d524,FUN_8004d524,unknown,TODO,,
0x8004d708,FUN_8004d708,unknown,TODO,,
0x8004d760,LAB_8004d760,game,TODO,,
0x8004d780,LAB_8004d780,game,TODO,,
0x8004d798,LAB_8004d798,game,TODO,,
0x8004d7b8,LAB_8004d7b8,game,TODO,,
0x8004d7d0,LAB_8004d7d0,game,TODO,,
0x8004d814,LAB_8004d814,game,TODO,,
0x8004d818,LAB_8004d818,game,TODO,,
0x8004d86c,LAB_8004d86c,game,TODO,,
0x8004d894,FUN_8004d894,unknown,TODO,,
0x8004d93c,LAB_8004d93c,game,TODO,,
0x8004d95c,LAB_8004d95c,game,TODO,,
0x8004d974,LAB_8004d974,game,TODO,,
0x8004d994,LAB_8004d994,game,TODO,,
0x8004d9ac,LAB_8004d9ac,game,TODO,,
0x8004da34,LAB_8004da34,game,TODO,,
0x8004da64,LAB_8004da64,game,TODO,,
0x8004da7c,LAB_8004da7c,game,TODO,,
0x8004da9c,LAB_8004da9c,game,TODO,,
0x8004dab4,LAB_8004dab4,game,TODO,,
0x8004db24,LAB_8004db24,game,TODO,,
0x8004db30,LAB_8004db30,game,TODO,,
0x8004db74,LAB_8004db74,game,TODO,,
0x8004dbc8,LAB_8004dbc8,game,TODO,,
0x8004dd08,FUN_8004dd08,unknown,TODO,,
0x8004dd80,LAB_8004dd80,game,TODO,,
0x8004dd90,LAB_8004dd90,game,TODO,,
0x8004dde8,LAB_8004dde8,game,TODO,,
0x8004ddf8,LAB_8004ddf8,game,TODO,,
0x8004de14,LAB_8004de14,game,TODO,,
0x8004de38,LAB_8004de38,game,TODO,,
0x8004de50,LAB_8004de50,game,TODO,,
0x8004de60,LAB_8004de60,game,TODO,,
0x8004de80,LAB_8004de80,game,TODO,,
0x8004ded8,LAB_8004ded8,game,TODO,,
0x8004dedc,LAB_8004dedc,game,TODO,,
0x8004df00,LAB_8004df00,game,TODO,,
0x8004df10,LAB_8004df10,game,TODO,,
0x8004df74,LAB_8004df74,game,TODO,,
0x8004df78,LAB_8004df78,game,TODO,,
0x8004df9c,LAB_8004df9c,game,TODO,,
0x8004dfac,LAB_8004dfac,game,TODO,,
0x8004dfe4,LAB_8004dfe4,game,TODO,,
0x8004e00c,LAB_8004e00c,game,TODO,,
0x8004e060,LAB_8004e060,game,TODO,,
0x8004e064,LAB_8004e064,game,TODO,,
0x8004e0b0,LAB_8004e0b0,game,TODO,,
0x8004e0b4,LAB_8004e0b4,game,TODO,,
0x8004e0d0,LAB_8004e0d0,game,TODO,,
0x8004e0fc,LAB_8004e0fc,game,TODO,,
0x8004e100,LAB_8004e100,game,TODO,,
0x8004e148,LAB_8004e148,game,TODO,,
0x8004e14c,LAB_8004e14c,game,TODO,,
0x8004e168,LAB_8004e168,game,TODO,,
0x8004e1a8,LAB_8004e1a8,game,TODO,,
0x8004e1d4,LAB_8004e1d4,game,TODO,,
0x8004e1d8,LAB_8004e1d8,game,TODO,,
0x8004e1f0,LAB_8004e1f0,game,TODO,,
0x8004e20c,FUN_8004e20c,unknown,TODO,,
0x8004e258,LAB_8004e258,game,TODO,,
0x8004e2d4,LAB_8004e2d4,game,TODO,,
0x8004e2e8,LAB_8004e2e8,game,TODO,,
0x8004e344,LAB_8004e344,game,TODO,,
0x8004e364,LAB_8004e364,game,TODO,,
0x8004e394,LAB_8004e394,game,TODO,,
0x8004e3ac,FUN_8004e3ac,unknown,TODO,,
0x8004e408,LAB_8004e408,game,TODO,,
0x8004e434,LAB_8004e434,game,TODO,,
0x8004e44c,LAB_8004e44c,game,TODO,,
0x8004e450,LAB_8004e450,game,TODO,,
0x8004e458,LAB_8004e458,game,TODO,,
0x8004e488,LAB_8004e488,game,TODO,,
0x8004e490,LAB_8004e490,game,TODO,,
0x8004e4ac,LAB_8004e4ac,game,TODO,,
0x8004e4d0,LAB_8004e4d0,game,TODO,,
0x8004e4f0,LAB_8004e4f0,game,TODO,,
0x8004e518,LAB_8004e518,game,TODO,,
0x8004e51c,LAB_8004e51c,game,TODO,,
0x8004e524,LAB_8004e524,game,TODO,,
0x8004e540,FUN_8004e540,unknown,TODO,,
0x8004e594,LAB_8004e594,game,TODO,,
0x8004e5b0,LAB_8004e5b0,game,TODO,,
0x8004e5f4,LAB_8004e5f4,game,TODO,,
0x8004e640,LAB_8004e640,game,TODO,,
0x8004e658,LAB_8004e658,game,TODO,,
0x8004e690,LAB_8004e690,game,TODO,,
0x8004e6a4,FUN_8004e6a4,unknown,TODO,,
0x8004e70c,LAB_8004e70c,game,TODO,,
0x8004e73c,LAB_8004e73c,game,TODO,,
0x8004e75c,LAB_8004e75c,game,TODO,,
0x8004e760,LAB_8004e760,game,TODO,,
0x8004e774,LAB_8004e774,game,TODO,,
0x8004e7a4,LAB_8004e7a4,game,TODO,,
0x8004e7c0,LAB_8004e7c0,game,TODO,,
0x8004e7e4,LAB_8004e7e4,game,TODO,,
0x8004e7e8,LAB_8004e7e8,game,TODO,,
0x8004e7f8,LAB_8004e7f8,game,TODO,,
0x8004e808,FUN_8004e808,unknown,TODO,,
0x8004e86c,LAB_8004e86c,game,TODO,,
0x8004e870,LAB_8004e870,game,TODO,,
0x8004e894,LAB_8004e894,game,TODO,,
0x8004e8b8,LAB_8004e8b8,game,TODO,,
0x8004e8bc,LAB_8004e8bc,game,TODO,,
0x8004e8d0,LAB_8004e8d0,game,TODO,,
0x8004e8d4,LAB_8004e8d4,game,TODO,,
0x8004e8fc,FUN_8004e8fc,unknown,TODO,,
0x8004e930,FUN_8004e930,unknown,TODO,,
0x8004e948,LAB_8004e948,game,TODO,,
0x8004e9cc,FUN_8004e9cc,unknown,TODO,,
0x8004e9f4,LAB_8004e9f4,game,TODO,,
0x8004ea44,LAB_8004ea44,game,TODO,,
0x8004ea94,LAB_8004ea94,game,TODO,,
0x8004eae4,LAB_8004eae4,game,TODO,,
0x8004eb3c,LAB_8004eb3c,game,TODO,,
0x8004eb64,LAB_8004eb64,game,TODO,,
0x8004eb6c,LAB_8004eb6c,game,TODO,,
0x8004eb74,LAB_8004eb74,game,TODO,,
0x8004ebf8,FUN_8004ebf8,unknown,TODO,,
0x8004ece0,LAB_8004ece0,game,TODO,,
0x8004ee34,LAB_8004ee34,game,TODO,,
0x8004f088,FUN_8004f088,unknown,TODO,,
0x8004f0bc,LAB_8004f0bc,game,TODO,,
0x8004f0f4,LAB_8004f0f4,game,TODO,,
0x8004f104,LAB_8004f104,game,TODO,,
0x8004f118,FUN_8004f118,unknown,TODO,,
0x8004f140,LAB_8004f140,game,TODO,,
0x8004f16c,LAB_8004f16c,game,TODO,,
0x8004f198,LAB_8004f198,game,TODO,,
0x8004f22c,LAB_8004f22c,game,TODO,,
0x8004f234,LAB_8004f234,game,TODO,,
0x8004f240,LAB_8004f240,game,TODO,,
0x8004f250,LAB_8004f250,game,TODO,,
0x8004f264,FUN_8004f264,unknown,TODO,,
0x8004f340,LAB_8004f340,game,TODO,,
0x8004f35c,FUN_8004f35c,unknown,TODO,,
0x8004f368,FUN_8004f368,unknown,TODO,,
0x8004f3dc,LAB_8004f3dc,game,TODO,,
0x8004f3e8,LAB_8004f3e8,game,TODO,,
0x8004f3fc,LAB_8004f3fc,game,TODO,,
0x8004f420,LAB_8004f420,game,TODO,,
0x8004f438,LAB_8004f438,game,TODO,,
0x8004f444,LAB_8004f444,game,TODO,,
0x8004f458,LAB_8004f458,game,TODO,,
0x8004f470,LAB_8004f470,game,TODO,,
0x8004f478,LAB_8004f478,game,TODO,,
0x8004f490,LAB_8004f490,game,TODO,,
0x8004f4ac,LAB_8004f4ac,game,TODO,,
0x8004f4c4,LAB_8004f4c4,game,TODO,,
0x8004f4d0,LAB_8004f4d0,game,TODO,,
0x8004f4e4,LAB_8004f4e4,game,TODO,,
0x8004f4fc,LAB_8004f4fc,game,TODO,,
0x8004f504,LAB_8004f504,game,TODO,,
0x8004f51c,LAB_8004f51c,game,TODO,,
0x8004f528,LAB_8004f528,game,TODO,,
0x8004f534,LAB_8004f534,game,TODO,,
0x8004f538,LAB_8004f538,game,TODO,,
0x8004f568,LAB_8004f568,game,TODO,,
0x8004f56c,LAB_8004f56c,game,TODO,,
0x8004f580,LAB_8004f580,game,TODO,,
0x8004f584,LAB_8004f584,game,TODO,,
0x8004f5d0,LAB_8004f5d0,game,TODO,,
0x8004f5dc,LAB_8004f5dc,game,TODO,,
0x8004f5f0,LAB_8004f5f0,game,TODO,,
0x8004f614,LAB_8004f614,game,TODO,,
0x8004f62c,LAB_8004f62c,game,TODO,,
0x8004f638,LAB_8004f638,game,TODO,,
0x8004f64c,LAB_8004f64c,game,TODO,,
0x8004f664,LAB_8004f664,game,TODO,,
0x8004f66c,LAB_8004f66c,game,TODO,,
0x8004f684,LAB_8004f684,game,TODO,,
0x8004f6a0,LAB_8004f6a0,game,TODO,,
0x8004f6b8,LAB_8004f6b8,game,TODO,,
0x8004f6c4,LAB_8004f6c4,game,TODO,,
0x8004f6d8,LAB_8004f6d8,game,TODO,,
0x8004f6f0,LAB_8004f6f0,game,TODO,,
0x8004f6f8,LAB_8004f6f8,game,TODO,,
0x8004f710,LAB_8004f710,game,TODO,,
0x8004f71c,LAB_8004f71c,game,TODO,,
0x8004f728,LAB_8004f728,game,TODO,,
0x8004f72c,LAB_8004f72c,game,TODO,,
0x8004f75c,LAB_8004f75c,game,TODO,,
0x8004f760,LAB_8004f760,game,TODO,,
0x8004f774,LAB_8004f774,game,TODO,,
0x8004f778,LAB_8004f778,game,TODO,,
0x8004f7a8,LAB_8004f7a8,game,TODO,,
0x8004f7b4,LAB_8004f7b4,game,TODO,,
0x8004f7c8,LAB_8004f7c8,game,TODO,,
0x8004f7ec,LAB_8004f7ec,game,TODO,,
0x8004f804,LAB_8004f804,game,TODO,,
0x8004f810,LAB_8004f810,game,TODO,,
0x8004f824,LAB_8004f824,game,TODO,,
0x8004f83c,LAB_8004f83c,game,TODO,,
0x8004f844,LAB_8004f844,game,TODO,,
0x8004f85c,LAB_8004f85c,game,TODO,,
0x8004f878,LAB_8004f878,game,TODO,,
0x8004f890,LAB_8004f890,game,TODO,,
0x8004f89c,LAB_8004f89c,game,TODO,,
0x8004f8b0,LAB_8004f8b0,game,TODO,,
0x8004f8c8,LAB_8004f8c8,game,TODO,,
0x8004f8d0,LAB_8004f8d0,game,TODO,,
0x8004f8e8,LAB_8004f8e8,game,TODO,,
0x8004f8f4,LAB_8004f8f4,game,TODO,,
0x8004f900,LAB_8004f900,game,TODO,,
0x8004f904,LAB_8004f904,game,TODO,,
0x8004f934,LAB_8004f934,game,TODO,,
0x8004f938,LAB_8004f938,game,TODO,,
0x8004f94c,LAB_8004f94c,game,TODO,,
0x8004f950,LAB_8004f950,game,TODO,,
0x8004f9d8,FUN_8004f9d8,unknown,TODO,,
0x8004fa24,LAB_8004fa24,game,TODO,,
0x8004fa50,LAB_8004fa50,game,TODO,,
0x8004fb6c,LAB_8004fb6c,game,TODO,,
0x8004fb80,FUN_8004fb80,unknown,TODO,,
0x8004fd84,LAB_8004fd84,game,TODO,,
0x8004fd94,FUN_8004fd94,unknown,TODO,,
0x8004fdbc,LAB_8004fdbc,game,TODO,,
0x8004fdf4,LAB_8004fdf4,game,TODO,,
0x8004fe68,LAB_8004fe68,game,TODO,,
0x8004fe70,LAB_8004fe70,game,TODO,,
0x8004fe7c,LAB_8004fe7c,game,TODO,,
0x8004fe8c,LAB_8004fe8c,game,TODO,,
0x8004fea4,FUN_8004fea4,unknown,TODO,,
0x8004feb8,FUN_8004feb8,unknown,TODO,,
0x8004feec,LAB_8004feec,game,TODO,,
0x8004ff14,LAB_8004ff14,game,TODO,,
0x8004ff24,LAB_8004ff24,game,TODO,,
0x8004ff38,FUN_8004ff38,unknown,TODO,,
0x8005002c,LAB_8005002c,game,TODO,,
0x80050038,LAB_80050038,game,TODO,,
0x8005004c,LAB_8005004c,game,TODO,,
0x80050070,LAB_80050070,game,TODO,,
0x80050088,LAB_80050088,game,TODO,,
0x80050094,LAB_80050094,game,TODO,,
0x800500a8,LAB_800500a8,game,TODO,,
0x800500c0,LAB_800500c0,game,TODO,,
0x800500c8,LAB_800500c8,game,TODO,,
0x800500e0,LAB_800500e0,game,TODO,,
0x800500fc,LAB_800500fc,game,TODO,,
0x80050114,LAB_80050114,game,TODO,,
0x80050120,LAB_80050120,game,TODO,,
0x80050134,LAB_80050134,game,TODO,,
0x8005014c,LAB_8005014c,game,TODO,,
0x80050154,LAB_80050154,game,TODO,,
0x8005016c,LAB_8005016c,game,TODO,,
0x80050178,LAB_80050178,game,TODO,,
0x80050184,LAB_80050184,game,TODO,,
0x80050188,LAB_80050188,game,TODO,,
0x800501b8,LAB_800501b8,game,TODO,,
0x800501bc,LAB_800501bc,game,TODO,,
0x800501d0,LAB_800501d0,game,TODO,,
0x800501d4,LAB_800501d4,game,TODO,,
0x80050220,LAB_80050220,game,TODO,,
0x8005022c,LAB_8005022c,game,TODO,,
0x80050240,LAB_80050240,game,TODO,,
0x80050264,LAB_80050264,game,TODO,,
0x8005027c,LAB_8005027c,game,TODO,,
0x80050288,LAB_80050288,game,TODO,,
0x8005029c,LAB_8005029c,game,TODO,,
0x800502b4,LAB_800502b4,game,TODO,,
0x800502bc,LAB_800502bc,game,TODO,,
0x800502d4,LAB_800502d4,game,TODO,,
0x800502f0,LAB_800502f0,game,TODO,,
0x80050308,LAB_80050308,game,TODO,,
0x80050314,LAB_80050314,game,TODO,,
0x80050328,LAB_80050328,game,TODO,,
0x80050340,LAB_80050340,game,TODO,,
0x80050348,LAB_80050348,game,TODO,,
0x80050360,LAB_80050360,game,TODO,,
0x8005036c,LAB_8005036c,game,TODO,,
0x80050378,LAB_80050378,game,TODO,,
0x8005037c,LAB_8005037c,game,TODO,,
0x800503ac,LAB_800503ac,game,TODO,,
0x800503b0,LAB_800503b0,game,TODO,,
0x800503c4,LAB_800503c4,game,TODO,,
0x800503c8,LAB_800503c8,game,TODO,,
0x800503f8,LAB_800503f8,game,TODO,,
0x80050404,LAB_80050404,game,TODO,,
0x80050418,LAB_80050418,game,TODO,,
0x8005043c,LAB_8005043c,game,TODO,,
0x80050454,LAB_80050454,game,TODO,,
0x80050460,LAB_80050460,game,TODO,,
0x80050474,LAB_80050474,game,TODO,,
0x8005048c,LAB_8005048c,game,TODO,,
0x80050494,LAB_80050494,game,TODO,,
0x800504ac,LAB_800504ac,game,TODO,,
0x800504c8,LAB_800504c8,game,TODO,,
0x800504e0,LAB_800504e0,game,TODO,,
0x800504ec,LAB_800504ec,game,TODO,,
0x80050500,LAB_80050500,game,TODO,,
0x80050518,LAB_80050518,game,TODO,,
0x80050520,LAB_80050520,game,TODO,,
0x80050538,LAB_80050538,game,TODO,,
0x80050544,LAB_80050544,game,TODO,,
0x80050550,LAB_80050550,game,TODO,,
0x80050554,LAB_80050554,game,TODO,,
0x80050584,LAB_80050584,game,TODO,,
0x80050588,LAB_80050588,game,TODO,,
0x8005059c,LAB_8005059c,game,TODO,,
0x800505a0,LAB_800505a0,game,TODO,,
0x80050628,FUN_80050628,unknown,TODO,,
0x800506b4,LAB_800506b4,game,TODO,,
0x800506bc,LAB_800506bc,game,TODO,,
0x800507e8,LAB_800507e8,game,TODO,,
0x80050800,FUN_80050800,unknown,TODO,,
0x800509f4,LAB_800509f4,game,TODO,,
0x80050a04,FUN_80050a04,unknown,TODO,,
0x80050a2c,LAB_80050a2c,game,TODO,,
0x80050a64,LAB_80050a64,game,TODO,,
0x80050aac,LAB_80050aac,game,TODO,,
0x80050ab4,LAB_80050ab4,game,TODO,,
0x80050acc,LAB_80050acc,game,TODO,,
0x80050ad0,LAB_80050ad0,game,TODO,,
0x80050aec,LAB_80050aec,game,TODO,,
0x80050af4,LAB_80050af4,game,TODO,,
0x80050b00,LAB_80050b00,game,TODO,,
0x80050b10,LAB_80050b10,game,TODO,,
0x80050b28,FUN_80050b28,unknown,TODO,,
0x80050b3c,FUN_80050b3c,unknown,TODO,,
0x80050b70,LAB_80050b70,game,TODO,,
0x80050b98,LAB_80050b98,game,TODO,,
0x80050ba8,LAB_80050ba8,game,TODO,,
0x80050bbc,FUN_80050bbc,unknown,TODO,,
0x80050c08,LAB_80050c08,game,TODO,,
0x80050c60,LAB_80050c60,game,TODO,,
0x80050c80,LAB_80050c80,game,TODO,,
0x80050c90,FUN_80050c90,unknown,TODO,,
0x80050d18,LAB_80050d18,game,TODO,,
0x80050d78,LAB_80050d78,game,TODO,,
0x80050d88,LAB_80050d88,game,TODO,,
0x80050da8,LAB_80050da8,game,TODO,,
0x80050db0,LAB_80050db0,game,TODO,,
0x80050e5c,FUN_80050e5c,unknown,TODO,,
0x80050e90,LAB_80050e90,game,TODO,,
0x80050ea0,LAB_80050ea0,game,TODO,,
0x80050ea4,LAB_80050ea4,game,TODO,,
0x80050ee0,LAB_80050ee0,game,TODO,,
0x80050f0c,LAB_80050f0c,game,TODO,,
0x80050f28,LAB_80050f28,game,TODO,,
0x80050fb4,LAB_80050fb4,game,TODO,,
0x80050fbc,FUN_80050fbc,unknown,TODO,,
0x80051074,FUN_80051074,unknown,TODO,,
0x800510a0,LAB_800510a0,game,TODO,,
0x800510a8,LAB_800510a8,game,TODO,,
0x80051118,LAB_80051118,game,TODO,,
0x8005111c,LAB_8005111c,game,TODO,,
0x80051124,LAB_80051124,game,TODO,,
0x80051134,LAB_80051134,game,TODO,,
0x80051158,LAB_80051158,game,TODO,,
0x80051160,FUN_80051160,unknown,TODO,,
0x80051178,LAB_80051178,game,TODO,,
0x80051294,FUN_80051294,unknown,TODO,,
0x800512b0,FUN_800512b0,unknown,TODO,,
0x800512e4,LAB_800512e4,game,TODO,,
0x800512e8,LAB_800512e8,game,TODO,,
0x80051308,LAB_80051308,game,TODO,,
0x8005130c,LAB_8005130c,game,TODO,,
0x80051330,LAB_80051330,game,TODO,,
0x80051338,LAB_80051338,game,TODO,,
0x8005133c,LAB_8005133c,game,TODO,,
0x8005135c,FUN_8005135c,unknown,TODO,,
0x800514ac,LAB_800514ac,game,TODO,,
0x800514dc,FUN_800514dc,unknown,TODO,,
0x8005152c,LAB_8005152c,game,TODO,,
0x80051570,LAB_80051570,game,TODO,,
0x800515f4,LAB_800515f4,game,TODO,,
0x800515f8,LAB_800515f8,game,TODO,,
0x80051638,FUN_80051638,unknown,TODO,,
0x8005171c,FUN_8005171c,unknown,TODO,,
0x80051730,LAB_80051730,game,TODO,,
0x80051754,FUN_80051754,unknown,TODO,,
0x80051798,LAB_80051798,game,TODO,,
0x800517a0,FUN_800517a0,unknown,TODO,,
0x800517e0,LAB_800517e0,game,TODO,,
0x80051870,LAB_80051870,game,TODO,,
0x8005187c,LAB_8005187c,game,TODO,,
0x80051884,LAB_80051884,game,TODO,,
0x80051890,LAB_80051890,game,TODO,,
0x80051894,LAB_80051894,game,TODO,,
0x800518b4,LAB_800518b4,game,TODO,,
0x800518c0,LAB_800518c0,game,TODO,,
0x800518c4,LAB_800518c4,game,TODO,,
0x800518d0,LAB_800518d0,game,TODO,,
0x800518e8,LAB_800518e8,game,TODO,,
0x800518fc,LAB_800518fc,game,TODO,,
0x8005192c,LAB_8005192c,game,TODO,,
0x80051990,LAB_80051990,game,TODO,,
0x800519a8,LAB_800519a8,game,TODO,,
0x800519b4,LAB_800519b4,game,TODO,,
0x800519b8,LAB_800519b8,game,TODO,,
0x800519e8,LAB_800519e8,game,TODO,,
0x800519ec,LAB_800519ec,game,TODO,,
0x80051a10,LAB_80051a10,game,TODO,,
0x80051a1c,LAB_80051a1c,game,TODO,,
0x80051a24,LAB_80051a24,game,TODO,,
0x80051a30,LAB_80051a30,game,TODO,,
0x80051a34,LAB_80051a34,game,TODO,,
0x80051a44,LAB_80051a44,game,TODO,,
0x80051a68,LAB_80051a68,game,TODO,,
0x80051a74,LAB_80051a74,game,TODO,,
0x80051a78,LAB_80051a78,game,TODO,,
0x80051a84,LAB_80051a84,game,TODO,,
0x80051a94,LAB_80051a94,game,TODO,,
0x80051ab0,FUN_80051ab0,unknown,TODO,,
0x80051ae0,LAB_80051ae0,game,TODO,,
0x80051bfc,LAB_80051bfc,game,TODO,,
0x80051c04,FUN_80051c04,unknown,TODO,,
0x80051c10,FUN_80051c10,unknown,TODO,,
0x80051d50,FUN_80051d50,unknown,TODO,,
0x80051dcc,LAB_80051dcc,game,TODO,,
0x80051e44,LAB_80051e44,game,TODO,,
0x80051e50,LAB_80051e50,game,TODO,,
0x80051e5c,LAB_80051e5c,game,TODO,,
0x80051e68,LAB_80051e68,game,TODO,,
0x80051e78,FUN_80051e78,unknown,TODO,,
0x80051eb4,LAB_80051eb4,game,TODO,,
0x80051ec0,LAB_80051ec0,game,TODO,,
0x80051ed0,FUN_80051ed0,unknown,TODO,,
0x80051f04,FUN_80051f04,unknown,TODO,,
0x80051f5c,FUN_80051f5c,unknown,TODO,,
0x80051f88,FUN_80051f88,unknown,TODO,,
0x80051f94,LAB_80051f94,game,TODO,,
0x80051fcc,LAB_80051fcc,game,TODO,,
0x80051fdc,FUN_80051fdc,unknown,TODO,,
0x800520d8,LAB_800520d8,game,TODO,,
0x800520f0,LAB_800520f0,game,TODO,,
0x80052198,FUN_80052198,unknown,TODO,,
0x800521d8,LAB_800521d8,game,TODO,,
0x800522f0,FUN_800522f0,unknown,TODO,,
0x8005238c,FUN_8005238c,unknown,TODO,,
0x800523e4,LAB_800523e4,game,TODO,,
0x80052408,LAB_80052408,game,TODO,,
0x80052418,FUN_80052418,unknown,TODO,,
0x80052470,LAB_80052470,game,TODO,,
0x8005248c,LAB_8005248c,game,TODO,,
0x800524a0,LAB_800524a0,game,TODO,,
0x800524c8,LAB_800524c8,game,TODO,,
0x800524dc,FUN_800524dc,unknown,TODO,,
0x80052524,LAB_80052524,game,TODO,,
0x80052590,LAB_80052590,game,TODO,,
0x8005259c,LAB_8005259c,game,TODO,,
0x800525d0,LAB_800525d0,game,TODO,,
0x800525d4,LAB_800525d4,game,TODO,,
0x800525f0,LAB_800525f0,game,TODO,,
0x80052608,LAB_80052608,game,TODO,,
0x80052678,FUN_80052678,unknown,TODO,,
0x8005275c,LAB_8005275c,game,TODO,,
0x8005276c,LAB_8005276c,game,TODO,,
0x80052770,LAB_80052770,game,TODO,,
0x8005277c,LAB_8005277c,game,TODO,,
0x80052798,FUN_80052798,unknown,TODO,,
0x800527f4,LAB_800527f4,game,TODO,,
0x80052880,LAB_80052880,game,TODO,,
0x800528c8,LAB_800528c8,game,TODO,,
0x800528d8,LAB_800528d8,game,TODO,,
0x800528e0,LAB_800528e0,game,TODO,,
0x800528e4,LAB_800528e4,game,TODO,,
0x8005290c,FUN_8005290c,unknown,TODO,,
0x80052950,LAB_80052950,game,TODO,,
0x800529bc,LAB_800529bc,game,TODO,,
0x800529c8,LAB_800529c8,game,TODO,,
0x800529e4,LAB_800529e4,game,TODO,,
0x800529fc,LAB_800529fc,game,TODO,,
0x80052a1c,LAB_80052a1c,game,TODO,,
0x80052a34,LAB_80052a34,game,TODO,,
0x80052ab0,FUN_80052ab0,unknown,TODO,,
0x80052af0,LAB_80052af0,game,TODO,,
0x80052b00,LAB_80052b00,game,TODO,,
0x80052b20,LAB_80052b20,game,TODO,,
0x80052b30,LAB_80052b30,game,TODO,,
0x80052b34,LAB_80052b34,game,TODO,,
0x80052b58,LAB_80052b58,game,TODO,,
0x80052b64,LAB_80052b64,game,TODO,,
0x80052ba0,LAB_80052ba0,game,TODO,,
0x80052bdc,LAB_80052bdc,game,TODO,,
0x80052c10,LAB_80052c10,game,TODO,,
0x80052c20,LAB_80052c20,game,TODO,,
0x80052c48,FUN_80052c48,unknown,TODO,,
0x80052c78,LAB_80052c78,game,TODO,,
0x80052c94,LAB_80052c94,game,TODO,,
0x80052cbc,LAB_80052cbc,game,TODO,,
0x80052cc8,LAB_80052cc8,game,TODO,,
0x80052cf8,LAB_80052cf8,game,TODO,,
0x80052d08,LAB_80052d08,game,TODO,,
0x80052d20,LAB_80052d20,game,TODO,,
0x80052d3c,LAB_80052d3c,game,TODO,,
0x80052d60,FUN_80052d60,unknown,TODO,,
0x80052d6c,FUN_80052d6c,unknown,TODO,,
0x80052f00,FUN_80052f00,unknown,TODO,,
0x80052f24,LAB_80052f24,game,TODO,,
0x80052f48,LAB_80052f48,game,TODO,,
0x80052f80,LAB_80052f80,game,TODO,,
0x80052f98,LAB_80052f98,game,TODO,,
0x80052fa8,LAB_80052fa8,game,TODO,,
0x80052fbc,LAB_80052fbc,game,TODO,,
0x80052fd0,LAB_80052fd0,game,TODO,,
0x80052fdc,LAB_80052fdc,game,TODO,,
0x80052ff0,LAB_80052ff0,game,TODO,,
0x80053000,LAB_80053000,game,TODO,,
0x80053018,FUN_80053018,unknown,TODO,,
0x800530a0,LAB_800530a0,game,TODO,,
0x800530ac,LAB_800530ac,game,TODO,,
0x800530d4,LAB_800530d4,game,TODO,,
0x800530e8,LAB_800530e8,game,TODO,,
0x800530ec,LAB_800530ec,game,TODO,,
0x80053100,LAB_80053100,game,TODO,,
0x80053110,LAB_80053110,game,TODO,,
0x80053114,LAB_80053114,game,TODO,,
0x80053128,FUN_80053128,unknown,TODO,,
0x80053158,LAB_80053158,game,TODO,,
0x8005317c,LAB_8005317c,game,TODO,,
0x800531a4,LAB_800531a4,game,TODO,,
0x800531b8,LAB_800531b8,game,TODO,,
0x800531d0,LAB_800531d0,game,TODO,,
0x80053208,LAB_80053208,game,TODO,,
0x8005324c,LAB_8005324c,game,TODO,,
0x800532c0,LAB_800532c0,game,TODO,,
0x800532cc,LAB_800532cc,game,TODO,,
0x800532dc,LAB_800532dc,game,TODO,,
0x800532f4,LAB_800532f4,game,TODO,,
0x800532f8,LAB_800532f8,game,TODO,,
0x8005331c,LAB_8005331c,game,TODO,,
0x80053340,LAB_80053340,game,TODO,,
0x80053348,FUN_80053348,unknown,TODO,,
0x800533b8,LAB_800533b8,game,TODO,,
0x800533c0,LAB_800533c0,game,TODO,,
0x80053410,LAB_80053410,game,TODO,,
0x8005348c,FUN_8005348c,unknown,TODO,,
0x800534b8,LAB_800534b8,game,TODO,,
0x800534d4,LAB_800534d4,game,TODO,,
0x800534dc,FUN_800534dc,unknown,TODO,,
0x80053658,FUN_80053658,unknown,TODO,,
0x80053668,FUN_80053668,unknown,TODO,,
0x8005373c,LAB_8005373c,game,TODO,,
0x80053754,LAB_80053754,game,TODO,,
0x80053760,LAB_80053760,game,TODO,,
0x80053764,LAB_80053764,game,TODO,,
0x80053784,LAB_80053784,game,TODO,,
0x8005379c,LAB_8005379c,game,TODO,,
0x800537a8,LAB_800537a8,game,TODO,,
0x800537ac,LAB_800537ac,game,TODO,,
0x800537cc,LAB_800537cc,game,TODO,,
0x800537e4,LAB_800537e4,game,TODO,,
0x800537f0,LAB_800537f0,game,TODO,,
0x800537f8,LAB_800537f8,game,TODO,,
0x80053808,LAB_80053808,game,TODO,,
0x8005388c,LAB_8005388c,game,TODO,,
0x800538bc,FUN_800538bc,unknown,TODO,,
0x80053a20,LAB_80053a20,game,TODO,,
0x80053a4c,LAB_80053a4c,game,TODO,,
0x80053a68,LAB_80053a68,game,TODO,,
0x80053a98,LAB_80053a98,game,TODO,,
0x80053aa0,LAB_80053aa0,game,TODO,,
0x80053af8,LAB_80053af8,game,TODO,,
0x80053b14,LAB_80053b14,game,TODO,,
0x80053b44,FUN_80053b44,unknown,TODO,,
0x80053ca0,LAB_80053ca0,game,TODO,,
0x80053ccc,LAB_80053ccc,game,TODO,,
0x80053ce8,LAB_80053ce8,game,TODO,,
0x80053d18,LAB_80053d18,game,TODO,,
0x80053d1c,LAB_80053d1c,game,TODO,,
0x80053d48,FUN_80053d48,unknown,TODO,,
0x80053ea4,LAB_80053ea4,game,TODO,,
0x80053ed0,LAB_80053ed0,game,TODO,,
0x80053eec,LAB_80053eec,game,TODO,,
0x80053f1c,LAB_80053f1c,game,TODO,,
0x80053f20,LAB_80053f20,game,TODO,,
0x80053f58,LAB_80053f58,game,TODO,,
0x80053f60,LAB_80053f60,game,TODO,,
0x80053f98,FUN_80053f98,unknown,TODO,,
0x80053fe4,LAB_80053fe4,game,TODO,,
0x80054000,LAB_80054000,game,TODO,,
0x80054010,LAB_80054010,game,TODO,,
0x80054020,LAB_80054020,game,TODO,,
0x80054030,LAB_80054030,game,TODO,,
0x80054038,LAB_80054038,game,TODO,,
0x8005403c,LAB_8005403c,game,TODO,,
0x80054040,LAB_80054040,game,TODO,,
0x80054054,LAB_80054054,game,TODO,,
0x80054064,LAB_80054064,game,TODO,,
0x8005407c,FUN_8005407c,unknown,TODO,,
0x800540ec,LAB_800540ec,game,TODO,,
0x800540fc,LAB_800540fc,game,TODO,,
0x8005410c,LAB_8005410c,game,TODO,,
0x80054134,LAB_80054134,game,TODO,,
0x800541a4,LAB_800541a4,game,TODO,,
0x800541b0,LAB_800541b0,game,TODO,,
0x800541d4,LAB_800541d4,game,TODO,,
0x800541ec,LAB_800541ec,game,TODO,,
0x800541f8,LAB_800541f8,game,TODO,,
0x80054204,LAB_80054204,game,TODO,,
0x80054218,LAB_80054218,game,TODO,,
0x80054224,LAB_80054224,game,TODO,,
0x8005424c,LAB_8005424c,game,TODO,,
0x800542d0,LAB_800542d0,game,TODO,,
0x800542dc,LAB_800542dc,game,TODO,,
0x80054300,LAB_80054300,game,TODO,,
0x8005430c,FUN_8005430c,unknown,TODO,,
0x8005431c,LAB_8005431c,game,TODO,,
0x80054340,LAB_80054340,game,TODO,,
0x80054358,LAB_80054358,game,TODO,,
0x80054384,LAB_80054384,game,TODO,,
0x8005439c,LAB_8005439c,game,TODO,,
0x800543a0,LAB_800543a0,game,TODO,,
0x800543a8,FUN_800543a8,unknown,TODO,,
0x800543b0,LAB_800543b0,game,TODO,,
0x8005441c,LAB_8005441c,game,TODO,,
0x8005442c,LAB_8005442c,game,TODO,,
0x80054458,LAB_80054458,game,TODO,,
0x80054470,LAB_80054470,game,TODO,,
0x800544d8,FUN_800544d8,unknown,TODO,,
0x800544ec,FUN_800544ec,unknown,TODO,,
0x80054514,LAB_80054514,game,TODO,,
0x8005451c,LAB_8005451c,game,TODO,,
0x8005458c,LAB_8005458c,game,TODO,,
0x80054618,LAB_80054618,game,TODO,,
0x80054638,LAB_80054638,game,TODO,,
0x8005464c,LAB_8005464c,game,TODO,,
0x80054654,LAB_80054654,game,TODO,,
0x80054664,LAB_80054664,game,TODO,,
0x80054698,LAB_80054698,game,TODO,,
0x800546c0,LAB_800546c0,game,TODO,,
0x80054708,LAB_80054708,game,TODO,,
0x8005475c,LAB_8005475c,game,TODO,,
0x8005478c,LAB_8005478c,game,TODO,,
0x800547c0,LAB_800547c0,game,TODO,,
0x800547e8,LAB_800547e8,game,TODO,,
0x80054830,LAB_80054830,game,TODO,,
0x80054850,LAB_80054850,game,TODO,,
0x80054878,LAB_80054878,game,TODO,,
0x8005488c,LAB_8005488c,game,TODO,,
0x80054918,LAB_80054918,game,TODO,,
0x8005493c,FUN_8005493c,unknown,TODO,,
0x80054a18,FUN_80054a18,unknown,TODO,,
0x80054a58,LAB_80054a58,game,TODO,,
0x80054a68,FUN_80054a68,unknown,TODO,,
0x80054aa4,LAB_80054aa4,game,TODO,,
0x80054af8,LAB_80054af8,game,TODO,,
0x80054afc,LAB_80054afc,game,TODO,,
0x80054b2c,LAB_80054b2c,game,TODO,,
0x80054b88,FUN_80054b88,unknown,TODO,,
0x80054b90,FUN_80054b90,unknown,TODO,,
0x80054bbc,LAB_80054bbc,game,TODO,,
0x80054bd8,LAB_80054bd8,game,TODO,,
0x80054bf4,FUN_80054bf4,unknown,TODO,,
0x80054c18,LAB_80054c18,game,TODO,,
0x80054c30,LAB_80054c30,game,TODO,,
0x80054c4c,LAB_80054c4c,game,TODO,,
0x80054c90,LAB_80054c90,game,TODO,,
0x80054ca8,LAB_80054ca8,game,TODO,,
0x80054cb0,LAB_80054cb0,game,TODO,,
0x80054cc0,LAB_80054cc0,game,TODO,,
0x80054d10,LAB_80054d10,game,TODO,,
0x80054d20,LAB_80054d20,game,TODO,,
0x80054d58,LAB_80054d58,game,TODO,,
0x80054d60,LAB_80054d60,game,TODO,,
0x80054da4,LAB_80054da4,game,TODO,,
0x80054db4,LAB_80054db4,game,TODO,,
0x80054e04,LAB_80054e04,game,TODO,,
0x80054e14,LAB_80054e14,game,TODO,,
0x80054e50,LAB_80054e50,game,TODO,,
0x80054e58,LAB_80054e58,game,TODO,,
0x80054e90,LAB_80054e90,game,TODO,,
0x80054ea0,LAB_80054ea0,game,TODO,,
0x80054ec8,LAB_80054ec8,game,TODO,,
0x80054ee8,LAB_80054ee8,game,TODO,,
0x80054f2c,LAB_80054f2c,game,TODO,,
0x80054f3c,LAB_80054f3c,game,TODO,,
0x80054f90,LAB_80054f90,game,TODO,,
0x80054f98,LAB_80054f98,game,TODO,,
0x80054fd8,LAB_80054fd8,game,TODO,,
0x80055028,LAB_80055028,game,TODO,,
0x80055040,LAB_80055040,game,TODO,,
0x800550a4,LAB_800550a4,game,TODO,,
0x800550a8,LAB_800550a8,game,TODO,,
0x800550c8,LAB_800550c8,game,TODO,,
0x800550d8,FUN_800550d8,unknown,TODO,,
0x80055170,LAB_80055170,game,TODO,,
0x800551b8,FUN_800551b8,unknown,TODO,,
0x80055438,LAB_80055438,game,TODO,,
0x80055464,LAB_80055464,game,TODO,,
0x80055640,LAB_80055640,game,TODO,,
0x8005565c,LAB_8005565c,game,TODO,,
0x80055678,LAB_80055678,game,TODO,,
0x800556c4,LAB_800556c4,game,TODO,,
0x800556e8,LAB_800556e8,game,TODO,,
0x80055708,LAB_80055708,game,TODO,,
0x8005572c,LAB_8005572c,game,TODO,,
0x80055788,LAB_80055788,game,TODO,,
0x800557b0,FUN_800557b0,unknown,TODO,,
0x80055938,FUN_80055938,unknown,TODO,,
0x80055d3c,FUN_80055d3c,unknown,TODO,,
0x80055d6c,LAB_80055d6c,game,TODO,,
0x80055d84,LAB_80055d84,game,TODO,,
0x80055e44,LAB_80055e44,game,TODO,,
0x80055ec8,LAB_80055ec8,game,TODO,,
0x80055f3c,FUN_80055f3c,unknown,TODO,,
0x80055fe8,LAB_80055fe8,game,TODO,,
0x80056008,FUN_80056008,unknown,TODO,,
0x8005622c,FUN_8005622c,unknown,TODO,,
0x800562e0,LAB_800562e0,game,TODO,,
0x8005664c,FUN_8005664c,unknown,TODO,,
0x80056754,FUN_80056754,unknown,TODO,,
0x800567a8,LAB_800567a8,game,TODO,,
0x800567f4,LAB_800567f4,game,TODO,,
0x80056810,LAB_80056810,game,TODO,,
0x80056834,LAB_80056834,game,TODO,,
0x80056850,LAB_80056850,game,TODO,,
0x80056884,LAB_80056884,game,TODO,,
0x800568a0,LAB_800568a0,game,TODO,,
0x800568cc,LAB_800568cc,game,TODO,,
0x800568e8,LAB_800568e8,game,TODO,,
0x800568f0,LAB_800568f0,game,TODO,,
0x80056908,LAB_80056908,game,TODO,,
0x80056920,LAB_80056920,game,TODO,,
0x80056938,LAB_80056938,game,TODO,,
0x80056950,LAB_80056950,game,TODO,,
0x80056968,LAB_80056968,game,TODO,,
0x80056980,LAB_80056980,game,TODO,,
0x80056998,LAB_80056998,game,TODO,,
0x800569b0,LAB_800569b0,game,TODO,,
0x800569c8,LAB_800569c8,game,TODO,,
0x800569dc,LAB_800569dc,game,TODO,,
0x80056a00,LAB_80056a00,game,TODO,,
0x80056a1c,LAB_80056a1c,game,TODO,,
0x80056a2c,LAB_80056a2c,game,TODO,,
0x80056a54,LAB_80056a54,game,TODO,,
0x80056be4,FUN_80056be4,unknown,TODO,,
0x80056c28,LAB_80056c28,game,TODO,,
0x80056ce4,LAB_80056ce4,game,TODO,,
0x80056d04,LAB_80056d04,game,TODO,,
0x80056d0c,FUN_80056d0c,unknown,TODO,,
0x80056d50,LAB_80056d50,game,TODO,,
0x80056da8,LAB_80056da8,game,TODO,,
0x80056dc8,LAB_80056dc8,game,TODO,,
0x80056ee8,LAB_80056ee8,game,TODO,,
0x80056fb8,LAB_80056fb8,game,TODO,,
0x80056fd8,LAB_80056fd8,game,TODO,,
0x8005702c,LAB_8005702c,game,TODO,,
0x8005708c,LAB_8005708c,game,TODO,,
0x800570ac,LAB_800570ac,game,TODO,,
0x800571b4,LAB_800571b4,game,TODO,,
0x800571dc,LAB_800571dc,game,TODO,,
0x800571fc,LAB_800571fc,game,TODO,,
0x8005741c,FUN_8005741c,unknown,TODO,,
0x8005759c,FUN_8005759c,unknown,TODO,,
0x800577d8,LAB_800577d8,game,TODO,,
0x800577f8,LAB_800577f8,game,TODO,,
0x800579f0,FUN_800579f0,unknown,TODO,,
0x80057b74,FUN_80057b74,unknown,TODO,,
0x80057bb0,LAB_80057bb0,game,TODO,,
0x80057bb4,LAB_80057bb4,game,TODO,,
0x80057bc8,LAB_80057bc8,game,TODO,,
0x80057bcc,LAB_80057bcc,game,TODO,,
0x80057c00,LAB_80057c00,game,TODO,,
0x80057c30,LAB_80057c30,game,TODO,,
0x80057c58,LAB_80057c58,game,TODO,,
0x80057c74,LAB_80057c74,game,TODO,,
0x80057ca4,LAB_80057ca4,game,TODO,,
0x80057cc4,LAB_80057cc4,game,TODO,,
0x80057cec,LAB_80057cec,game,TODO,,
0x80057d0c,LAB_80057d0c,game,TODO,,
0x80057d1c,FUN_80057d1c,unknown,TODO,,
0x80057d54,LAB_80057d54,game,TODO,,
0x80057d60,LAB_80057d60,game,TODO,,
0x8005800c,LAB_8005800c,game,TODO,,
0x8005802c,LAB_8005802c,game,TODO,,
0x80058034,LAB_80058034,game,TODO,,
0x80058044,LAB_80058044,game,TODO,,
0x800580a8,LAB_800580a8,game,TODO,,
0x800580e0,LAB_800580e0,game,TODO,,
0x800580f8,LAB_800580f8,game,TODO,,
0x80058314,FUN_80058314,unknown,TODO,,
0x80058460,LAB_80058460,game,TODO,,
0x80058490,LAB_80058490,game,TODO,,
0x800584e4,LAB_800584e4,game,TODO,,
0x800584ec,LAB_800584ec,game,TODO,,
0x80058508,LAB_80058508,game,TODO,,
0x80058514,LAB_80058514,game,TODO,,
0x8005852c,LAB_8005852c,game,TODO,,
0x8005856c,LAB_8005856c,game,TODO,,
0x80058584,LAB_80058584,game,TODO,,
0x800585d8,LAB_800585d8,game,TODO,,
0x800585e8,LAB_800585e8,game,TODO,,
0x8005867c,LAB_8005867c,game,TODO,,
0x800586c0,LAB_800586c0,game,TODO,,
0x800586d4,LAB_800586d4,game,TODO,,
0x800586d8,LAB_800586d8,game,TODO,,
0x80058700,LAB_80058700,game,TODO,,
0x8005878c,LAB_8005878c,game,TODO,,
0x80058970,FUN_80058970,unknown,TODO,,
0x80058af0,FUN_80058af0,unknown,TODO,,
0x80058b14,LAB_80058b14,game,TODO,,
0x80058b20,LAB_80058b20,game,TODO,,
0x80058ba4,LAB_80058ba4,game,TODO,,
0x80058bc8,LAB_80058bc8,game,TODO,,
0x80058de4,FUN_80058de4,unknown,TODO,,
0x80058e10,LAB_80058e10,game,TODO,,
0x80058e50,LAB_80058e50,game,TODO,,
0x80058e68,LAB_80058e68,game,TODO,,
0x80058e94,LAB_80058e94,game,TODO,,
0x80058e98,LAB_80058e98,game,TODO,,
0x80058ea8,LAB_80058ea8,game,TODO,,
0x80058eb0,FUN_80058eb0,unknown,TODO,,
0x80058ee0,LAB_80058ee0,game,TODO,,
0x80058f04,LAB_80058f04,game,TODO,,
0x80058f20,FUN_80058f20,unknown,TODO,,
0x80058f50,LAB_80058f50,game,TODO,,
0x80058f84,LAB_80058f84,game,TODO,,
0x80058f94,LAB_80058f94,game,TODO,,
0x80058f9c,LAB_80058f9c,game,TODO,,
0x80058fac,LAB_80058fac,game,TODO,,
0x80058fc8,FUN_80058fc8,unknown,TODO,,
0x80058ff8,LAB_80058ff8,game,TODO,,
0x80059024,LAB_80059024,game,TODO,,
0x80059038,LAB_80059038,game,TODO,,
0x80059048,LAB_80059048,game,TODO,,
0x800590cc,FUN_800590cc,unknown,TODO,,
0x800590e8,LAB_800590e8,game,TODO,,
0x8005910c,LAB_8005910c,game,TODO,,
0x8005915c,LAB_8005915c,game,TODO,,
0x80059160,LAB_80059160,game,TODO,,
0x8005916c,LAB_8005916c,game,TODO,,
0x80059268,FUN_80059268,unknown,TODO,,
0x8005928c,LAB_8005928c,game,TODO,,
0x800592c8,LAB_800592c8,game,TODO,,
0x800592d8,LAB_800592d8,game,TODO,,
0x800592e0,FUN_800592e0,unknown,TODO,,
0x80059304,LAB_80059304,game,TODO,,
0x80059330,FUN_80059330,unknown,TODO,,
0x8005937c,FUN_8005937c,unknown,TODO,,
0x80059398,LAB_80059398,game,TODO,,
0x800593f8,LAB_800593f8,game,TODO,,
0x800593fc,LAB_800593fc,game,TODO,,
0x80059408,LAB_80059408,game,TODO,,
0x80059410,FUN_80059410,unknown,TODO,,
0x8005951c,FUN_8005951c,unknown,TODO,,
0x8005981c,FUN_8005981c,unknown,TODO,,
0x8005a2e8,FUN_8005a2e8,unknown,TODO,,
0x8005a428,LAB_8005a428,game,TODO,,
0x8005a490,LAB_8005a490,game,TODO,,
0x8005a4a0,FUN_8005a4a0,unknown,TODO,,
0x8005a50c,LAB_8005a50c,game,TODO,,
0x8005a524,LAB_8005a524,game,TODO,,
0x8005a53c,LAB_8005a53c,game,TODO,,
0x8005a56c,LAB_8005a56c,game,TODO,,
0x8005a59c,FUN_8005a59c,unknown,TODO,,
0x8005a5f8,LAB_8005a5f8,game,TODO,,
0x8005a610,LAB_8005a610,game,TODO,,
0x8005a644,LAB_8005a644,game,TODO,,
0x8005a66c,LAB_8005a66c,game,TODO,,
0x8005a69c,LAB_8005a69c,game,TODO,,
0x8005a6b8,LAB_8005a6b8,game,TODO,,
0x8005a6d0,LAB_8005a6d0,game,TODO,,
0x8005a704,LAB_8005a704,game,TODO,,
0x8005a728,LAB_8005a728,game,TODO,,
0x8005a760,LAB_8005a760,game,TODO,,
0x8005a778,LAB_8005a778,game,TODO,,
0x8005a7b4,LAB_8005a7b4,game,TODO,,
0x8005a8cc,FUN_8005a8cc,unknown,TODO,,
0x8005a960,FUN_8005a960,unknown,TODO,,
0x8005a974,LAB_8005a974,game,TODO,,
0x8005a9a4,LAB_8005a9a4,game,TODO,,
0x8005a9ec,LAB_8005a9ec,game,TODO,,
0x8005a9fc,LAB_8005a9fc,game,TODO,,
0x8005aa40,LAB_8005aa40,game,TODO,,
0x8005aa58,LAB_8005aa58,game,TODO,,
0x8005aa68,LAB_8005aa68,game,TODO,,
0x8005aaa8,LAB_8005aaa8,game,TODO,,
0x8005aab8,LAB_8005aab8,game,TODO,,
0x8005aaf0,LAB_8005aaf0,game,TODO,,
0x8005ab0c,LAB_8005ab0c,game,TODO,,
0x8005ab1c,LAB_8005ab1c,game,TODO,,
0x8005ab34,LAB_8005ab34,game,TODO,,
0x8005ab54,LAB_8005ab54,game,TODO,,
0x8005ab78,LAB_8005ab78,game,TODO,,
0x8005ab88,FUN_8005ab88,unknown,TODO,,
0x8005abb4,LAB_8005abb4,game,TODO,,
0x8005abd8,LAB_8005abd8,game,TODO,,
0x8005ac10,LAB_8005ac10,game,TODO,,
0x8005ac1c,LAB_8005ac1c,game,TODO,,
0x8005acc0,LAB_8005acc0,game,TODO,,
0x8005acd0,LAB_8005acd0,game,TODO,,
0x8005ace0,LAB_8005ace0,game,TODO,,
0x8005ad34,LAB_8005ad34,game,TODO,,
0x8005ad38,LAB_8005ad38,game,TODO,,
0x8005adc0,LAB_8005adc0,game,TODO,,
0x8005add8,LAB_8005add8,game,TODO,,
0x8005adf4,FUN_8005adf4,unknown,TODO,,
0x8005ae24,LAB_8005ae24,game,TODO,,
0x8005ae34,LAB_8005ae34,game,TODO,,
0x8005aedc,LAB_8005aedc,game,TODO,,
0x8005aee8,LAB_8005aee8,game,TODO,,
0x8005af00,LAB_8005af00,game,TODO,,
0x8005af50,FUN_8005af50,unknown,TODO,,
0x8005b004,LAB_8005b004,game,TODO,,
0x8005b038,LAB_8005b038,game,TODO,,
0x8005b058,LAB_8005b058,game,TODO,,
0x8005b064,LAB_8005b064,game,TODO,,
0x8005b068,LAB_8005b068,game,TODO,,
0x8005b080,LAB_8005b080,game,TODO,,
0x8005b0b0,LAB_8005b0b0,game,TODO,,
0x8005b0c4,FUN_8005b0c4,unknown,TODO,,
0x8005b238,LAB_8005b238,game,TODO,,
0x8005b25c,LAB_8005b25c,game,TODO,,
0x8005b270,LAB_8005b270,game,TODO,,
0x8005b29c,LAB_8005b29c,game,TODO,,
0x8005b2b0,LAB_8005b2b0,game,TODO,,
0x8005b2c4,LAB_8005b2c4,game,TODO,,
0x8005b2ec,LAB_8005b2ec,game,TODO,,
0x8005b524,FUN_8005b524,unknown,TODO,,
0x8005b590,LAB_8005b590,game,TODO,,
0x8005b594,LAB_8005b594,game,TODO,,
0x8005b5d4,LAB_8005b5d4,game,TODO,,
0x8005b5e8,LAB_8005b5e8,game,TODO,,
0x8005b620,LAB_8005b620,game,TODO,,
0x8005b654,LAB_8005b654,game,TODO,,
0x8005b6e8,FUN_8005b6e8,unknown,TODO,,
0x8005b754,LAB_8005b754,game,TODO,,
0x8005b758,LAB_8005b758,game,TODO,,
0x8005b798,LAB_8005b798,game,TODO,,
0x8005b7ac,LAB_8005b7ac,game,TODO,,
0x8005b814,LAB_8005b814,game,TODO,,
0x8005b848,LAB_8005b848,game,TODO,,
0x8005b8d0,LAB_8005b8d0,game,TODO,,
0x8005b924,LAB_8005b924,game,TODO,,
0x8005b934,FUN_8005b934,unknown,TODO,,
0x8005b984,LAB_8005b984,game,TODO,,
0x8005b9ec,LAB_8005b9ec,game,TODO,,
0x8005b9f0,LAB_8005b9f0,game,TODO,,
0x8005ba30,LAB_8005ba30,game,TODO,,
0x8005ba44,LAB_8005ba44,game,TODO,,
0x8005bab4,LAB_8005bab4,game,TODO,,
0x8005bac4,LAB_8005bac4,game,TODO,,
0x8005bb64,LAB_8005bb64,game,TODO,,
0x8005bb68,LAB_8005bb68,game,TODO,,
0x8005bba4,LAB_8005bba4,game,TODO,,
0x8005bbb4,LAB_8005bbb4,game,TODO,,
0x8005bbe4,LAB_8005bbe4,game,TODO,,
0x8005bc00,LAB_8005bc00,game,TODO,,
0x8005bc40,LAB_8005bc40,game,TODO,,
0x8005bcac,LAB_8005bcac,game,TODO,,
0x8005bcbc,FUN_8005bcbc,unknown,TODO,,
0x8005bd14,LAB_8005bd14,game,TODO,,
0x8005bd18,LAB_8005bd18,game,TODO,,
0x8005bd58,LAB_8005bd58,game,TODO,,
0x8005bd6c,LAB_8005bd6c,game,TODO,,
0x8005bdec,FUN_8005bdec,unknown,TODO,,
0x8005be1c,FUN_8005be1c,unknown,TODO,,
0x8005be84,LAB_8005be84,game,TODO,,
0x8005be88,LAB_8005be88,game,TODO,,
0x8005bec8,LAB_8005bec8,game,TODO,,
0x8005bedc,LAB_8005bedc,game,TODO,,
0x8005bf30,FUN_8005bf30,unknown,TODO,,
0x8005bf98,LAB_8005bf98,game,TODO,,
0x8005bf9c,LAB_8005bf9c,game,TODO,,
0x8005bfdc,LAB_8005bfdc,game,TODO,,
0x8005bff0,LAB_8005bff0,game,TODO,,
0x8005c048,LAB_8005c048,game,TODO,,
0x8005c058,FUN_8005c058,unknown,TODO,,
0x8005c0bc,LAB_8005c0bc,game,TODO,,
0x8005c0c0,LAB_8005c0c0,game,TODO,,
0x8005c100,LAB_8005c100,game,TODO,,
0x8005c114,LAB_8005c114,game,TODO,,
0x8005c178,LAB_8005c178,game,TODO,,
0x8005c188,FUN_8005c188,unknown,TODO,,
0x8005c1ec,LAB_8005c1ec,game,TODO,,
0x8005c1f0,LAB_8005c1f0,game,TODO,,
0x8005c230,LAB_8005c230,game,TODO,,
0x8005c244,LAB_8005c244,game,TODO,,
0x8005c2bc,LAB_8005c2bc,game,TODO,,
0x8005c2fc,LAB_8005c2fc,game,TODO,,
0x8005c320,LAB_8005c320,game,TODO,,
0x8005c64c,FUN_8005c64c,unknown,TODO,,
0x8005c69c,LAB_8005c69c,game,TODO,,
0x8005c704,LAB_8005c704,game,TODO,,
0x8005c708,LAB_8005c708,game,TODO,,
0x8005c748,LAB_8005c748,game,TODO,,
0x8005c75c,LAB_8005c75c,game,TODO,,
0x8005c7b8,LAB_8005c7b8,game,TODO,,
0x8005c7c8,LAB_8005c7c8,game,TODO,,
0x8005cb80,FUN_8005cb80,unknown,TODO,,
0x8005cba4,LAB_8005cba4,game,TODO,,
0x8005cbe0,LAB_8005cbe0,game,TODO,,
0x8005cc10,LAB_8005cc10,game,TODO,,
0x8005cc24,LAB_8005cc24,game,TODO,,
0x8005cc3c,FUN_8005cc3c,unknown,TODO,,
0x8005ccc4,LAB_8005ccc4,game,TODO,,
0x8005ccf0,LAB_8005ccf0,game,TODO,,
0x8005cd3c,LAB_8005cd3c,game,TODO,,
0x8005cd64,LAB_8005cd64,game,TODO,,
0x8005cd6c,FUN_8005cd6c,unknown,TODO,,
0x8005cdbc,LAB_8005cdbc,game,TODO,,
0x8005cdd4,LAB_8005cdd4,game,TODO,,
0x8005cdec,LAB_8005cdec,game,TODO,,
0x8005ce40,LAB_8005ce40,game,TODO,,
0x8005ce6c,LAB_8005ce6c,game,TODO,,
0x8005ceb4,LAB_8005ceb4,game,TODO,,
0x8005cedc,LAB_8005cedc,game,TODO,,
0x8005cee4,FUN_8005cee4,unknown,TODO,,
0x8005cf34,LAB_8005cf34,game,TODO,,
0x8005cf64,LAB_8005cf64,game,TODO,,
0x8005cf70,LAB_8005cf70,game,TODO,,
0x8005cfb4,LAB_8005cfb4,game,TODO,,
0x8005cfb8,LAB_8005cfb8,game,TODO,,
0x8005d010,LAB_8005d010,game,TODO,,
0x8005d030,LAB_8005d030,game,TODO,,
0x8005d038,LAB_8005d038,game,TODO,,
0x8005d03c,LAB_8005d03c,game,TODO,,
0x8005d06c,LAB_8005d06c,game,TODO,,
0x8005d084,LAB_8005d084,game,TODO,,
0x8005d090,LAB_8005d090,game,TODO,,
0x8005d0a0,LAB_8005d0a0,game,TODO,,
0x8005d0a8,LAB_8005d0a8,game,TODO,,
0x8005d0ac,LAB_8005d0ac,game,TODO,,
0x8005d0c4,LAB_8005d0c4,game,TODO,,
0x8005d0f0,FUN_8005d0f0,unknown,TODO,,
0x8005d1d4,LAB_8005d1d4,game,TODO,,
0x8005d200,FUN_8005d200,unknown,TODO,,
0x8005d23c,FUN_8005d23c,unknown,TODO,,
0x8005d268,FUN_8005d268,unknown,TODO,,
0x8005d278,FUN_8005d278,unknown,TODO,,
0x8005d2b4,LAB_8005d2b4,game,TODO,,
0x8005d2e4,LAB_8005d2e4,game,TODO,,
0x8005d2e8,LAB_8005d2e8,game,TODO,,
0x8005d300,LAB_8005d300,game,TODO,,
0x8005d314,LAB_8005d314,game,TODO,,
0x8005d334,LAB_8005d334,game,TODO,,
0x8005d350,LAB_8005d350,game,TODO,,
0x8005d358,LAB_8005d358,game,TODO,,
0x8005d374,LAB_8005d374,game,TODO,,
0x8005d398,LAB_8005d398,game,TODO,,
0x8005d3c8,LAB_8005d3c8,game,TODO,,
0x8005d3cc,LAB_8005d3cc,game,TODO,,
0x8005d3e8,LAB_8005d3e8,game,TODO,,
0x8005d400,LAB_8005d400,game,TODO,,
0x8005d410,FUN_8005d410,unknown,TODO,,
0x8005d44c,LAB_8005d44c,game,TODO,,
0x8005d46c,LAB_8005d46c,game,TODO,,
0x8005d470,LAB_8005d470,game,TODO,,
0x8005d488,LAB_8005d488,game,TODO,,
0x8005d4a4,LAB_8005d4a4,game,TODO,,
0x8005d4b4,LAB_8005d4b4,game,TODO,,
0x8005d4c4,LAB_8005d4c4,game,TODO,,
0x8005d4d8,LAB_8005d4d8,game,TODO,,
0x8005d4dc,LAB_8005d4dc,game,TODO,,
0x8005d510,LAB_8005d510,game,TODO,,
0x8005d520,LAB_8005d520,game,TODO,,
0x8005d534,LAB_8005d534,game,TODO,,
0x8005d538,LAB_8005d538,game,TODO,,
0x8005d574,LAB_8005d574,game,TODO,,
0x8005d580,LAB_8005d580,game,TODO,,
0x8005d594,LAB_8005d594,game,TODO,,
0x8005d598,LAB_8005d598,game,TODO,,
0x8005d5c8,LAB_8005d5c8,game,TODO,,
0x8005d620,LAB_8005d620,game,TODO,,
0x8005d654,LAB_8005d654,game,TODO,,
0x8005d670,LAB_8005d670,game,TODO,,
0x8005d6b8,LAB_8005d6b8,game,TODO,,
0x8005d6cc,LAB_8005d6cc,game,TODO,,
0x8005d6dc,LAB_8005d6dc,game,TODO,,
0x8005d6f0,LAB_8005d6f0,game,TODO,,
0x8005d704,LAB_8005d704,game,TODO,,
0x8005d71c,LAB_8005d71c,game,TODO,,
0x8005d738,LAB_8005d738,game,TODO,,
0x8005d76c,LAB_8005d76c,game,TODO,,
0x8005d7ac,LAB_8005d7ac,game,TODO,,
0x8005d7b8,LAB_8005d7b8,game,TODO,,
0x8005d7bc,LAB_8005d7bc,game,TODO,,
0x8005dafc,FUN_8005dafc,unknown,TODO,,
0x8005de1c,LAB_8005de1c,game,TODO,,
0x8005de64,LAB_8005de64,game,TODO,,
0x8005def4,FUN_8005def4,unknown,TODO,,
0x8005df90,FUN_8005df90,unknown,TODO,,
0x8005e020,LAB_8005e020,game,TODO,,
0x8005e044,LAB_8005e044,game,TODO,,
0x8005e05c,LAB_8005e05c,game,TODO,,
0x8005e068,LAB_8005e068,game,TODO,,
0x8005e094,LAB_8005e094,game,TODO,,
0x8005e0b8,LAB_8005e0b8,game,TODO,,
0x8005e0cc,LAB_8005e0cc,game,TODO,,
0x8005e0d8,LAB_8005e0d8,game,TODO,,
0x8005e0e4,LAB_8005e0e4,game,TODO,,
0x8005e124,LAB_8005e124,game,TODO,,
0x8005e23c,LAB_8005e23c,game,TODO,,
0x8005e260,FUN_8005e260,unknown,TODO,,
0x8005e2c4,LAB_8005e2c4,game,TODO,,
0x8005e2dc,LAB_8005e2dc,game,TODO,,
0x8005e2f0,LAB_8005e2f0,game,TODO,,
0x8005e2fc,LAB_8005e2fc,game,TODO,,
0x8005e310,LAB_8005e310,game,TODO,,
0x8005e434,FUN_8005e434,unknown,TODO,,
0x8005e454,FUN_8005e454,unknown,TODO,,
0x8005e4a4,LAB_8005e4a4,game,TODO,,
0x8005e4bc,LAB_8005e4bc,game,TODO,,
0x8005e4c4,LAB_8005e4c4,game,TODO,,
0x8005e4d4,FUN_8005e4d4,unknown,TODO,,
0x8005e9a8,LAB_8005e9a8,game,TODO,,
0x8005ea04,LAB_8005ea04,game,TODO,,
0x8005eb00,FUN_8005eb00,unknown,TODO,,
0x8005eb9c,LAB_8005eb9c,game,TODO,,
0x8005ebb0,FUN_8005ebb0,unknown,TODO,,
0x8005ec44,LAB_8005ec44,game,TODO,,
0x8005eca4,LAB_8005eca4,game,TODO,,
0x8005ecd8,LAB_8005ecd8,game,TODO,,
0x8005ecf4,LAB_8005ecf4,game,TODO,,
0x8005ecf8,LAB_8005ecf8,game,TODO,,
0x8005ed1c,LAB_8005ed1c,game,TODO,,
0x8005ed3c,LAB_8005ed3c,game,TODO,,
0x8005ed50,LAB_8005ed50,game,TODO,,
0x8005ed54,LAB_8005ed54,game,TODO,,
0x8005ed8c,LAB_8005ed8c,game,TODO,,
0x8005ed94,LAB_8005ed94,game,TODO,,
0x8005eda8,LAB_8005eda8,game,TODO,,
0x8005edbc,LAB_8005edbc,game,TODO,,
0x8005edcc,LAB_8005edcc,game,TODO,,
0x8005ede8,LAB_8005ede8,game,TODO,,
0x8005f1dc,FUN_8005f1dc,unknown,TODO,,
0x8005f270,LAB_8005f270,game,TODO,,
0x8005f3a4,LAB_8005f3a4,game,TODO,,
0x8005f3e8,FUN_8005f3e8,unknown,TODO,,
0x8005f500,LAB_8005f500,game,TODO,,
0x8005f54c,LAB_8005f54c,game,TODO,,
0x8005f5e8,LAB_8005f5e8,game,TODO,,
0x8005f608,LAB_8005f608,game,TODO,,
0x8005f618,LAB_8005f618,game,TODO,,
0x8005f650,LAB_8005f650,game,TODO,,
0x8005f658,LAB_8005f658,game,TODO,,
0x8005f680,FUN_8005f680,unknown,TODO,,
0x8005f690,LAB_8005f690,game,TODO,,
0x8005f738,LAB_8005f738,game,TODO,,
0x8005f7e0,LAB_8005f7e0,game,TODO,,
0x8005f82c,LAB_8005f82c,game,TODO,,
0x8005f854,LAB_8005f854,game,TODO,,
0x8005f86c,LAB_8005f86c,game,TODO,,
0x8005f894,LAB_8005f894,game,TODO,,
0x8005f8a4,LAB_8005f8a4,game,TODO,,
0x8005f9ec,LAB_8005f9ec,game,TODO,,
0x8005fa08,LAB_8005fa08,game,TODO,,
0x8005fa14,LAB_8005fa14,game,TODO,,
0x8005fa28,LAB_8005fa28,game,TODO,,
0x8005fa38,LAB_8005fa38,game,TODO,,
0x8005fa50,LAB_8005fa50,game,TODO,,
0x8005fc70,LAB_8005fc70,game,TODO,,
0x8005fc80,LAB_8005fc80,game,TODO,,
0x8005fc8c,LAB_8005fc8c,game,TODO,,
0x8005fcb8,LAB_8005fcb8,game,TODO,,
0x8005fcd8,LAB_8005fcd8,game,TODO,,
0x800601cc,LAB_800601cc,game,TODO,,
0x800601e8,LAB_800601e8,game,TODO,,
0x80060200,LAB_80060200,game,TODO,,
0x80060228,LAB_80060228,game,TODO,,
0x8006056c,FUN_8006056c,unknown,TODO,,
0x800605d4,LAB_800605d4,game,TODO,,
0x80060628,LAB_80060628,game,TODO,,
0x80060720,FUN_80060720,unknown,TODO,,
0x800607a0,LAB_800607a0,game,TODO,,
0x80060810,LAB_80060810,game,TODO,,
0x8006081c,LAB_8006081c,game,TODO,,
0x80060824,LAB_80060824,game,TODO,,
0x80060834,FUN_80060834,unknown,TODO,,
0x80060898,LAB_80060898,game,TODO,,
0x8006089c,LAB_8006089c,game,TODO,,
0x80060a6c,FUN_80060a6c,unknown,TODO,,
0x80060aa4,LAB_80060aa4,game,TODO,,
0x80060aa8,LAB_80060aa8,game,TODO,,
0x80060b2c,LAB_80060b2c,game,TODO,,
0x80060b44,LAB_80060b44,game,TODO,,
0x80060ba0,FUN_80060ba0,unknown,TODO,,
0x80060bd4,LAB_80060bd4,game,TODO,,
0x80060bf0,LAB_80060bf0,game,TODO,,
0x80060c0c,LAB_80060c0c,game,TODO,,
0x80060c4c,LAB_80060c4c,game,TODO,,
0x80060c60,LAB_80060c60,game,TODO,,
0x80060c7c,LAB_80060c7c,game,TODO,,
0x80060c98,FUN_80060c98,unknown,TODO,,
0x80060cf0,LAB_80060cf0,game,TODO,,
0x80060d04,LAB_80060d04,game,TODO,,
0x80060e00,LAB_80060e00,game,TODO,,
0x80060e10,LAB_80060e10,game,TODO,,
0x80060e34,LAB_80060e34,game,TODO,,
0x80060e74,LAB_80060e74,game,TODO,,
0x80060e78,LAB_80060e78,game,TODO,,
0x80060eb0,LAB_80060eb0,game,TODO,,
0x80060eb4,LAB_80060eb4,game,TODO,,
0x80060f08,LAB_80060f08,game,TODO,,
0x80060f18,LAB_80060f18,game,TODO,,
0x80060f60,LAB_80060f60,game,TODO,,
0x80060fdc,LAB_80060fdc,game,TODO,,
0x800614ac,LAB_800614ac,game,TODO,,
0x800614bc,LAB_800614bc,game,TODO,,
0x800614dc,LAB_800614dc,game,TODO,,
0x80061508,LAB_80061508,game,TODO,,
0x80061530,LAB_80061530,game,TODO,,
0x80061e2c,FUN_80061e2c,unknown,TODO,,
0x80061ea0,LAB_80061ea0,game,TODO,,
0x80061ee0,LAB_80061ee0,game,TODO,,
0x80061ef4,LAB_80061ef4,game,TODO,,
0x80061f8c,LAB_80061f8c,game,TODO,,
0x80061fcc,FUN_80061fcc,unknown,TODO,,
0x8006215c,FUN_8006215c,unknown,TODO,,
0x800621a4,LAB_800621a4,game,TODO,,
0x800621d8,LAB_800621d8,game,TODO,,
0x80062230,LAB_80062230,game,TODO,,
0x80062240,LAB_80062240,game,TODO,,
0x80062274,LAB_80062274,game,TODO,,
0x800622a8,LAB_800622a8,game,TODO,,
0x800622e4,FUN_800622e4,unknown,TODO,,
0x80062330,LAB_80062330,game,TODO,,
0x80062388,LAB_80062388,game,TODO,,
0x80062398,LAB_80062398,game,TODO,,
0x800623e0,LAB_800623e0,game,TODO,,
0x80062430,LAB_80062430,game,TODO,,
0x80062440,LAB_80062440,game,TODO,,
0x80063420,FUN_80063420,unknown,TODO,,
0x800635ec,LAB_800635ec,game,TODO,,
0x80063600,LAB_80063600,game,TODO,,
0x80063630,LAB_80063630,game,TODO,,
0x80063648,LAB_80063648,game,TODO,,
0x80063660,LAB_80063660,game,TODO,,
0x80063678,LAB_80063678,game,TODO,,
0x80063a34,FUN_80063a34,unknown,TODO,,
0x80063b18,FUN_80063b18,unknown,TODO,,
0x80063b74,LAB_80063b74,game,TODO,,
0x80063b90,LAB_80063b90,game,TODO,,
0x80063b98,LAB_80063b98,game,TODO,,
0x80063bd0,LAB_80063bd0,game,TODO,,
0x80063be0,LAB_80063be0,game,TODO,,
0x80063c08,LAB_80063c08,game,TODO,,
0x80063e18,FUN_80063e18,unknown,TODO,,
0x80063e50,LAB_80063e50,game,TODO,,
0x80063e54,LAB_80063e54,game,TODO,,
0x80063e84,LAB_80063e84,game,TODO,,
0x80063ee8,LAB_80063ee8,game,TODO,,
0x80063f50,LAB_80063f50,game,TODO,,
0x80063f98,LAB_80063f98,game,TODO,,
0x80063fa4,LAB_80063fa4,game,TODO,,
0x80063fb4,LAB_80063fb4,game,TODO,,
0x80063fc8,LAB_80063fc8,game,TODO,,
0x80064050,LAB_80064050,game,TODO,,
0x80064100,LAB_80064100,game,TODO,,
0x80064164,LAB_80064164,game,TODO,,
0x800641f8,LAB_800641f8,game,TODO,,
0x80064210,LAB_80064210,game,TODO,,
0x8006426c,FUN_8006426c,unknown,TODO,,
0x80064434,FUN_80064434,unknown,TODO,,
0x80064510,LAB_80064510,game,TODO,,
0x8006468c,FUN_8006468c,unknown,TODO,,
0x800646b4,LAB_800646b4,game,TODO,,
0x800647a0,LAB_800647a0,game,TODO,,
0x80064e8c,FUN_80064e8c,unknown,TODO,,
0x80065018,LAB_80065018,game,TODO,,
0x80065cb8,FUN_80065cb8,unknown,TODO,,
0x80066080,FUN_80066080,unknown,TODO,,
0x800660a4,LAB_800660a4,game,TODO,,
0x800660ac,FUN_800660ac,unknown,TODO,,
0x800660d0,LAB_800660d0,game,TODO,,
0x800662f0,LAB_800662f0,game,TODO,,
0x80066340,LAB_80066340,game,TODO,,
0x80066350,FUN_80066350,unknown,TODO,,
0x800663c4,LAB_800663c4,game,TODO,,
0x80066748,FUN_80066748,unknown,TODO,,
0x800667b8,LAB_800667b8,game,TODO,,
0x800667d0,LAB_800667d0,game,TODO,,
0x80066b5c,FUN_80066b5c,unknown,TODO,,
0x80066c28,LAB_80066c28,game,TODO,,
0x80066c7c,LAB_80066c7c,game,TODO,,
0x80066c80,LAB_80066c80,game,TODO,,
0x80066cb0,LAB_80066cb0,game,TODO,,
0x80066cf4,FUN_80066cf4,unknown,TODO,,
0x80066dcc,LAB_80066dcc,game,TODO,,
0x80066e00,LAB_80066e00,game,TODO,,
0x80066e08,LAB_80066e08,game,TODO,,
0x80066e28,LAB_80066e28,game,TODO,,
0x80066e4c,LAB_80066e4c,game,TODO,,
0x80066e54,LAB_80066e54,game,TODO,,
0x80066e58,LAB_80066e58,game,TODO,,
0x80066e6c,FUN_80066e6c,unknown,TODO,,
0x80066eac,LAB_80066eac,game,TODO,,
0x80066ed4,LAB_80066ed4,game,TODO,,
0x80066f04,LAB_80066f04,game,TODO,,
0x80066f0c,LAB_80066f0c,game,TODO,,
0x80066f2c,LAB_80066f2c,game,TODO,,
0x80066f50,LAB_80066f50,game,TODO,,
0x80066f58,LAB_80066f58,game,TODO,,
0x80066f5c,LAB_80066f5c,game,TODO,,
0x80066f7c,LAB_80066f7c,game,TODO,,
0x8006704c,FUN_8006704c,unknown,TODO,,
0x800670b4,LAB_800670b4,game,TODO,,
0x800670bc,FUN_800670bc,unknown,TODO,,
0x800670e0,LAB_800670e0,game,TODO,,
0x8006710c,FUN_8006710c,unknown,TODO,,
0x80067124,FUN_80067124,unknown,TODO,,
0x80067148,FUN_80067148,unknown,TODO,,
0x80067154,FUN_80067154,unknown,TODO,,
0x80067160,FUN_80067160,unknown,TODO,,
0x80067178,FUN_80067178,unknown,TODO,,
0x80067184,FUN_80067184,unknown,TODO,,
0x80067190,FUN_80067190,unknown,TODO,,
0x8006719c,FUN_8006719c,unknown,TODO,,
0x800671a8,FUN_800671a8,unknown,TODO,,
0x800671b4,FUN_800671b4,unknown,TODO,,
0x800671c0,FUN_800671c0,unknown,TODO,,
0x800671d8,FUN_800671d8,unknown,TODO,,
0x800671e4,FUN_800671e4,unknown,TODO,,
0x800671f0,FUN_800671f0,unknown,TODO,,
0x800671fc,FUN_800671fc,unknown,TODO,,
0x80067208,FUN_80067208,unknown,TODO,,
0x80067214,FUN_80067214,unknown,TODO,,
0x80067220,FUN_80067220,unknown,TODO,,
0x8006722c,FUN_8006722c,unknown,TODO,,
0x80067250,FUN_80067250,unknown,TODO,,
0x8006725c,FUN_8006725c,unknown,TODO,,
0x80067268,FUN_80067268,unknown,TODO,,
0x80067280,FUN_80067280,unknown,TODO,,
0x8006728c,FUN_8006728c,unknown,TODO,,
0x80067298,FUN_80067298,unknown,TODO,,
0x800672a4,FUN_800672a4,unknown,TODO,,
0x800672b0,FUN_800672b0,unknown,TODO,,
0x800672c8,FUN_800672c8,unknown,TODO,,
0x800672d4,FUN_800672d4,unknown,TODO,,
0x800672e0,FUN_800672e0,unknown,TODO,,
0x800672ec,FUN_800672ec,unknown,TODO,,
0x80067314,LAB_80067314,game,TODO,,
0x80067324,LAB_80067324,game,TODO,,
0x80067330,LAB_80067330,game,TODO,,
0x8006733c,LAB_8006733c,game,TODO,,
0x80067344,LAB_80067344,game,TODO,,
0x80067348,LAB_80067348,game,TODO,,
0x8006735c,FUN_8006735c,unknown,TODO,,
0x80067368,FUN_80067368,unknown,TODO,,
0x80067374,FUN_80067374,unknown,TODO,,
0x800673a4,FUN_800673a4,unknown,TODO,,
0x800673b0,FUN_800673b0,unknown,TODO,,
0x800673c8,FUN_800673c8,unknown,TODO,,
0x800673d4,FUN_800673d4,unknown,TODO,,
0x800673e0,FUN_800673e0,unknown,TODO,,
0x800673ec,FUN_800673ec,unknown,TODO,,
0x800673f8,FUN_800673f8,unknown,TODO,,
0x80067410,FUN_80067410,unknown,TODO,,
0x8006741c,FUN_8006741c,unknown,TODO,,
0x80067428,FUN_80067428,unknown,TODO,,
0x80067440,FUN_80067440,unknown,TODO,,
0x8006744c,FUN_8006744c,unknown,TODO,,
0x80067464,FUN_80067464,unknown,TODO,,
0x80067470,FUN_80067470,unknown,TODO,,
0x8006747c,FUN_8006747c,unknown,TODO,,
0x80067488,FUN_80067488,unknown,TODO,,
0x80067494,FUN_80067494,unknown,TODO,,
0x800674a0,FUN_800674a0,unknown,TODO,,
0x800674ac,FUN_800674ac,unknown,TODO,,
0x800674b8,FUN_800674b8,unknown,TODO,,
0x800674c4,FUN_800674c4,unknown,TODO,,
0x800674d0,FUN_800674d0,unknown,TODO,,
0x80067524,LAB_80067524,game,TODO,,
0x80067548,LAB_80067548,game,TODO,,
0x80067560,FUN_80067560,unknown,TODO,,
0x800675f0,FUN_800675f0,unknown,TODO,,
0x80067638,FUN_80067638,unknown,TODO,,
0x80067644,FUN_80067644,unknown,TODO,,
0x80067664,FUN_80067664,unknown,TODO,,
0x80067680,FUN_80067680,unknown,TODO,,
0x800676a4,FUN_800676a4,unknown,TODO,,
0x800676c0,FUN_800676c0,unknown,TODO,,
0x800676ec,LAB_800676ec,game,TODO,,
0x800676f8,FUN_800676f8,unknown,TODO,,
0x80067748,FUN_80067748,unknown,TODO,,
0x80067768,FUN_80067768,unknown,TODO,,
0x80067788,FUN_80067788,unknown,TODO,,
0x800677a8,FUN_800677a8,unknown,TODO,,
0x800677c8,FUN_800677c8,unknown,TODO,,
0x80067838,FUN_80067838,unknown,TODO,,
0x800678c0,FUN_800678c0,unknown,TODO,,
0x800678f4,FUN_800678f4,unknown,TODO,,
0x8006790c,FUN_8006790c,unknown,TODO,,
0x80067924,FUN_80067924,unknown,TODO,,
0x80067934,FUN_80067934,unknown,TODO,,
0x80067944,FUN_80067944,unknown,TODO,,
0x80067960,FUN_80067960,unknown,TODO,,
0x8006796c,FUN_8006796c,unknown,TODO,,
0x800679d0,LAB_800679d0,game,TODO,,
0x800679e8,LAB_800679e8,game,TODO,,
0x800679f4,LAB_800679f4,game,TODO,,
0x80067a00,LAB_80067a00,game,TODO,,
0x80067a0c,LAB_80067a0c,game,TODO,,
0x80067a14,LAB_80067a14,game,TODO,,
0x80067a18,LAB_80067a18,game,TODO,,
0x80067a38,LAB_80067a38,game,TODO,,
0x80067a50,LAB_80067a50,game,TODO,,
0x80067a58,LAB_80067a58,game,TODO,,
0x80067a60,LAB_80067a60,game,TODO,,
0x80067a68,LAB_80067a68,game,TODO,,
0x80067a6c,LAB_80067a6c,game,TODO,,
0x80067a70,LAB_80067a70,game,TODO,,
0x80067abc,FUN_80067abc,unknown,TODO,,
0x80067ae4,LAB_80067ae4,game,TODO,,
0x80067ae8,LAB_80067ae8,game,TODO,,
0x80067b00,FUN_80067b00,unknown,TODO,,
0x80067b28,LAB_80067b28,game,TODO,,
0x80067b5c,FUN_80067b5c,unknown,TODO,,
0x80067c18,LAB_80067c18,game,TODO,,
0x80067d88,LAB_80067d88,game,TODO,,
0x80067e08,LAB_80067e08,game,TODO,,
0x80067f50,LAB_80067f50,game,TODO,,
0x80067fc4,LAB_80067fc4,game,TODO,,
0x8006810c,LAB_8006810c,game,TODO,,
0x80068188,LAB_80068188,game,TODO,,
0x800682f8,LAB_800682f8,game,TODO,,
0x80068308,LAB_80068308,game,TODO,,
0x80068428,FUN_80068428,unknown,TODO,,
0x80068454,LAB_80068454,game,TODO,,
0x80068464,LAB_80068464,game,TODO,,
0x80068560,LAB_80068560,game,TODO,,
0x80068568,LAB_80068568,game,TODO,,
0x8006856c,LAB_8006856c,game,TODO,,
0x80068570,LAB_80068570,game,TODO,,
0x8006857c,LAB_8006857c,game,TODO,,
0x80068674,LAB_80068674,game,TODO,,
0x8006867c,FUN_8006867c,unknown,TODO,,
0x80068698,LAB_80068698,game,TODO,,
0x800686c8,LAB_800686c8,game,TODO,,
0x800686f8,LAB_800686f8,game,TODO,,
0x8006871c,LAB_8006871c,game,TODO,,
0x8006874c,LAB_8006874c,game,TODO,,
0x8006877c,LAB_8006877c,game,TODO,,
0x800687ac,LAB_800687ac,game,TODO,,
0x800687dc,LAB_800687dc,game,TODO,,
0x8006880c,LAB_8006880c,game,TODO,,
0x8006883c,LAB_8006883c,game,TODO,,
0x8006886c,LAB_8006886c,game,TODO,,
0x8006889c,LAB_8006889c,game,TODO,,
0x800688cc,LAB_800688cc,game,TODO,,
0x800688fc,LAB_800688fc,game,TODO,,
0x8006892c,LAB_8006892c,game,TODO,,
0x8006895c,LAB_8006895c,game,TODO,,
0x8006898c,LAB_8006898c,game,TODO,,
0x800689bc,LAB_800689bc,game,TODO,,
0x800689ec,LAB_800689ec,game,TODO,,
0x80068a1c,LAB_80068a1c,game,TODO,,
0x80068a4c,LAB_80068a4c,game,TODO,,
0x80068a7c,LAB_80068a7c,game,TODO,,
0x80068aac,LAB_80068aac,game,TODO,,
0x80068adc,LAB_80068adc,game,TODO,,
0x80068b0c,LAB_80068b0c,game,TODO,,
0x80068b3c,LAB_80068b3c,game,TODO,,
0x80068b6c,LAB_80068b6c,game,TODO,,
0x80068b8c,FUN_80068b8c,unknown,TODO,,
0x80068c3c,LAB_80068c3c,game,TODO,,
0x80068c40,LAB_80068c40,game,TODO,,
0x80068c5c,LAB_80068c5c,game,TODO,,
0x80068c70,LAB_80068c70,game,TODO,,
0x80068c94,LAB_80068c94,game,TODO,,
0x80068ca4,LAB_80068ca4,game,TODO,,
0x80068cac,LAB_80068cac,game,TODO,,
0x80068cb0,LAB_80068cb0,game,TODO,,
0x80068cc0,LAB_80068cc0,game,TODO,,
0x80068cc4,LAB_80068cc4,game,TODO,,
0x80068cdc,LAB_80068cdc,game,TODO,,
0x80068cf0,LAB_80068cf0,game,TODO,,
0x80068d20,LAB_80068d20,game,TODO,,
0x80068d40,LAB_80068d40,game,TODO,,
0x80068d50,LAB_80068d50,game,TODO,,
0x80068d58,LAB_80068d58,game,TODO,,
0x80068d60,LAB_80068d60,game,TODO,,
0x80068d64,LAB_80068d64,game,TODO,,
0x80068d68,LAB_80068d68,game,TODO,,
0x80068d78,LAB_80068d78,game,TODO,,
0x80068d98,FUN_80068d98,unknown,TODO,,
0x80068dc4,LAB_80068dc4,game,TODO,,
0x80068e08,LAB_80068e08,game,TODO,,
0x80068e18,LAB_80068e18,game,TODO,,
0x80068e24,LAB_80068e24,game,TODO,,
0x80068e34,LAB_80068e34,game,TODO,,
0x80068e3c,LAB_80068e3c,game,TODO,,
0x80068e4c,LAB_80068e4c,game,TODO,,
0x80068e90,LAB_80068e90,game,TODO,,
0x80068ed4,LAB_80068ed4,game,TODO,,
0x80068ee4,LAB_80068ee4,game,TODO,,
0x80068ef0,LAB_80068ef0,game,TODO,,
0x80068f00,LAB_80068f00,game,TODO,,
0x80068f08,LAB_80068f08,game,TODO,,
0x80068f0c,LAB_80068f0c,game,TODO,,
0x80068f1c,LAB_80068f1c,game,TODO,,
0x80068f40,LAB_80068f40,game,TODO,,
0x80068f58,LAB_80068f58,game,TODO,,
0x80068f68,LAB_80068f68,game,TODO,,
0x80068f84,LAB_80068f84,game,TODO,,
0x80068f9c,LAB_80068f9c,game,TODO,,
0x80068fac,LAB_80068fac,game,TODO,,
0x80068fc8,LAB_80068fc8,game,TODO,,
0x80068fe0,LAB_80068fe0,game,TODO,,
0x80068ff0,LAB_80068ff0,game,TODO,,
0x8006900c,LAB_8006900c,game,TODO,,
0x80069024,LAB_80069024,game,TODO,,
0x80069034,LAB_80069034,game,TODO,,
0x80069050,LAB_80069050,game,TODO,,
0x80069068,LAB_80069068,game,TODO,,
0x80069078,LAB_80069078,game,TODO,,
0x80069094,LAB_80069094,game,TODO,,
0x800690ac,LAB_800690ac,game,TODO,,
0x800690bc,LAB_800690bc,game,TODO,,
0x800690d8,LAB_800690d8,game,TODO,,
0x800690f0,LAB_800690f0,game,TODO,,
0x80069100,LAB_80069100,game,TODO,,
0x8006911c,LAB_8006911c,game,TODO,,
0x80069134,LAB_80069134,game,TODO,,
0x80069144,LAB_80069144,game,TODO,,
0x80069160,LAB_80069160,game,TODO,,
0x80069178,LAB_80069178,game,TODO,,
0x80069188,LAB_80069188,game,TODO,,
0x800691a4,LAB_800691a4,game,TODO,,
0x800691bc,LAB_800691bc,game,TODO,,
0x800691cc,LAB_800691cc,game,TODO,,
0x800691e8,LAB_800691e8,game,TODO,,
0x80069200,LAB_80069200,game,TODO,,
0x80069210,LAB_80069210,game,TODO,,
0x8006922c,LAB_8006922c,game,TODO,,
0x80069244,LAB_80069244,game,TODO,,
0x80069254,LAB_80069254,game,TODO,,
0x80069270,LAB_80069270,game,TODO,,
0x80069288,LAB_80069288,game,TODO,,
0x80069298,LAB_80069298,game,TODO,,
0x800692b4,LAB_800692b4,game,TODO,,
0x800692cc,LAB_800692cc,game,TODO,,
0x800692dc,LAB_800692dc,game,TODO,,
0x800692f8,LAB_800692f8,game,TODO,,
0x80069310,LAB_80069310,game,TODO,,
0x80069320,LAB_80069320,game,TODO,,
0x8006933c,LAB_8006933c,game,TODO,,
0x80069354,LAB_80069354,game,TODO,,
0x80069364,LAB_80069364,game,TODO,,
0x80069380,LAB_80069380,game,TODO,,
0x80069398,LAB_80069398,game,TODO,,
0x800693a8,LAB_800693a8,game,TODO,,
0x800693c4,LAB_800693c4,game,TODO,,
0x800693dc,LAB_800693dc,game,TODO,,
0x800693ec,LAB_800693ec,game,TODO,,
0x80069408,LAB_80069408,game,TODO,,
0x80069420,LAB_80069420,game,TODO,,
0x80069430,LAB_80069430,game,TODO,,
0x8006944c,LAB_8006944c,game,TODO,,
0x80069464,LAB_80069464,game,TODO,,
0x80069474,LAB_80069474,game,TODO,,
0x80069490,LAB_80069490,game,TODO,,
0x800694a8,LAB_800694a8,game,TODO,,
0x800694b8,LAB_800694b8,game,TODO,,
0x800694d4,LAB_800694d4,game,TODO,,
0x800694ec,LAB_800694ec,game,TODO,,
0x800694fc,LAB_800694fc,game,TODO,,
0x80069518,LAB_80069518,game,TODO,,
0x80069530,LAB_80069530,game,TODO,,
0x80069540,LAB_80069540,game,TODO,,
0x80069548,FUN_80069548,unknown,TODO,,
0x80069640,FUN_80069640,unknown,TODO,,
0x80069784,FUN_80069784,unknown,TODO,,
0x8006979c,LAB_8006979c,game,TODO,,
0x800697b0,LAB_800697b0,game,TODO,,
0x800697bc,LAB_800697bc,game,TODO,,
0x800697d0,LAB_800697d0,game,TODO,,
0x800697d8,FUN_800697d8,unknown,TODO,,
0x800697f0,FUN_800697f0,unknown,TODO,,
0x80069838,LAB_80069838,game,TODO,,
0x8006986c,LAB_8006986c,game,TODO,,
0x8006987c,LAB_8006987c,game,TODO,,
0x8006988c,LAB_8006988c,game,TODO,,
0x800698a0,LAB_800698a0,game,TODO,,
0x800698c0,FUN_800698c0,unknown,TODO,,
0x800698f8,LAB_800698f8,game,TODO,,
0x80069918,LAB_80069918,game,TODO,,
0x8006994c,LAB_8006994c,game,TODO,,
0x8006995c,LAB_8006995c,game,TODO,,
0x8006996c,LAB_8006996c,game,TODO,,
0x80069978,LAB_80069978,game,TODO,,
0x80069984,LAB_80069984,game,TODO,,
0x800699a0,LAB_800699a0,game,TODO,,
0x800699c8,FUN_800699c8,unknown,TODO,,
0x800699f4,LAB_800699f4,game,TODO,,
0x80069a2c,LAB_80069a2c,game,TODO,,
0x80069a48,LAB_80069a48,game,TODO,,
0x80069a64,FUN_80069a64,unknown,TODO,,
0x80069ad4,LAB_80069ad4,game,TODO,,
0x80069ae8,FUN_80069ae8,unknown,TODO,,
0x80069b50,LAB_80069b50,game,TODO,,
0x80069b60,FUN_80069b60,unknown,TODO,,
0x80069b98,FUN_80069b98,unknown,TODO,,
0x80069bb0,FUN_80069bb0,unknown,TODO,,
0x80069c10,FUN_80069c10,unknown,TODO,,
0x80069c24,LAB_80069c24,game,TODO,,
0x80069c3c,FUN_80069c3c,unknown,TODO,,
0x80069c7c,LAB_80069c7c,game,TODO,,
0x80069ca8,LAB_80069ca8,game,TODO,,
0x80069cb8,LAB_80069cb8,game,TODO,,
0x80069cc8,LAB_80069cc8,game,TODO,,
0x80069cd4,LAB_80069cd4,game,TODO,,
0x80069cf4,FUN_80069cf4,unknown,TODO,,
0x80069d34,LAB_80069d34,game,TODO,,
0x80069d54,LAB_80069d54,game,TODO,,
0x80069d80,LAB_80069d80,game,TODO,,
0x80069d90,LAB_80069d90,game,TODO,,
0x80069da0,LAB_80069da0,game,TODO,,
0x80069dac,LAB_80069dac,game,TODO,,
0x80069db8,LAB_80069db8,game,TODO,,
0x80069dd4,LAB_80069dd4,game,TODO,,
0x80069ed8,FUN_80069ed8,unknown,TODO,,
0x80069f20,LAB_80069f20,game,TODO,,
0x80069f30,FUN_80069f30,unknown,TODO,,
0x80069f54,LAB_80069f54,game,TODO,,
0x80069f84,FUN_80069f84,unknown,TODO,,
0x80069fc4,FUN_80069fc4,unknown,TODO,,
0x80069fd0,FUN_80069fd0,unknown,TODO,,
0x80069fdc,FUN_80069fdc,unknown,TODO,,
0x80069fe8,FUN_80069fe8,unknown,TODO,,
0x8006a004,LAB_8006a004,game,TODO,,
0x8006a010,FUN_8006a010,unknown,TODO,,
0x8006a020,FUN_8006a020,unknown,TODO,,
0x8006a044,LAB_8006a044,game,TODO,,
0x8006a048,LAB_8006a048,game,TODO,,
0x8006a058,LAB_8006a058,game,TODO,,
0x8006a070,LAB_8006a070,game,TODO,,
0x8006a078,FUN_8006a078,unknown,TODO,,
0x8006a0e0,LAB_8006a0e0,game,TODO,,
0x8006a0f4,LAB_8006a0f4,game,TODO,,
0x8006a100,LAB_8006a100,game,TODO,,
0x8006a10c,LAB_8006a10c,game,TODO,,
0x8006a11c,FUN_8006a11c,unknown,TODO,,
0x8006a124,LAB_8006a124,game,TODO,,
0x8006a134,LAB_8006a134,game,TODO,,
0x8006a13c,FUN_8006a13c,unknown,TODO,,
0x8006a1a0,LAB_8006a1a0,game,TODO,,
0x8006a1b4,FUN_8006a1b4,unknown,TODO,,
0x8006a2bc,FUN_8006a2bc,unknown,TODO,,
0x8006a2dc,LAB_8006a2dc,game,TODO,,
0x8006a2f4,LAB_8006a2f4,game,TODO,,
0x8006a300,LAB_8006a300,game,TODO,,
0x8006a31c,LAB_8006a31c,game,TODO,,
0x8006a334,LAB_8006a334,game,TODO,,
0x8006a340,LAB_8006a340,game,TODO,,
0x8006a35c,LAB_8006a35c,game,TODO,,
0x8006a374,LAB_8006a374,game,TODO,,
0x8006a380,LAB_8006a380,game,TODO,,
0x8006a39c,LAB_8006a39c,game,TODO,,
0x8006a3b4,LAB_8006a3b4,game,TODO,,
0x8006a3c0,LAB_8006a3c0,game,TODO,,
0x8006a3dc,LAB_8006a3dc,game,TODO,,
0x8006a3f4,LAB_8006a3f4,game,TODO,,
0x8006a400,LAB_8006a400,game,TODO,,
0x8006a41c,LAB_8006a41c,game,TODO,,
0x8006a434,LAB_8006a434,game,TODO,,
0x8006a440,LAB_8006a440,game,TODO,,
0x8006a45c,LAB_8006a45c,game,TODO,,
0x8006a474,LAB_8006a474,game,TODO,,
0x8006a480,LAB_8006a480,game,TODO,,
0x8006a49c,LAB_8006a49c,game,TODO,,
0x8006a4b4,LAB_8006a4b4,game,TODO,,
0x8006a4c0,LAB_8006a4c0,game,TODO,,
0x8006a4dc,LAB_8006a4dc,game,TODO,,
0x8006a4f4,LAB_8006a4f4,game,TODO,,
0x8006a500,LAB_8006a500,game,TODO,,
0x8006a51c,LAB_8006a51c,game,TODO,,
0x8006a534,LAB_8006a534,game,TODO,,
0x8006a540,LAB_8006a540,game,TODO,,
0x8006a55c,LAB_8006a55c,game,TODO,,
0x8006a574,LAB_8006a574,game,TODO,,
0x8006a580,LAB_8006a580,game,TODO,,
0x8006a59c,LAB_8006a59c,game,TODO,,
0x8006a5b4,LAB_8006a5b4,game,TODO,,
0x8006a5c0,LAB_8006a5c0,game,TODO,,
0x8006a5dc,LAB_8006a5dc,game,TODO,,
0x8006a5f4,LAB_8006a5f4,game,TODO,,
0x8006a600,LAB_8006a600,game,TODO,,
0x8006a61c,LAB_8006a61c,game,TODO,,
0x8006a634,LAB_8006a634,game,TODO,,
0x8006a640,LAB_8006a640,game,TODO,,
0x8006a65c,LAB_8006a65c,game,TODO,,
0x8006a674,LAB_8006a674,game,TODO,,
0x8006a680,LAB_8006a680,game,TODO,,
0x8006a69c,LAB_8006a69c,game,TODO,,
0x8006a6b4,LAB_8006a6b4,game,TODO,,
0x8006a6c0,LAB_8006a6c0,game,TODO,,
0x8006a6dc,LAB_8006a6dc,game,TODO,,
0x8006a6f4,LAB_8006a6f4,game,TODO,,
0x8006a700,LAB_8006a700,game,TODO,,
0x8006a71c,LAB_8006a71c,game,TODO,,
0x8006a734,LAB_8006a734,game,TODO,,
0x8006a740,LAB_8006a740,game,TODO,,
0x8006a75c,LAB_8006a75c,game,TODO,,
0x8006a774,LAB_8006a774,game,TODO,,
0x8006a780,LAB_8006a780,game,TODO,,
0x8006a79c,LAB_8006a79c,game,TODO,,
0x8006a7b4,LAB_8006a7b4,game,TODO,,
0x8006a7c0,LAB_8006a7c0,game,TODO,,
0x8006a7dc,LAB_8006a7dc,game,TODO,,
0x8006a7f4,LAB_8006a7f4,game,TODO,,
0x8006a800,LAB_8006a800,game,TODO,,
0x8006a81c,LAB_8006a81c,game,TODO,,
0x8006a834,LAB_8006a834,game,TODO,,
0x8006a840,LAB_8006a840,game,TODO,,
0x8006a85c,LAB_8006a85c,game,TODO,,
0x8006a874,LAB_8006a874,game,TODO,,
0x8006a880,LAB_8006a880,game,TODO,,
0x8006a89c,LAB_8006a89c,game,TODO,,
0x8006a8b4,LAB_8006a8b4,game,TODO,,
0x8006a8c0,LAB_8006a8c0,game,TODO,,
0x8006a8dc,LAB_8006a8dc,game,TODO,,
0x8006a8f4,LAB_8006a8f4,game,TODO,,
0x8006a900,LAB_8006a900,game,TODO,,
0x8006a908,FUN_8006a908,unknown,TODO,,
0x8006a960,LAB_8006a960,game,TODO,,
0x8006a998,LAB_8006a998,game,TODO,,
0x8006a99c,LAB_8006a99c,game,TODO,,
0x8006a9d8,LAB_8006a9d8,game,TODO,,
0x8006a9ec,LAB_8006a9ec,game,TODO,,
0x8006a9f8,LAB_8006a9f8,game,TODO,,
0x8006aa08,LAB_8006aa08,game,TODO,,
0x8006aa10,LAB_8006aa10,game,TODO,,
0x8006aa14,LAB_8006aa14,game,TODO,,
0x8006aa24,LAB_8006aa24,game,TODO,,
0x8006aa58,LAB_8006aa58,game,TODO,,
0x8006aa90,LAB_8006aa90,game,TODO,,
0x8006aa94,LAB_8006aa94,game,TODO,,
0x8006aad0,LAB_8006aad0,game,TODO,,
0x8006aae4,LAB_8006aae4,game,TODO,,
0x8006aaf0,LAB_8006aaf0,game,TODO,,
0x8006ab00,LAB_8006ab00,game,TODO,,
0x8006ab08,LAB_8006ab08,game,TODO,,
0x8006ab0c,LAB_8006ab0c,game,TODO,,
0x8006ab1c,LAB_8006ab1c,game,TODO,,
0x8006ab44,LAB_8006ab44,game,TODO,,
0x8006ab7c,LAB_8006ab7c,game,TODO,,
0x8006ab8c,LAB_8006ab8c,game,TODO,,
0x8006ab9c,LAB_8006ab9c,game,TODO,,
0x8006abbc,LAB_8006abbc,game,TODO,,
0x8006abf4,LAB_8006abf4,game,TODO,,
0x8006ac04,LAB_8006ac04,game,TODO,,
0x8006ac14,LAB_8006ac14,game,TODO,,
0x8006ac30,LAB_8006ac30,game,TODO,,
0x8006ac68,LAB_8006ac68,game,TODO,,
0x8006ac78,LAB_8006ac78,game,TODO,,
0x8006ac88,LAB_8006ac88,game,TODO,,
0x8006aca8,LAB_8006aca8,game,TODO,,
0x8006ace0,LAB_8006ace0,game,TODO,,
0x8006acf0,LAB_8006acf0,game,TODO,,
0x8006ad00,LAB_8006ad00,game,TODO,,
0x8006ad20,LAB_8006ad20,game,TODO,,
0x8006ad58,LAB_8006ad58,game,TODO,,
0x8006ad68,LAB_8006ad68,game,TODO,,
0x8006ad78,LAB_8006ad78,game,TODO,,
0x8006ad98,LAB_8006ad98,game,TODO,,
0x8006add0,LAB_8006add0,game,TODO,,
0x8006ade0,LAB_8006ade0,game,TODO,,
0x8006adf0,LAB_8006adf0,game,TODO,,
0x8006ae10,LAB_8006ae10,game,TODO,,
0x8006ae48,LAB_8006ae48,game,TODO,,
0x8006ae58,LAB_8006ae58,game,TODO,,
0x8006ae68,LAB_8006ae68,game,TODO,,
0x8006ae88,LAB_8006ae88,game,TODO,,
0x8006aec0,LAB_8006aec0,game,TODO,,
0x8006aed0,LAB_8006aed0,game,TODO,,
0x8006aee0,LAB_8006aee0,game,TODO,,
0x8006af00,LAB_8006af00,game,TODO,,
0x8006af38,LAB_8006af38,game,TODO,,
0x8006af48,LAB_8006af48,game,TODO,,
0x8006af58,LAB_8006af58,game,TODO,,
0x8006af78,LAB_8006af78,game,TODO,,
0x8006afb0,LAB_8006afb0,game,TODO,,
0x8006afc0,LAB_8006afc0,game,TODO,,
0x8006afd0,LAB_8006afd0,game,TODO,,
0x8006aff0,LAB_8006aff0,game,TODO,,
0x8006b028,LAB_8006b028,game,TODO,,
0x8006b038,LAB_8006b038,game,TODO,,
0x8006b048,LAB_8006b048,game,TODO,,
0x8006b068,LAB_8006b068,game,TODO,,
0x8006b0a0,LAB_8006b0a0,game,TODO,,
0x8006b0b0,LAB_8006b0b0,game,TODO,,
0x8006b0c0,LAB_8006b0c0,game,TODO,,
0x8006b0e0,LAB_8006b0e0,game,TODO,,
0x8006b118,LAB_8006b118,game,TODO,,
0x8006b128,LAB_8006b128,game,TODO,,
0x8006b138,LAB_8006b138,game,TODO,,
0x8006b158,LAB_8006b158,game,TODO,,
0x8006b190,LAB_8006b190,game,TODO,,
0x8006b1a0,LAB_8006b1a0,game,TODO,,
0x8006b1b0,LAB_8006b1b0,game,TODO,,
0x8006b1cc,LAB_8006b1cc,game,TODO,,
0x8006b204,LAB_8006b204,game,TODO,,
0x8006b214,LAB_8006b214,game,TODO,,
0x8006b224,LAB_8006b224,game,TODO,,
0x8006b240,LAB_8006b240,game,TODO,,
0x8006b278,LAB_8006b278,game,TODO,,
0x8006b288,LAB_8006b288,game,TODO,,
0x8006b298,LAB_8006b298,game,TODO,,
0x8006b2b4,LAB_8006b2b4,game,TODO,,
0x8006b2ec,LAB_8006b2ec,game,TODO,,
0x8006b2fc,LAB_8006b2fc,game,TODO,,
0x8006b30c,LAB_8006b30c,game,TODO,,
0x8006b32c,LAB_8006b32c,game,TODO,,
0x8006b364,LAB_8006b364,game,TODO,,
0x8006b374,LAB_8006b374,game,TODO,,
0x8006b384,LAB_8006b384,game,TODO,,
0x8006b3a4,LAB_8006b3a4,game,TODO,,
0x8006b3dc,LAB_8006b3dc,game,TODO,,
0x8006b3ec,LAB_8006b3ec,game,TODO,,
0x8006b3fc,LAB_8006b3fc,game,TODO,,
0x8006b41c,LAB_8006b41c,game,TODO,,
0x8006b454,LAB_8006b454,game,TODO,,
0x8006b464,LAB_8006b464,game,TODO,,
0x8006b474,LAB_8006b474,game,TODO,,
0x8006b494,LAB_8006b494,game,TODO,,
0x8006b4cc,LAB_8006b4cc,game,TODO,,
0x8006b4dc,LAB_8006b4dc,game,TODO,,
0x8006b4ec,LAB_8006b4ec,game,TODO,,
0x8006b50c,LAB_8006b50c,game,TODO,,
0x8006b544,LAB_8006b544,game,TODO,,
0x8006b554,LAB_8006b554,game,TODO,,
0x8006b564,LAB_8006b564,game,TODO,,
0x8006b584,LAB_8006b584,game,TODO,,
0x8006b5bc,LAB_8006b5bc,game,TODO,,
0x8006b5cc,LAB_8006b5cc,game,TODO,,
0x8006b5dc,LAB_8006b5dc,game,TODO,,
0x8006b614,FUN_8006b614,unknown,TODO,,
0x8006b65c,LAB_8006b65c,game,TODO,,
0x8006b808,FUN_8006b808,unknown,TODO,,
0x8006b82c,FUN_8006b82c,unknown,TODO,,
0x8006b8a4,FUN_8006b8a4,unknown,TODO,,
0x8006b8dc,FUN_8006b8dc,unknown,TODO,,
0x8006b900,LAB_8006b900,game,TODO,,
0x8006b908,FUN_8006b908,unknown,TODO,,
0x8006b92c,LAB_8006b92c,game,TODO,,
0x8006b964,LAB_8006b964,game,TODO,,
0x8006b970,LAB_8006b970,game,TODO,,
0x8006b980,LAB_8006b980,game,TODO,,
0x8006b98c,LAB_8006b98c,game,TODO,,
0x8006b994,FUN_8006b994,unknown,TODO,,
0x8006ba9c,FUN_8006ba9c,unknown,TODO,,
0x8006bcdc,FUN_8006bcdc,unknown,TODO,,
0x8006bd1c,LAB_8006bd1c,game,TODO,,
0x8006bd24,LAB_8006bd24,game,TODO,,
0x8006bd54,LAB_8006bd54,game,TODO,,
0x8006bd58,LAB_8006bd58,game,TODO,,
0x8006bd64,LAB_8006bd64,game,TODO,,
0x8006be0c,LAB_8006be0c,game,TODO,,
0x8006be50,LAB_8006be50,game,TODO,,
0x8006be78,LAB_8006be78,game,TODO,,
0x8006be9c,LAB_8006be9c,game,TODO,,
0x8006beb0,LAB_8006beb0,game,TODO,,
0x8006bf74,LAB_8006bf74,game,TODO,,
0x8006bf7c,LAB_8006bf7c,game,TODO,,
0x8006c058,LAB_8006c058,game,TODO,,
0x8006c074,LAB_8006c074,game,TODO,,
0x8006c0c4,LAB_8006c0c4,game,TODO,,
0x8006c0c8,LAB_8006c0c8,game,TODO,,
0x8006c10c,LAB_8006c10c,game,TODO,,
0x8006c158,LAB_8006c158,game,TODO,,
0x8006c198,LAB_8006c198,game,TODO,,
0x8006c1c0,LAB_8006c1c0,game,TODO,,
0x8006c3c8,LAB_8006c3c8,game,TODO,,
0x8006c3dc,LAB_8006c3dc,game,TODO,,
0x8006c3f8,LAB_8006c3f8,game,TODO,,
0x8006c40c,LAB_8006c40c,game,TODO,,
0x8006c420,LAB_8006c420,game,TODO,,
0x8006c430,LAB_8006c430,game,TODO,,
0x8006c434,LAB_8006c434,game,TODO,,
0x8006c548,FUN_8006c548,unknown,TODO,,
0x8006c980,LAB_8006c980,game,TODO,,
0x8006c9ac,LAB_8006c9ac,game,TODO,,
0x8006c9c4,LAB_8006c9c4,game,TODO,,
0x8006cadc,FUN_8006cadc,unknown,TODO,,
0x8006cb5c,LAB_8006cb5c,game,TODO,,
0x8006cb60,LAB_8006cb60,game,TODO,,
0x8006cbec,FUN_8006cbec,unknown,TODO,,
0x8006cc30,LAB_8006cc30,game,TODO,,
0x8006cc3c,LAB_8006cc3c,game,TODO,,
0x8006cc6c,LAB_8006cc6c,game,TODO,,
0x8006cc74,LAB_8006cc74,game,TODO,,
0x8006ccc8,LAB_8006ccc8,game,TODO,,
0x8006ccd8,LAB_8006ccd8,game,TODO,,
0x8006cce0,LAB_8006cce0,game,TODO,,
0x8006cce8,LAB_8006cce8,game,TODO,,
0x8006cd04,LAB_8006cd04,game,TODO,,
0x8006cd08,LAB_8006cd08,game,TODO,,
0x8006cd0c,LAB_8006cd0c,game,TODO,,
0x8006cd44,LAB_8006cd44,game,TODO,,
0x8006cd64,LAB_8006cd64,game,TODO,,
0x8006cd78,LAB_8006cd78,game,TODO,,
0x8006ce84,LAB_8006ce84,game,TODO,,
0x8006ceac,LAB_8006ceac,game,TODO,,
0x8006cee8,FUN_8006cee8,unknown,TODO,,
0x8006d150,FUN_8006d150,unknown,TODO,,
0x8006d5e8,LAB_8006d5e8,game,TODO,,
0x8006d60c,LAB_8006d60c,game,TODO,,
0x8006d61c,LAB_8006d61c,game,TODO,,
0x8006d6b4,FUN_8006d6b4,unknown,TODO,,
0x8006d6f4,LAB_8006d6f4,game,TODO,,
0x8006d700,LAB_8006d700,game,TODO,,
0x8006d730,LAB_8006d730,game,TODO,,
0x8006d738,LAB_8006d738,game,TODO,,
0x8006d7f8,LAB_8006d7f8,game,TODO,,
0x8006d814,LAB_8006d814,game,TODO,,
0x8006d818,LAB_8006d818,game,TODO,,
0x8006d81c,LAB_8006d81c,game,TODO,,
0x8006d858,LAB_8006d858,game,TODO,,
0x8006d878,LAB_8006d878,game,TODO,,
0x8006d888,FUN_8006d888,unknown,TODO,,
0x8006d9a4,LAB_8006d9a4,game,TODO,,
0x8006da70,LAB_8006da70,game,TODO,,
0x8006da78,LAB_8006da78,game,TODO,,
0x8006db6c,LAB_8006db6c,game,TODO,,
0x8006db88,LAB_8006db88,game,TODO,,
0x8006dbbc,LAB_8006dbbc,game,TODO,,
0x8006dbe4,LAB_8006dbe4,game,TODO,,
0x8006ddac,FUN_8006ddac,unknown,TODO,,
0x8006deac,LAB_8006deac,game,TODO,,
0x8006e020,LAB_8006e020,game,TODO,,
0x8006e0d0,LAB_8006e0d0,game,TODO,,
0x8006e190,LAB_8006e190,game,TODO,,
0x8006e1ac,LAB_8006e1ac,game,TODO,,
0x8006e26c,LAB_8006e26c,game,TODO,,
0x8006e288,LAB_8006e288,game,TODO,,
0x8006e28c,LAB_8006e28c,game,TODO,,
0x8006e298,LAB_8006e298,game,TODO,,
0x8006e2bc,FUN_8006e2bc,unknown,TODO,,
0x8006e3f4,FUN_8006e3f4,unknown,TODO,,
0x8006e42c,LAB_8006e42c,game,TODO,,
0x8006e470,LAB_8006e470,game,TODO,,
0x8006e4c0,LAB_8006e4c0,game,TODO,,
0x8006e504,LAB_8006e504,game,TODO,,
0x8006e54c,LAB_8006e54c,game,TODO,,
0x8006e570,FUN_8006e570,unknown,TODO,,
0x8006e690,LAB_8006e690,game,TODO,,
0x8006e6dc,LAB_8006e6dc,game,TODO,,
0x8006e700,LAB_8006e700,game,TODO,,
0x8006e74c,LAB_8006e74c,game,TODO,,
0x8006e770,LAB_8006e770,game,TODO,,
0x8006e7bc,LAB_8006e7bc,game,TODO,,
0x8006e810,FUN_8006e810,unknown,TODO,,
0x8006e934,LAB_8006e934,game,TODO,,
0x8006e9dc,LAB_8006e9dc,game,TODO,,
0x8006ea28,LAB_8006ea28,game,TODO,,
0x8006ea88,LAB_8006ea88,game,TODO,,
0x8006eb48,LAB_8006eb48,game,TODO,,
0x8006ebc4,FUN_8006ebc4,unknown,TODO,,
0x8006ecdc,LAB_8006ecdc,game,TODO,,
0x8006ed84,LAB_8006ed84,game,TODO,,
0x8006edd0,LAB_8006edd0,game,TODO,,
0x8006ee80,FUN_8006ee80,unknown,TODO,,
0x8006ef98,LAB_8006ef98,game,TODO,,
0x8006f040,LAB_8006f040,game,TODO,,
0x8006f08c,LAB_8006f08c,game,TODO,,
0x8006f13c,FUN_8006f13c,unknown,TODO,,
0x8006f238,LAB_8006f238,game,TODO,,
0x8006f284,LAB_8006f284,game,TODO,,
0x8006f304,FUN_8006f304,unknown,TODO,,
0x8006f400,LAB_8006f400,game,TODO,,
0x8006f44c,LAB_8006f44c,game,TODO,,
0x8006fe98,FUN_8006fe98,unknown,TODO,,
0x8006fedc,LAB_8006fedc,game,TODO,,
0x8006fee0,LAB_8006fee0,game,TODO,,
0x8006ff5c,LAB_8006ff5c,game,TODO,,
0x8006ff60,LAB_8006ff60,game,TODO,,
0x8006fffc,FUN_8006fffc,unknown,TODO,,
0x80070194,LAB_80070194,game,TODO,,
0x80070198,LAB_80070198,game,TODO,,
0x800701d8,LAB_800701d8,game,TODO,,
0x8007027c,LAB_8007027c,game,TODO,,
0x800702f8,LAB_800702f8,game,TODO,,
0x8007031c,LAB_8007031c,game,TODO,,
0x8007032c,LAB_8007032c,game,TODO,,
0x80070350,LAB_80070350,game,TODO,,
0x800703a4,LAB_800703a4,game,TODO,,
0x800703e0,LAB_800703e0,game,TODO,,
0x80070404,LAB_80070404,game,TODO,,
0x8007046c,LAB_8007046c,game,TODO,,
0x800704c0,LAB_800704c0,game,TODO,,
0x800704fc,LAB_800704fc,game,TODO,,
0x8007050c,LAB_8007050c,game,TODO,,
0x8007053c,FUN_8007053c,unknown,TODO,,
0x800706b8,LAB_800706b8,game,TODO,,
0x800706bc,LAB_800706bc,game,TODO,,
0x80070700,LAB_80070700,game,TODO,,
0x8007085c,LAB_8007085c,game,TODO,,
0x8007088c,FUN_8007088c,unknown,TODO,,
0x80070a14,LAB_80070a14,game,TODO,,
0x80070a18,LAB_80070a18,game,TODO,,
0x80070a5c,LAB_80070a5c,game,TODO,,
0x80070ae0,LAB_80070ae0,game,TODO,,
0x80070ae4,LAB_80070ae4,game,TODO,,
0x80070b64,LAB_80070b64,game,TODO,,
0x80070b68,LAB_80070b68,game,TODO,,
0x80070be8,FUN_80070be8,unknown,TODO,,
0x80070d9c,LAB_80070d9c,game,TODO,,
0x80070df8,LAB_80070df8,game,TODO,,
0x80070e40,LAB_80070e40,game,TODO,,
0x80070e94,FUN_80070e94,unknown,TODO,,
0x80070f54,LAB_80070f54,game,TODO,,
0x80070fb0,LAB_80070fb0,game,TODO,,
0x80070ff8,LAB_80070ff8,game,TODO,,
0x80071044,FUN_80071044,unknown,TODO,,
0x80071208,LAB_80071208,game,TODO,,
0x800712b4,LAB_800712b4,game,TODO,,
0x80071338,LAB_80071338,game,TODO,,
0x8007138c,FUN_8007138c,unknown,TODO,,
0x80071464,LAB_80071464,game,TODO,,
0x80071508,LAB_80071508,game,TODO,,
0x80071584,LAB_80071584,game,TODO,,
0x800715d8,FUN_800715d8,unknown,TODO,,
0x800716d8,LAB_800716d8,game,TODO,,
0x80071758,LAB_80071758,game,TODO,,
0x800717a4,LAB_800717a4,game,TODO,,
0x800717e8,LAB_800717e8,game,TODO,,
0x800717f8,LAB_800717f8,game,TODO,,
0x80071828,FUN_80071828,unknown,TODO,,
0x800718f8,LAB_800718f8,game,TODO,,
0x80071940,LAB_80071940,game,TODO,,
0x80071984,LAB_80071984,game,TODO,,
0x80071994,LAB_80071994,game,TODO,,
0x800719c4,FUN_800719c4,unknown,TODO,,
0x80071ad8,LAB_80071ad8,game,TODO,,
0x80071af8,FUN_80071af8,unknown,TODO,,
0x80071c0c,LAB_80071c0c,game,TODO,,
0x80071c2c,FUN_80071c2c,unknown,TODO,,
0x80071d24,LAB_80071d24,game,TODO,,
0x80071eac,LAB_80071eac,game,TODO,,
0x80071edc,FUN_80071edc,unknown,TODO,,
0x800720ac,LAB_800720ac,game,TODO,,
0x80072424,LAB_80072424,game,TODO,,
0x80072430,LAB_80072430,game,TODO,,
0x8007243c,LAB_8007243c,game,TODO,,
0x80072448,LAB_80072448,game,TODO,,
0x80072498,LAB_80072498,game,TODO,,
0x8007249c,LAB_8007249c,game,TODO,,
0x80072588,LAB_80072588,game,TODO,,
0x800725bc,DAT_800725bc,game,TODO,,
0x800729d4,LAB_800729d4,game,TODO,,
0x800729e0,LAB_800729e0,game,TODO,,
0x800729ec,LAB_800729ec,game,TODO,,
0x800729f8,LAB_800729f8,game,TODO,,
0x80072a48,LAB_80072a48,game,TODO,,
0x80072a4c,LAB_80072a4c,game,TODO,,
0x80072a64,LAB_80072a64,game,TODO,,
0x80072acc,LAB_80072acc,game,TODO,,
0x80072b44,LAB_80072b44,game,TODO,,
0x80072c5c,LAB_80072c5c,game,TODO,,
0x80072c90,LAB_80072c90,game,TODO,,
0x80072d38,LAB_80072d38,game,TODO,,
0x80072d44,LAB_80072d44,game,TODO,,
0x80072d6c,LAB_80072d6c,game,TODO,,
0x80072d7c,LAB_80072d7c,game,TODO,,
0x80072d8c,LAB_80072d8c,game,TODO,,
0x80072de4,LAB_80072de4,game,TODO,,
0x80072e28,LAB_80072e28,game,TODO,,
0x80072e84,LAB_80072e84,game,TODO,,
0x80072e94,LAB_80072e94,game,TODO,,
0x80072eb8,LAB_80072eb8,game,TODO,,
0x80072f44,LAB_80072f44,game,TODO,,
0x80072fcc,LAB_80072fcc,game,TODO,,
0x80073018,LAB_80073018,game,TODO,,
0x8007301c,LAB_8007301c,game,TODO,,
0x80073040,LAB_80073040,game,TODO,,
0x800730dc,LAB_800730dc,game,TODO,,
0x80073150,LAB_80073150,game,TODO,,
0x80073174,LAB_80073174,game,TODO,,
0x80073184,LAB_80073184,game,TODO,,
0x800731b0,LAB_800731b0,game,TODO,,
0x80073250,LAB_80073250,game,TODO,,
0x80073254,LAB_80073254,game,TODO,,
0x800732c8,LAB_800732c8,game,TODO,,
0x800732cc,LAB_800732cc,game,TODO,,
0x800732f8,LAB_800732f8,game,TODO,,
0x800733a4,LAB_800733a4,game,TODO,,
0x800733b4,LAB_800733b4,game,TODO,,
0x80073480,LAB_80073480,game,TODO,,
0x80073484,LAB_80073484,game,TODO,,
0x8007349c,LAB_8007349c,game,TODO,,
0x800734b4,LAB_800734b4,game,TODO,,
0x800734cc,LAB_800734cc,game,TODO,,
0x80073550,LAB_80073550,game,TODO,,
0x80073580,LAB_80073580,game,TODO,,
0x800735a0,LAB_800735a0,game,TODO,,
0x800735d4,LAB_800735d4,game,TODO,,
0x80073638,LAB_80073638,game,TODO,,
0x80073658,LAB_80073658,game,TODO,,
0x80073668,LAB_80073668,game,TODO,,
0x800736c0,LAB_800736c0,game,TODO,,
0x800736d0,LAB_800736d0,game,TODO,,
0x800736d8,LAB_800736d8,game,TODO,,
0x800736dc,LAB_800736dc,game,TODO,,
0x800736e0,LAB_800736e0,game,TODO,,
0x800736e4,LAB_800736e4,game,TODO,,
0x800736f8,LAB_800736f8,game,TODO,,
0x80073734,LAB_80073734,game,TODO,,
0x80073744,LAB_80073744,game,TODO,,
0x80073764,FUN_80073764,unknown,TODO,,
0x800737e0,LAB_800737e0,game,TODO,,
0x80073800,LAB_80073800,game,TODO,,
0x80073810,LAB_80073810,game,TODO,,
0x8007383c,LAB_8007383c,game,TODO,,
0x80073880,LAB_80073880,game,TODO,,
0x80073910,LAB_80073910,game,TODO,,
0x8007395c,LAB_8007395c,game,TODO,,
0x800739a0,LAB_800739a0,game,TODO,,
0x80073a44,LAB_80073a44,game,TODO,,
0x80073a48,LAB_80073a48,game,TODO,,
0x80073acc,LAB_80073acc,game,TODO,,
0x80073afc,LAB_80073afc,game,TODO,,
0x80073b14,LAB_80073b14,game,TODO,,
0x80073b18,LAB_80073b18,game,TODO,,
0x80073b20,LAB_80073b20,game,TODO,,
0x80073b3c,LAB_80073b3c,game,TODO,,
0x80073bb0,LAB_80073bb0,game,TODO,,
0x80073bc0,LAB_80073bc0,game,TODO,,
0x80073c8c,LAB_80073c8c,game,TODO,,
0x80073ca8,LAB_80073ca8,game,TODO,,
0x80073cb0,LAB_80073cb0,game,TODO,,
0x80073d0c,LAB_80073d0c,game,TODO,,
0x80073d2c,LAB_80073d2c,game,TODO,,
0x80073d60,LAB_80073d60,game,TODO,,
0x80073ddc,LAB_80073ddc,game,TODO,,
0x80073dfc,LAB_80073dfc,game,TODO,,
0x80073e0c,LAB_80073e0c,game,TODO,,
0x80073e2c,LAB_80073e2c,game,TODO,,
0x80073e54,LAB_80073e54,game,TODO,,
0x80073e98,LAB_80073e98,game,TODO,,
0x80073ef4,LAB_80073ef4,game,TODO,,
0x80073ef8,LAB_80073ef8,game,TODO,,
0x80073f7c,LAB_80073f7c,game,TODO,,
0x80073f8c,LAB_80073f8c,game,TODO,,
0x80074060,LAB_80074060,game,TODO,,
0x80074064,LAB_80074064,game,TODO,,
0x8007407c,LAB_8007407c,game,TODO,,
0x800740c4,LAB_800740c4,game,TODO,,
0x800740f8,SUB_800740f8,game,TODO,,
0x80074148,LAB_80074148,game,TODO,,
0x80074168,LAB_80074168,game,TODO,,
0x8007416c,LAB_8007416c,game,TODO,,
0x8007417c,LAB_8007417c,game,TODO,,
0x800741c4,LAB_800741c4,game,TODO,,
0x80074200,LAB_80074200,game,TODO,,
0x80074210,LAB_80074210,game,TODO,,
0x800742c4,LAB_800742c4,game,TODO,,
0x800742c8,LAB_800742c8,game,TODO,,
0x800742dc,LAB_800742dc,game,TODO,,
0x80074310,LAB_80074310,game,TODO,,
0x80074338,LAB_80074338,game,TODO,,
0x80074358,SUB_80074358,game,TODO,,
0x800743a8,LAB_800743a8,game,TODO,,
0x800743ac,LAB_800743ac,game,TODO,,
0x800743b4,LAB_800743b4,game,TODO,,
0x800743d4,LAB_800743d4,game,TODO,,
0x800743e0,LAB_800743e0,game,TODO,,
0x80074428,LAB_80074428,game,TODO,,
0x80074464,LAB_80074464,game,TODO,,
0x8007446c,LAB_8007446c,game,TODO,,
0x800744a0,LAB_800744a0,game,TODO,,
0x800744c8,LAB_800744c8,game,TODO,,
0x800744e8,LAB_800744e8,game,TODO,,
0x8007453c,LAB_8007453c,game,TODO,,
0x8007455c,LAB_8007455c,game,TODO,,
0x80074560,LAB_80074560,game,TODO,,
0x80074570,LAB_80074570,game,TODO,,
0x800745d4,LAB_800745d4,game,TODO,,
0x8007463c,LAB_8007463c,game,TODO,,
0x8007464c,LAB_8007464c,game,TODO,,
0x80074664,LAB_80074664,game,TODO,,
0x800746a8,LAB_800746a8,game,TODO,,
0x800746dc,LAB_800746dc,game,TODO,,
0x80074700,LAB_80074700,game,TODO,,
0x80074704,LAB_80074704,game,TODO,,
0x80074728,LAB_80074728,game,TODO,,
0x8007477c,LAB_8007477c,game,TODO,,
0x8007479c,LAB_8007479c,game,TODO,,
0x800747a0,LAB_800747a0,game,TODO,,
0x800747b0,LAB_800747b0,game,TODO,,
0x80074814,LAB_80074814,game,TODO,,
0x8007487c,LAB_8007487c,game,TODO,,
0x8007488c,LAB_8007488c,game,TODO,,
0x800748a4,LAB_800748a4,game,TODO,,
0x800748e8,LAB_800748e8,game,TODO,,
0x8007491c,LAB_8007491c,game,TODO,,
0x80074940,LAB_80074940,game,TODO,,
0x80074944,LAB_80074944,game,TODO,,
0x80074968,LAB_80074968,game,TODO,,
0x80074a04,LAB_80074a04,game,TODO,,
0x80074a48,LAB_80074a48,game,TODO,,
0x80074a90,LAB_80074a90,game,TODO,,
0x80074adc,LAB_80074adc,game,TODO,,
0x80074af4,LAB_80074af4,game,TODO,,
0x80074bb8,LAB_80074bb8,game,TODO,,
0x80074bf4,LAB_80074bf4,game,TODO,,
0x80074c04,LAB_80074c04,game,TODO,,
0x80074c34,LAB_80074c34,game,TODO,,
0x80074c40,LAB_80074c40,game,TODO,,
0x80074cd0,LAB_80074cd0,game,TODO,,
0x80074cf0,LAB_80074cf0,game,TODO,,
0x80074d74,LAB_80074d74,game,TODO,,
0x80074dc4,LAB_80074dc4,game,TODO,,
0x80074dd4,LAB_80074dd4,game,TODO,,
0x80074df0,LAB_80074df0,game,TODO,,
0x80074e18,LAB_80074e18,game,TODO,,
0x80074e20,LAB_80074e20,game,TODO,,
0x80074e24,LAB_80074e24,game,TODO,,
0x80074e28,LAB_80074e28,game,TODO,,
0x80074e78,LAB_80074e78,game,TODO,,
0x80074e8c,LAB_80074e8c,game,TODO,,
0x80074eb8,LAB_80074eb8,game,TODO,,
0x8007500c,LAB_8007500c,game,TODO,,
0x80075054,LAB_80075054,game,TODO,,
0x800750a8,LAB_800750a8,game,TODO,,
0x800750b0,LAB_800750b0,game,TODO,,
0x800750c4,LAB_800750c4,game,TODO,,
0x800750e4,LAB_800750e4,game,TODO,,
0x80075104,LAB_80075104,game,TODO,,
0x80075138,LAB_80075138,game,TODO,,
0x800751d4,LAB_800751d4,game,TODO,,
0x80075218,LAB_80075218,game,TODO,,
0x80075260,LAB_80075260,game,TODO,,
0x800752ac,LAB_800752ac,game,TODO,,
0x800752c4,LAB_800752c4,game,TODO,,
0x8007537c,LAB_8007537c,game,TODO,,
0x800753b8,LAB_800753b8,game,TODO,,
0x800753bc,LAB_800753bc,game,TODO,,
0x800753cc,LAB_800753cc,game,TODO,,
0x800753fc,LAB_800753fc,game,TODO,,
0x80075408,LAB_80075408,game,TODO,,
0x80075498,LAB_80075498,game,TODO,,
0x800754b8,LAB_800754b8,game,TODO,,
0x8007553c,LAB_8007553c,game,TODO,,
0x8007558c,LAB_8007558c,game,TODO,,
0x8007559c,LAB_8007559c,game,TODO,,
0x800755b8,LAB_800755b8,game,TODO,,
0x800755e4,LAB_800755e4,game,TODO,,
0x800755ec,LAB_800755ec,game,TODO,,
0x800755f0,LAB_800755f0,game,TODO,,
0x800755f4,LAB_800755f4,game,TODO,,
0x8007564c,LAB_8007564c,game,TODO,,
0x80075660,LAB_80075660,game,TODO,,
0x8007568c,LAB_8007568c,game,TODO,,
0x800757e0,LAB_800757e0,game,TODO,,
0x80075828,LAB_80075828,game,TODO,,
0x8007587c,LAB_8007587c,game,TODO,,
0x80075884,LAB_80075884,game,TODO,,
0x80075898,LAB_80075898,game,TODO,,
0x800758b8,LAB_800758b8,game,TODO,,
0x800758ec,LAB_800758ec,game,TODO,,
0x80075954,LAB_80075954,game,TODO,,
0x80075980,LAB_80075980,game,TODO,,
0x800759a0,LAB_800759a0,game,TODO,,
0x800759b0,LAB_800759b0,game,TODO,,
0x800759cc,LAB_800759cc,game,TODO,,
0x80075a3c,LAB_80075a3c,game,TODO,,
0x80075a50,LAB_80075a50,game,TODO,,
0x80075a78,LAB_80075a78,game,TODO,,
0x80075ac0,LAB_80075ac0,game,TODO,,
0x80075ae8,LAB_80075ae8,game,TODO,,
0x80075af8,LAB_80075af8,game,TODO,,
0x80075b14,LAB_80075b14,game,TODO,,
0x80075b3c,LAB_80075b3c,game,TODO,,
0x80075b44,LAB_80075b44,game,TODO,,
0x80075b48,LAB_80075b48,game,TODO,,
0x80075b4c,LAB_80075b4c,game,TODO,,
0x80075bc8,LAB_80075bc8,game,TODO,,
0x80075bf8,LAB_80075bf8,game,TODO,,
0x80075c10,LAB_80075c10,game,TODO,,
0x80075c14,LAB_80075c14,game,TODO,,
0x80075c1c,LAB_80075c1c,game,TODO,,
0x80075c38,LAB_80075c38,game,TODO,,
0x80075ca8,LAB_80075ca8,game,TODO,,
0x80075cb8,LAB_80075cb8,game,TODO,,
0x80075d8c,LAB_80075d8c,game,TODO,,
0x80075db4,LAB_80075db4,game,TODO,,
0x80075ddc,LAB_80075ddc,game,TODO,,
0x80075e4c,LAB_80075e4c,game,TODO,,
0x80075e78,LAB_80075e78,game,TODO,,
0x80075e98,LAB_80075e98,game,TODO,,
0x80075ea8,LAB_80075ea8,game,TODO,,
0x80075ec4,LAB_80075ec4,game,TODO,,
0x80075f34,LAB_80075f34,game,TODO,,
0x80075f48,LAB_80075f48,game,TODO,,
0x80075f70,LAB_80075f70,game,TODO,,
0x80075fb8,LAB_80075fb8,game,TODO,,
0x80075fbc,LAB_80075fbc,game,TODO,,
0x80075fe4,LAB_80075fe4,game,TODO,,
0x80075ff4,LAB_80075ff4,game,TODO,,
0x80076010,LAB_80076010,game,TODO,,
0x8007603c,LAB_8007603c,game,TODO,,
0x80076044,LAB_80076044,game,TODO,,
0x80076048,LAB_80076048,game,TODO,,
0x8007604c,LAB_8007604c,game,TODO,,
0x800760cc,LAB_800760cc,game,TODO,,
0x800760fc,LAB_800760fc,game,TODO,,
0x80076114,LAB_80076114,game,TODO,,
0x80076118,LAB_80076118,game,TODO,,
0x80076120,LAB_80076120,game,TODO,,
0x8007613c,LAB_8007613c,game,TODO,,
0x800761b0,LAB_800761b0,game,TODO,,
0x800761c0,LAB_800761c0,game,TODO,,
0x80076298,LAB_80076298,game,TODO,,
0x800762c0,LAB_800762c0,game,TODO,,
0x800762ec,LAB_800762ec,game,TODO,,
0x80076330,LAB_80076330,game,TODO,,
0x80076348,LAB_80076348,game,TODO,,
0x8007641c,LAB_8007641c,game,TODO,,
0x80076420,LAB_80076420,game,TODO,,
0x80076444,FUN_80076444,unknown,TODO,,
0x80076554,FUN_80076554,unknown,TODO,,
0x800765d4,LAB_800765d4,game,TODO,,
0x800765f8,LAB_800765f8,game,TODO,,
0x80076618,LAB_80076618,game,TODO,,
0x80076628,LAB_80076628,game,TODO,,
0x800766b8,LAB_800766b8,game,TODO,,
0x800766c0,LAB_800766c0,game,TODO,,
0x800766f0,LAB_800766f0,game,TODO,,
0x80076780,LAB_80076780,game,TODO,,
0x80076784,LAB_80076784,game,TODO,,
0x800767d4,LAB_800767d4,game,TODO,,
0x80076a44,LAB_80076a44,game,TODO,,
0x80076a6c,LAB_80076a6c,game,TODO,,
0x80076a84,LAB_80076a84,game,TODO,,
0x80076aa4,LAB_80076aa4,game,TODO,,
0x80076b20,LAB_80076b20,game,TODO,,
0x80076b54,LAB_80076b54,game,TODO,,
0x80076b90,LAB_80076b90,game,TODO,,
0x80076b9c,LAB_80076b9c,game,TODO,,
0x80076bbc,LAB_80076bbc,game,TODO,,
0x80076bf0,LAB_80076bf0,game,TODO,,
0x80076c40,LAB_80076c40,game,TODO,,
0x80076c64,LAB_80076c64,game,TODO,,
0x80076d40,LAB_80076d40,game,TODO,,
0x80076d4c,LAB_80076d4c,game,TODO,,
0x80076d58,LAB_80076d58,game,TODO,,
0x80076d64,LAB_80076d64,game,TODO,,
0x80076db4,LAB_80076db4,game,TODO,,
0x80076db8,LAB_80076db8,game,TODO,,
0x80077dec,FUN_80077dec,unknown,TODO,,
0x80077f2c,FUN_80077f2c,unknown,TODO,,
0x80078050,LAB_80078050,game,TODO,,
0x800780f8,LAB_800780f8,game,TODO,,
0x80078144,LAB_80078144,game,TODO,,
0x800781a4,LAB_800781a4,game,TODO,,
0x80078264,LAB_80078264,game,TODO,,
0x800782e0,FUN_800782e0,unknown,TODO,,
0x8007832c,LAB_8007832c,game,TODO,,
0x80078380,LAB_80078380,game,TODO,,
0x80078410,LAB_80078410,game,TODO,,
0x80078448,FUN_80078448,unknown,TODO,,
0x80078540,LAB_80078540,game,TODO,,
0x800785d4,LAB_800785d4,game,TODO,,
0x80078628,LAB_80078628,game,TODO,,
0x80078658,FUN_80078658,unknown,TODO,,
0x800787b0,FUN_800787b0,unknown,TODO,,
0x80078818,LAB_80078818,game,TODO,,
0x80078830,LAB_80078830,game,TODO,,
0x8007884c,LAB_8007884c,game,TODO,,
0x80078874,LAB_80078874,game,TODO,,
0x800788a4,LAB_800788a4,game,TODO,,
0x800788ac,LAB_800788ac,game,TODO,,
0x800788c4,LAB_800788c4,game,TODO,,
0x800788e0,LAB_800788e0,game,TODO,,
0x8007898c,LAB_8007898c,game,TODO,,
0x800789ac,LAB_800789ac,game,TODO,,
0x800789bc,LAB_800789bc,game,TODO,,
0x80078a24,LAB_80078a24,game,TODO,,
0x80078a4c,LAB_80078a4c,game,TODO,,
0x80078b48,LAB_80078b48,game,TODO,,
0x80078b50,LAB_80078b50,game,TODO,,
0x80078b9c,LAB_80078b9c,game,TODO,,
0x80078bd4,LAB_80078bd4,game,TODO,,
0x80078ce0,LAB_80078ce0,game,TODO,,
0x80078d08,LAB_80078d08,game,TODO,,
0x80078d1c,LAB_80078d1c,game,TODO,,
0x80078d7c,LAB_80078d7c,game,TODO,,
0x80078e94,LAB_80078e94,game,TODO,,
0x80078efc,LAB_80078efc,game,TODO,,
0x80078f2c,LAB_80078f2c,game,TODO,,
0x80078fc8,LAB_80078fc8,game,TODO,,
0x800791b0,LAB_800791b0,game,TODO,,
0x800791e8,LAB_800791e8,game,TODO,,
0x800792f4,LAB_800792f4,game,TODO,,
0x8007938c,LAB_8007938c,game,TODO,,
0x800793bc,LAB_800793bc,game,TODO,,
0x80079474,LAB_80079474,game,TODO,,
0x80079484,LAB_80079484,game,TODO,,
0x80079498,LAB_80079498,game,TODO,,
0x800794a4,LAB_800794a4,game,TODO,,
0x800794ac,LAB_800794ac,game,TODO,,
0x80079764,FUN_80079764,unknown,TODO,,
0x8007979c,LAB_8007979c,game,TODO,,
0x80079984,LAB_80079984,game,TODO,,
0x8007999c,FUN_8007999c,unknown,TODO,,
0x80079a78,LAB_80079a78,game,TODO,,
0x80079b00,FUN_80079b00,unknown,TODO,,
0x80079bd8,LAB_80079bd8,game,TODO,,
0x80079c48,LAB_80079c48,game,TODO,,
0x80079cd4,LAB_80079cd4,game,TODO,,
0x80079d40,LAB_80079d40,game,TODO,,
0x80079dcc,LAB_80079dcc,game,TODO,,
0x80079e38,LAB_80079e38,game,TODO,,
0x80079ea4,LAB_80079ea4,game,TODO,,
0x80079f08,LAB_80079f08,game,TODO,,
0x80079f38,FUN_80079f38,unknown,TODO,,
0x8007a0c4,LAB_8007a0c4,game,TODO,,
0x8007a10c,LAB_8007a10c,game,TODO,,
0x8007a140,LAB_8007a140,game,TODO,,
0x8007a148,LAB_8007a148,game,TODO,,
0x8007a190,LAB_8007a190,game,TODO,,
0x8007a1d8,LAB_8007a1d8,game,TODO,,
0x8007a20c,LAB_8007a20c,game,TODO,,
0x8007a214,LAB_8007a214,game,TODO,,
0x8007a228,LAB_8007a228,game,TODO,,
0x8007a3e8,FUN_8007a3e8,unknown,TODO,,
0x8007a568,LAB_8007a568,game,TODO,,
0x8007a5b0,LAB_8007a5b0,game,TODO,,
0x8007a5e4,LAB_8007a5e4,game,TODO,,
0x8007a5ec,LAB_8007a5ec,game,TODO,,
0x8007a634,LAB_8007a634,game,TODO,,
0x8007a67c,LAB_8007a67c,game,TODO,,
0x8007a6b0,LAB_8007a6b0,game,TODO,,
0x8007a6b8,LAB_8007a6b8,game,TODO,,
0x8007a6cc,LAB_8007a6cc,game,TODO,,
0x8007a794,LAB_8007a794,game,TODO,,
0x8007a7f8,LAB_8007a7f8,game,TODO,,
0x8007a828,FUN_8007a828,unknown,TODO,,
0x8007a890,LAB_8007a890,game,TODO,,
0x8007a8b8,LAB_8007a8b8,game,TODO,,
0x8007a8bc,LAB_8007a8bc,game,TODO,,
0x8007a994,LAB_8007a994,game,TODO,,
0x8007a9b0,LAB_8007a9b0,game,TODO,,
0x8007aa30,LAB_8007aa30,game,TODO,,
0x8007aa34,LAB_8007aa34,game,TODO,,
0x8007aa38,LAB_8007aa38,game,TODO,,
0x8007aa54,LAB_8007aa54,game,TODO,,
0x8007aa60,LAB_8007aa60,game,TODO,,
0x8007aaa4,LAB_8007aaa4,game,TODO,,
0x8007aac0,LAB_8007aac0,game,TODO,,
0x8007ac48,LAB_8007ac48,game,TODO,,
0x8007ac60,LAB_8007ac60,game,TODO,,
0x8007ac70,LAB_8007ac70,game,TODO,,
0x8007ac84,LAB_8007ac84,game,TODO,,
0x8007ac90,LAB_8007ac90,game,TODO,,
0x8007acec,LAB_8007acec,game,TODO,,
0x8007ad14,LAB_8007ad14,game,TODO,,
0x8007ad24,LAB_8007ad24,game,TODO,,
0x8007ad58,LAB_8007ad58,game,TODO,,
0x8007ad88,LAB_8007ad88,game,TODO,,
0x8007ada8,LAB_8007ada8,game,TODO,,
0x8007adc8,LAB_8007adc8,game,TODO,,
0x8007adf8,LAB_8007adf8,game,TODO,,
0x8007b05c,LAB_8007b05c,game,TODO,,
0x8007b08c,LAB_8007b08c,game,TODO,,
0x8007b144,LAB_8007b144,game,TODO,,
0x8007b158,LAB_8007b158,game,TODO,,
0x8007b168,LAB_8007b168,game,TODO,,
0x8007b178,LAB_8007b178,game,TODO,,
0x8007b188,LAB_8007b188,game,TODO,,
0x8007b194,LAB_8007b194,game,TODO,,
0x8007b19c,LAB_8007b19c,game,TODO,,
0x8007b1f8,LAB_8007b1f8,game,TODO,,
0x8007b204,LAB_8007b204,game,TODO,,
0x8007b210,LAB_8007b210,game,TODO,,
0x8007b21c,LAB_8007b21c,game,TODO,,
0x8007b228,LAB_8007b228,game,TODO,,
0x8007b230,LAB_8007b230,game,TODO,,
0x8007b614,FUN_8007b614,unknown,TODO,,
0x8007b684,LAB_8007b684,game,TODO,,
0x8007b69c,LAB_8007b69c,game,TODO,,
0x8007b6ac,LAB_8007b6ac,game,TODO,,
0x8007b6bc,LAB_8007b6bc,game,TODO,,
0x8007b6cc,LAB_8007b6cc,game,TODO,,
0x8007b6d8,LAB_8007b6d8,game,TODO,,
0x8007b6e0,LAB_8007b6e0,game,TODO,,
0x8007b700,LAB_8007b700,game,TODO,,
0x8007b704,LAB_8007b704,game,TODO,,
0x8007b790,FUN_8007b790,unknown,TODO,,
0x8007b814,LAB_8007b814,game,TODO,,
0x8007b85c,LAB_8007b85c,game,TODO,,
0x8007b9cc,LAB_8007b9cc,game,TODO,,
0x8007b9f8,LAB_8007b9f8,game,TODO,,
0x8007b9fc,LAB_8007b9fc,game,TODO,,
0x8007ba1c,LAB_8007ba1c,game,TODO,,
0x8007ba40,LAB_8007ba40,game,TODO,,
0x8007ba64,LAB_8007ba64,game,TODO,,
0x8007bc50,LAB_8007bc50,game,TODO,,
0x8007bc78,LAB_8007bc78,game,TODO,,
0x8007bcb0,FUN_8007bcb0,unknown,TODO,,
0x8007beb0,LAB_8007beb0,game,TODO,,
0x8007c060,LAB_8007c060,game,TODO,,
0x8007c080,LAB_8007c080,game,TODO,,
0x8007c084,LAB_8007c084,game,TODO,,
0x8007c0c8,LAB_8007c0c8,game,TODO,,
0x8007c0ec,LAB_8007c0ec,game,TODO,,
0x8007c10c,LAB_8007c10c,game,TODO,,
0x8007c110,LAB_8007c110,game,TODO,,
0x8007c154,LAB_8007c154,game,TODO,,
0x8007c27c,LAB_8007c27c,game,TODO,,
0x8007c2a8,LAB_8007c2a8,game,TODO,,
0x8007c2c0,LAB_8007c2c0,game,TODO,,
0x8007c350,FUN_8007c350,unknown,TODO,,
0x8007c3cc,LAB_8007c3cc,game,TODO,,
0x8007c414,LAB_8007c414,game,TODO,,
0x8007c4e0,LAB_8007c4e0,game,TODO,,
0x8007c4ec,LAB_8007c4ec,game,TODO,,
0x8007c518,LAB_8007c518,game,TODO,,
0x8007c520,LAB_8007c520,game,TODO,,
0x8007c5a8,LAB_8007c5a8,game,TODO,,
0x8007c5d8,LAB_8007c5d8,game,TODO,,
0x8007c5f0,LAB_8007c5f0,game,TODO,,
0x8007c604,LAB_8007c604,game,TODO,,
0x8007c620,LAB_8007c620,game,TODO,,
0x8007c660,LAB_8007c660,game,TODO,,
0x8007c680,LAB_8007c680,game,TODO,,
0x8007c69c,FUN_8007c69c,unknown,TODO,,
0x8007c7d8,LAB_8007c7d8,game,TODO,,
0x8007c8dc,LAB_8007c8dc,game,TODO,,
0x8007c8e0,LAB_8007c8e0,game,TODO,,
0x8007ca3c,LAB_8007ca3c,game,TODO,,
0x8007ca64,LAB_8007ca64,game,TODO,,
0x8007cdf8,FUN_8007cdf8,unknown,TODO,,
0x8007ce58,LAB_8007ce58,game,TODO,,
0x8007d07c,FUN_8007d07c,unknown,TODO,,
0x8007d6a0,FUN_8007d6a0,unknown,TODO,,
0x8007d744,LAB_8007d744,game,TODO,,
0x8007d748,LAB_8007d748,game,TODO,,
0x8007d788,LAB_8007d788,game,TODO,,
0x8007d7ac,LAB_8007d7ac,game,TODO,,
0x8007d7b4,LAB_8007d7b4,game,TODO,,
0x8007e27c,FUN_8007e27c,unknown,TODO,,
0x8007e34c,LAB_8007e34c,game,TODO,,
0x8007e350,LAB_8007e350,game,TODO,,
0x8007e3d4,LAB_8007e3d4,game,TODO,,
0x8007e404,LAB_8007e404,game,TODO,,
0x8007e594,LAB_8007e594,game,TODO,,
0x8007e5b0,LAB_8007e5b0,game,TODO,,
0x8007e5b8,LAB_8007e5b8,game,TODO,,
0x8007e5fc,LAB_8007e5fc,game,TODO,,
0x8007e710,LAB_8007e710,game,TODO,,
0x8007e734,FUN_8007e734,unknown,TODO,,
0x8007e868,LAB_8007e868,game,TODO,,
0x8007e8ac,LAB_8007e8ac,game,TODO,,
0x8007e8c8,LAB_8007e8c8,game,TODO,,
0x8007e8d4,LAB_8007e8d4,game,TODO,,
0x8007e8d8,LAB_8007e8d8,game,TODO,,
0x8007e914,LAB_8007e914,game,TODO,,
0x8007e950,LAB_8007e950,game,TODO,,
0x8007e9a8,LAB_8007e9a8,game,TODO,,
0x8007e9f8,LAB_8007e9f8,game,TODO,,
0x8007eac8,LAB_8007eac8,game,TODO,,
0x8007eb80,LAB_8007eb80,game,TODO,,
0x8007eb88,LAB_8007eb88,game,TODO,,
0x8007ecfc,LAB_8007ecfc,game,TODO,,
0x8007ed3c,LAB_8007ed3c,game,TODO,,
0x8007ed6c,LAB_8007ed6c,game,TODO,,
0x8007f3a0,FUN_8007f3a0,unknown,TODO,,
0x8007f400,LAB_8007f400,game,TODO,,
0x8007f520,FUN_8007f520,unknown,TODO,,
0x8007f5b0,LAB_8007f5b0,game,TODO,,
0x8007f5b8,LAB_8007f5b8,game,TODO,,
0x8007f63c,LAB_8007f63c,game,TODO,,
0x8007f640,LAB_8007f640,game,TODO,,
0x8007f6c0,LAB_8007f6c0,game,TODO,,
0x8007f6c4,LAB_8007f6c4,game,TODO,,
0x8007f73c,LAB_8007f73c,game,TODO,,
0x8007f740,LAB_8007f740,game,TODO,,
0x8007f7bc,LAB_8007f7bc,game,TODO,,
0x8007f7c0,LAB_8007f7c0,game,TODO,,
0x8007f908,LAB_8007f908,game,TODO,,
0x8007f9f8,LAB_8007f9f8,game,TODO,,
0x8007fa64,LAB_8007fa64,game,TODO,,
0x8007fad0,LAB_8007fad0,game,TODO,,
0x8007fb84,LAB_8007fb84,game,TODO,,
0x8007fb88,LAB_8007fb88,game,TODO,,
0x8007fbd8,LAB_8007fbd8,game,TODO,,
0x8007fc08,LAB_8007fc08,game,TODO,,
0x8007fc30,LAB_8007fc30,game,TODO,,
0x8007fc54,LAB_8007fc54,game,TODO,,
0x8007fcd8,LAB_8007fcd8,game,TODO,,
0x8007fce8,LAB_8007fce8,game,TODO,,
0x8007fda0,LAB_8007fda0,game,TODO,,
0x8007fdc0,LAB_8007fdc0,game,TODO,,
0x8007fde0,LAB_8007fde0,game,TODO,,
0x8007fe44,LAB_8007fe44,game,TODO,,
0x8007fe48,LAB_8007fe48,game,TODO,,
0x8007fe54,LAB_8007fe54,game,TODO,,
0x8007fe8c,LAB_8007fe8c,game,TODO,,
0x8007feac,LAB_8007feac,game,TODO,,
0x8007feb4,LAB_8007feb4,game,TODO,,
0x8007fed4,FUN_8007fed4,unknown,TODO,,
0x8007ff60,LAB_8007ff60,game,TODO,,
0x8007ff88,LAB_8007ff88,game,TODO,,
0x8007ff98,LAB_8007ff98,game,TODO,,
0x8007fff4,LAB_8007fff4,game,TODO,,
0x80080004,LAB_80080004,game,TODO,,
0x80080010,LAB_80080010,game,TODO,,
0x80080024,LAB_80080024,game,TODO,,
0x80080028,LAB_80080028,game,TODO,,
0x80080038,LAB_80080038,game,TODO,,
0x80080088,LAB_80080088,game,TODO,,
0x800800bc,LAB_800800bc,game,TODO,,
0x80080140,LAB_80080140,game,TODO,,
0x8008018c,LAB_8008018c,game,TODO,,
0x800801b4,LAB_800801b4,game,TODO,,
0x800801b8,LAB_800801b8,game,TODO,,
0x800801dc,LAB_800801dc,game,TODO,,
0x80080254,LAB_80080254,game,TODO,,
0x80080278,LAB_80080278,game,TODO,,
0x8008029c,LAB_8008029c,game,TODO,,
0x800802c0,LAB_800802c0,game,TODO,,
0x800802e4,LAB_800802e4,game,TODO,,
0x80080308,LAB_80080308,game,TODO,,
0x80080324,LAB_80080324,game,TODO,,
0x8008059c,LAB_8008059c,game,TODO,,
0x800805c4,LAB_800805c4,game,TODO,,
0x80080624,FUN_80080624,unknown,TODO,,
0x80080860,LAB_80080860,game,TODO,,
0x80080a34,LAB_80080a34,game,TODO,,
0x80080ab0,FUN_80080ab0,unknown,TODO,,
0x80080ce8,LAB_80080ce8,game,TODO,,
0x80080d0c,LAB_80080d0c,game,TODO,,
0x80080d1c,LAB_80080d1c,game,TODO,,
0x80080db4,FUN_80080db4,unknown,TODO,,
0x80080df4,LAB_80080df4,game,TODO,,
0x80080e00,LAB_80080e00,game,TODO,,
0x80080e30,LAB_80080e30,game,TODO,,
0x80080e38,LAB_80080e38,game,TODO,,
0x80080ee0,LAB_80080ee0,game,TODO,,
0x80080f28,LAB_80080f28,game,TODO,,
0x80080f30,LAB_80080f30,game,TODO,,
0x80080f40,LAB_80080f40,game,TODO,,
0x80080f44,LAB_80080f44,game,TODO,,
0x80080f80,LAB_80080f80,game,TODO,,
0x80080fa0,LAB_80080fa0,game,TODO,,
0x80080fb0,FUN_80080fb0,unknown,TODO,,
0x800810cc,LAB_800810cc,game,TODO,,
0x800811a0,LAB_800811a0,game,TODO,,
0x800811a8,LAB_800811a8,game,TODO,,
0x8008125c,LAB_8008125c,game,TODO,,
0x80081284,LAB_80081284,game,TODO,,
0x800813c0,FUN_800813c0,unknown,TODO,,
0x8008154c,LAB_8008154c,game,TODO,,
0x80081598,LAB_80081598,game,TODO,,
0x800815d0,LAB_800815d0,game,TODO,,
0x80081850,FUN_80081850,unknown,TODO,,
0x80081c54,LAB_80081c54,game,TODO,,
0x80081cb0,LAB_80081cb0,game,TODO,,
0x80081cc4,LAB_80081cc4,game,TODO,,
0x80081d14,LAB_80081d14,game,TODO,,
0x80081d34,LAB_80081d34,game,TODO,,
0x80081d90,LAB_80081d90,game,TODO,,
0x80081da4,LAB_80081da4,game,TODO,,
0x80081df4,LAB_80081df4,game,TODO,,
0x80081eb4,FUN_80081eb4,unknown,TODO,,
0x80081f3c,LAB_80081f3c,game,TODO,,
0x80081f8c,LAB_80081f8c,game,TODO,,
0x80081fc8,LAB_80081fc8,game,TODO,,
0x80081fe0,LAB_80081fe0,game,TODO,,
0x80082018,LAB_80082018,game,TODO,,
0x80082068,LAB_80082068,game,TODO,,
0x80082080,LAB_80082080,game,TODO,,
0x800820a4,LAB_800820a4,game,TODO,,
0x800820f4,LAB_800820f4,game,TODO,,
0x80082124,LAB_80082124,game,TODO,,
0x80082198,LAB_80082198,game,TODO,,
0x800821a4,LAB_800821a4,game,TODO,,
0x800821d8,LAB_800821d8,game,TODO,,
0x80082200,LAB_80082200,game,TODO,,
0x80082228,LAB_80082228,game,TODO,,
0x80082294,LAB_80082294,game,TODO,,
0x800822a0,LAB_800822a0,game,TODO,,
0x800822cc,LAB_800822cc,game,TODO,,
0x800822d4,LAB_800822d4,game,TODO,,
0x80082314,LAB_80082314,game,TODO,,
0x80082348,LAB_80082348,game,TODO,,
0x8008236c,LAB_8008236c,game,TODO,,
0x8008239c,LAB_8008239c,game,TODO,,
0x8008240c,LAB_8008240c,game,TODO,,
0x80082440,LAB_80082440,game,TODO,,
0x80082468,LAB_80082468,game,TODO,,
0x80082494,FUN_80082494,unknown,TODO,,
0x800825d8,LAB_800825d8,game,TODO,,
0x800826b4,LAB_800826b4,game,TODO,,
0x800826e4,LAB_800826e4,game,TODO,,
0x8008299c,FUN_8008299c,unknown,TODO,,
0x80082bec,LAB_80082bec,game,TODO,,
0x80082c40,LAB_80082c40,game,TODO,,
0x80082c4c,LAB_80082c4c,game,TODO,,
0x80082c98,LAB_80082c98,game,TODO,,
0x80082ca8,LAB_80082ca8,game,TODO,,
0x80082ce4,LAB_80082ce4,game,TODO,,
0x80082ce8,LAB_80082ce8,game,TODO,,
0x80082cfc,LAB_80082cfc,game,TODO,,
0x80082db8,LAB_80082db8,game,TODO,,
0x80082de0,LAB_80082de0,game,TODO,,
0x80082de4,LAB_80082de4,game,TODO,,
0x80082df8,LAB_80082df8,game,TODO,,
0x80082e88,LAB_80082e88,game,TODO,,
0x80082e8c,LAB_80082e8c,game,TODO,,
0x80082ea4,LAB_80082ea4,game,TODO,,
0x80082ef0,LAB_80082ef0,game,TODO,,
0x800837c4,FUN_800837c4,unknown,TODO,,
0x800838e0,FUN_800838e0,unknown,TODO,,
0x80083940,LAB_80083940,game,TODO,,
0x80083968,LAB_80083968,game,TODO,,
0x80083984,LAB_80083984,game,TODO,,
0x800839d0,LAB_800839d0,game,TODO,,
0x80083a0c,LAB_80083a0c,game,TODO,,
0x80083a48,LAB_80083a48,game,TODO,,
0x80083a80,LAB_80083a80,game,TODO,,
0x80083ab0,LAB_80083ab0,game,TODO,,
0x80083b1c,LAB_80083b1c,game,TODO,,
0x80083bc8,LAB_80083bc8,game,TODO,,
0x80083be0,LAB_80083be0,game,TODO,,
0x80083bf0,LAB_80083bf0,game,TODO,,
0x80083c28,LAB_80083c28,game,TODO,,
0x80083c78,LAB_80083c78,game,TODO,,
0x80083c98,LAB_80083c98,game,TODO,,
0x80083c9c,LAB_80083c9c,game,TODO,,
0x80083cc0,DAT_80083cc0,game,TODO,,
0x8008404c,LAB_8008404c,game,TODO,,
0x80084084,LAB_80084084,game,TODO,,
0x8008421c,LAB_8008421c,game,TODO,,
0x80084264,LAB_80084264,game,TODO,,
0x800842ac,LAB_800842ac,game,TODO,,
0x800842cc,LAB_800842cc,game,TODO,,
0x800842f0,LAB_800842f0,game,TODO,,
0x80084314,LAB_80084314,game,TODO,,
0x8008434c,LAB_8008434c,game,TODO,,
0x8008437c,LAB_8008437c,game,TODO,,
0x80084504,LAB_80084504,game,TODO,,
0x80084518,LAB_80084518,game,TODO,,
0x8008452c,LAB_8008452c,game,TODO,,
0x80084540,LAB_80084540,game,TODO,,
0x80084554,LAB_80084554,game,TODO,,
0x800846fc,FUN_800846fc,unknown,TODO,,
0x8008476c,LAB_8008476c,game,TODO,,
0x800847dc,LAB_800847dc,game,TODO,,
0x800847e0,LAB_800847e0,game,TODO,,
0x800847f8,FUN_800847f8,unknown,TODO,,
0x80084920,FUN_80084920,unknown,TODO,,
0x800849e4,LAB_800849e4,game,TODO,,
0x80084a90,LAB_80084a90,game,TODO,,
0x80084adc,LAB_80084adc,game,TODO,,
0x80084b74,FUN_80084b74,unknown,TODO,,
0x80084cb0,LAB_80084cb0,game,TODO,,
0x80084ce0,LAB_80084ce0,game,TODO,,
0x80084d10,LAB_80084d10,game,TODO,,
0x80084dc8,LAB_80084dc8,game,TODO,,
0x80084dec,LAB_80084dec,game,TODO,,
0x80084df0,LAB_80084df0,game,TODO,,
0x80084dfc,LAB_80084dfc,game,TODO,,
0x80084e74,LAB_80084e74,game,TODO,,
0x80084e94,LAB_80084e94,game,TODO,,
0x80084ea4,LAB_80084ea4,game,TODO,,
0x80084ee8,FUN_80084ee8,unknown,TODO,,
0x80085000,LAB_80085000,game,TODO,,
0x80085014,LAB_80085014,game,TODO,,
0x800850c8,LAB_800850c8,game,TODO,,
0x80085104,LAB_80085104,game,TODO,,
0x80085118,LAB_80085118,game,TODO,,
0x800851d8,LAB_800851d8,game,TODO,,
0x80085264,LAB_80085264,game,TODO,,
0x8008529c,LAB_8008529c,game,TODO,,
0x80085320,LAB_80085320,game,TODO,,
0x800853a4,LAB_800853a4,game,TODO,,
0x800853d4,LAB_800853d4,game,TODO,,
0x8008540c,LAB_8008540c,game,TODO,,
0x8008541c,LAB_8008541c,game,TODO,,
0x800854dc,LAB_800854dc,game,TODO,,
0x80085568,LAB_80085568,game,TODO,,
0x800855a0,LAB_800855a0,game,TODO,,
0x80085624,LAB_80085624,game,TODO,,
0x800856a8,LAB_800856a8,game,TODO,,
0x800856d8,LAB_800856d8,game,TODO,,
0x80085708,LAB_80085708,game,TODO,,
0x8008577c,LAB_8008577c,game,TODO,,
0x800857ac,FUN_800857ac,unknown,TODO,,
0x800857d8,LAB_800857d8,game,TODO,,
0x800857e4,LAB_800857e4,game,TODO,,
0x80085880,FUN_80085880,unknown,TODO,,
0x80085930,LAB_80085930,game,TODO,,
0x800859fc,LAB_800859fc,game,TODO,,
0x80085a10,LAB_80085a10,game,TODO,,
0x80085a3c,LAB_80085a3c,game,TODO,,
0x80085a48,LAB_80085a48,game,TODO,,
0x80085a4c,LAB_80085a4c,game,TODO,,
0x80085a84,LAB_80085a84,game,TODO,,
0x80085ae4,LAB_80085ae4,game,TODO,,
0x80085b38,LAB_80085b38,game,TODO,,
0x80085b78,LAB_80085b78,game,TODO,,
0x80085ba0,LAB_80085ba0,game,TODO,,
0x80085bc4,LAB_80085bc4,game,TODO,,
0x80085bcc,LAB_80085bcc,game,TODO,,
0x80085c28,FUN_80085c28,unknown,TODO,,
0x80085c98,LAB_80085c98,game,TODO,,
0x80085c9c,LAB_80085c9c,game,TODO,,
0x80085d18,LAB_80085d18,game,TODO,,
0x80085d1c,LAB_80085d1c,game,TODO,,
0x80085e28,FUN_80085e28,unknown,TODO,,
0x80085e98,LAB_80085e98,game,TODO,,
0x80085e9c,LAB_80085e9c,game,TODO,,
0x80085f18,LAB_80085f18,game,TODO,,
0x80085f1c,LAB_80085f1c,game,TODO,,
0x80086028,FUN_80086028,unknown,TODO,,
0x8008608c,LAB_8008608c,game,TODO,,
0x800860a0,LAB_800860a0,game,TODO,,
0x800860e8,LAB_800860e8,game,TODO,,
0x800860fc,LAB_800860fc,game,TODO,,
0x80086134,LAB_80086134,game,TODO,,
0x80086148,LAB_80086148,game,TODO,,
0x80086174,LAB_80086174,game,TODO,,
0x80086180,LAB_80086180,game,TODO,,
0x800861b0,LAB_800861b0,game,TODO,,
0x800861b8,LAB_800861b8,game,TODO,,
0x80086220,LAB_80086220,game,TODO,,
0x80086230,LAB_80086230,game,TODO,,
0x8008625c,LAB_8008625c,game,TODO,,
0x80086288,LAB_80086288,game,TODO,,
0x80086298,LAB_80086298,game,TODO,,
0x800862a4,LAB_800862a4,game,TODO,,
0x800862a8,LAB_800862a8,game,TODO,,
0x8008634c,LAB_8008634c,game,TODO,,
0x80086380,LAB_80086380,game,TODO,,
0x80086398,LAB_80086398,game,TODO,,
0x800863cc,LAB_800863cc,game,TODO,,
0x800863dc,LAB_800863dc,game,TODO,,
0x800863e4,LAB_800863e4,game,TODO,,
0x80086448,LAB_80086448,game,TODO,,
0x80086470,LAB_80086470,game,TODO,,
0x8008649c,LAB_8008649c,game,TODO,,
0x80086500,LAB_80086500,game,TODO,,
0x80086534,LAB_80086534,game,TODO,,
0x80086544,LAB_80086544,game,TODO,,
0x800865a0,LAB_800865a0,game,TODO,,
0x8008666c,LAB_8008666c,game,TODO,,
0x800866bc,LAB_800866bc,game,TODO,,
0x80086770,LAB_80086770,game,TODO,,
0x80086780,LAB_80086780,game,TODO,,
0x8008679c,LAB_8008679c,game,TODO,,
0x800867ac,LAB_800867ac,game,TODO,,
0x800867f8,LAB_800867f8,game,TODO,,
0x800867fc,LAB_800867fc,game,TODO,,
0x80086844,LAB_80086844,game,TODO,,
0x8008686c,LAB_8008686c,game,TODO,,
0x8008689c,LAB_8008689c,game,TODO,,
0x80086924,LAB_80086924,game,TODO,,
0x80086944,LAB_80086944,game,TODO,,
0x80086968,LAB_80086968,game,TODO,,
0x800869b8,LAB_800869b8,game,TODO,,
0x800869c0,LAB_800869c0,game,TODO,,
0x80086a00,LAB_80086a00,game,TODO,,
0x80086a08,LAB_80086a08,game,TODO,,
0x80086a84,LAB_80086a84,game,TODO,,
0x80086ab8,LAB_80086ab8,game,TODO,,
0x80086adc,LAB_80086adc,game,TODO,,
0x80086ae8,LAB_80086ae8,game,TODO,,
0x80086afc,LAB_80086afc,game,TODO,,
0x80086b1c,LAB_80086b1c,game,TODO,,
0x80086b40,LAB_80086b40,game,TODO,,
0x80086b94,LAB_80086b94,game,TODO,,
0x80086ba4,LAB_80086ba4,game,TODO,,
0x80086c08,LAB_80086c08,game,TODO,,
0x80086c14,LAB_80086c14,game,TODO,,
0x80086c28,LAB_80086c28,game,TODO,,
0x80086c40,LAB_80086c40,game,TODO,,
0x80086cdc,LAB_80086cdc,game,TODO,,
0x80086ce0,LAB_80086ce0,game,TODO,,
0x80086d0c,LAB_80086d0c,game,TODO,,
0x80086d7c,LAB_80086d7c,game,TODO,,
0x80086d94,LAB_80086d94,game,TODO,,
0x80086e78,LAB_80086e78,game,TODO,,
0x80086f00,LAB_80086f00,game,TODO,,
0x80086f8c,LAB_80086f8c,game,TODO,,
0x80086fbc,LAB_80086fbc,game,TODO,,
0x80086fc0,LAB_80086fc0,game,TODO,,
0x80086fe0,LAB_80086fe0,game,TODO,,
0x80087050,LAB_80087050,game,TODO,,
0x80087068,LAB_80087068,game,TODO,,
0x800870e0,LAB_800870e0,game,TODO,,
0x80087104,LAB_80087104,game,TODO,,
0x80087114,LAB_80087114,game,TODO,,
0x80087120,LAB_80087120,game,TODO,,
0x80087124,LAB_80087124,game,TODO,,
0x800871a8,LAB_800871a8,game,TODO,,
0x800871ac,LAB_800871ac,game,TODO,,
0x800871cc,LAB_800871cc,game,TODO,,
0x800871dc,LAB_800871dc,game,TODO,,
0x800871fc,FUN_800871fc,unknown,TODO,,
0x80087340,FUN_80087340,unknown,TODO,,
0x80087428,LAB_80087428,game,TODO,,
0x80087520,LAB_80087520,game,TODO,,
0x8008760c,LAB_8008760c,game,TODO,,
0x80087618,LAB_80087618,game,TODO,,
0x800876d0,LAB_800876d0,game,TODO,,
0x800876f8,LAB_800876f8,game,TODO,,
0x80087714,LAB_80087714,game,TODO,,
0x80087738,LAB_80087738,game,TODO,,
0x800877ac,LAB_800877ac,game,TODO,,
0x800877dc,LAB_800877dc,game,TODO,,
0x80087830,LAB_80087830,game,TODO,,
0x80087834,LAB_80087834,game,TODO,,
0x8008786c,LAB_8008786c,game,TODO,,
0x80087db4,FUN_80087db4,unknown,TODO,,
0x80087de0,LAB_80087de0,game,TODO,,
0x80087e40,LAB_80087e40,game,TODO,,
0x80087e98,LAB_80087e98,game,TODO,,
0x80087eb4,LAB_80087eb4,game,TODO,,
0x80087f0c,LAB_80087f0c,game,TODO,,
0x80087f64,LAB_80087f64,game,TODO,,
0x80087fbc,LAB_80087fbc,game,TODO,,
0x80088014,LAB_80088014,game,TODO,,
0x8008806c,LAB_8008806c,game,TODO,,
0x800880c4,LAB_800880c4,game,TODO,,
0x8008811c,LAB_8008811c,game,TODO,,
0x80088174,LAB_80088174,game,TODO,,
0x800881cc,LAB_800881cc,game,TODO,,
0x80088224,LAB_80088224,game,TODO,,
0x8008827c,LAB_8008827c,game,TODO,,
0x800882d4,LAB_800882d4,game,TODO,,
0x8008832c,LAB_8008832c,game,TODO,,
0x80088384,LAB_80088384,game,TODO,,
0x800883dc,LAB_800883dc,game,TODO,,
0x80088434,LAB_80088434,game,TODO,,
0x8008848c,LAB_8008848c,game,TODO,,
0x800884c4,FUN_800884c4,unknown,TODO,,
0x80088538,LAB_80088538,game,TODO,,
0x80088590,LAB_80088590,game,TODO,,
0x80088644,LAB_80088644,game,TODO,,
0x80088668,LAB_80088668,game,TODO,,
0x80088684,LAB_80088684,game,TODO,,
0x800886a8,LAB_800886a8,game,TODO,,
0x800886c4,LAB_800886c4,game,TODO,,
0x800886e8,LAB_800886e8,game,TODO,,
0x8008870c,LAB_8008870c,game,TODO,,
0x80088710,LAB_80088710,game,TODO,,
0x80088744,LAB_80088744,game,TODO,,
0x80088770,LAB_80088770,game,TODO,,
0x80088794,LAB_80088794,game,TODO,,
0x80088798,LAB_80088798,game,TODO,,
0x800887ac,LAB_800887ac,game,TODO,,
0x800887cc,LAB_800887cc,game,TODO,,
0x800887f0,LAB_800887f0,game,TODO,,
0x800887f4,LAB_800887f4,game,TODO,,
0x8008880c,LAB_8008880c,game,TODO,,
0x80088838,LAB_80088838,game,TODO,,
0x80088878,LAB_80088878,game,TODO,,
0x80088898,LAB_80088898,game,TODO,,
0x800888b8,LAB_800888b8,game,TODO,,
0x800888bc,LAB_800888bc,game,TODO,,
0x800888ec,LAB_800888ec,game,TODO,,
0x80088910,FUN_80088910,unknown,TODO,,
0x8008897c,LAB_8008897c,game,TODO,,
0x800889b0,LAB_800889b0,game,TODO,,
0x800889c4,LAB_800889c4,game,TODO,,
0x800889d0,LAB_800889d0,game,TODO,,
0x800889fc,LAB_800889fc,game,TODO,,
0x80088a60,LAB_80088a60,game,TODO,,
0x80088ab0,LAB_80088ab0,game,TODO,,
0x80088b00,LAB_80088b00,game,TODO,,
0x80088bc8,LAB_80088bc8,game,TODO,,
0x80088bfc,FUN_80088bfc,unknown,TODO,,
0x80088c74,LAB_80088c74,game,TODO,,
0x80088cb8,LAB_80088cb8,game,TODO,,
0x80088ccc,LAB_80088ccc,game,TODO,,
0x80088cd8,LAB_80088cd8,game,TODO,,
0x80088d04,LAB_80088d04,game,TODO,,
0x80088d8c,LAB_80088d8c,game,TODO,,
0x80088de8,LAB_80088de8,game,TODO,,
0x80088f50,LAB_80088f50,game,TODO,,
0x80088f84,FUN_80088f84,unknown,TODO,,
0x80089064,LAB_80089064,game,TODO,,
0x80089124,LAB_80089124,game,TODO,,
0x80089220,LAB_80089220,game,TODO,,
0x80089258,FUN_80089258,unknown,TODO,,
0x8008933c,LAB_8008933c,game,TODO,,
0x800893f8,LAB_800893f8,game,TODO,,
0x80089524,LAB_80089524,game,TODO,,
0x800895e4,LAB_800895e4,game,TODO,,
0x800896c0,FUN_800896c0,unknown,TODO,,
0x8008979c,LAB_8008979c,game,TODO,,
0x80089860,LAB_80089860,game,TODO,,
0x80089938,FUN_80089938,unknown,TODO,,
0x80089a58,LAB_80089a58,game,TODO,,
0x80089ad4,LAB_80089ad4,game,TODO,,
0x80089b2c,LAB_80089b2c,game,TODO,,
0x80089c34,LAB_80089c34,game,TODO,,
0x80089c38,LAB_80089c38,game,TODO,,
0x80089c54,LAB_80089c54,game,TODO,,
0x80089d68,LAB_80089d68,game,TODO,,
0x80089ee4,LAB_80089ee4,game,TODO,,
0x80089f34,FUN_80089f34,unknown,TODO,,
0x8008a044,LAB_8008a044,game,TODO,,
0x8008a0c8,LAB_8008a0c8,game,TODO,,
0x8008a120,LAB_8008a120,game,TODO,,
0x8008a228,LAB_8008a228,game,TODO,,
0x8008a22c,LAB_8008a22c,game,TODO,,
0x8008a240,LAB_8008a240,game,TODO,,
0x8008a320,FUN_8008a320,unknown,TODO,,
0x8008af04,LAB_8008af04,game,TODO,,
0x8008afcc,LAB_8008afcc,game,TODO,,
0x8008afd4,LAB_8008afd4,game,TODO,,
0x8008b078,LAB_8008b078,game,TODO,,
0x8008b080,LAB_8008b080,game,TODO,,
0x8008b0c4,LAB_8008b0c4,game,TODO,,
0x8008b0e8,LAB_8008b0e8,game,TODO,,
0x8008b104,LAB_8008b104,game,TODO,,
0x8008b170,FUN_8008b170,unknown,TODO,,
0x8008b1a8,LAB_8008b1a8,game,TODO,,
0x8008b390,LAB_8008b390,game,TODO,,
0x8008b3a8,FUN_8008b3a8,unknown,TODO,,
0x8008b468,LAB_8008b468,game,TODO,,
0x8008b47c,LAB_8008b47c,game,TODO,,
0x8008b488,LAB_8008b488,game,TODO,,
0x8008b498,LAB_8008b498,game,TODO,,
0x8008b49c,LAB_8008b49c,game,TODO,,
0x8008b4a0,LAB_8008b4a0,game,TODO,,
0x8008b4a4,LAB_8008b4a4,game,TODO,,
0x8008b4c0,FUN_8008b4c0,unknown,TODO,,
0x8008b518,LAB_8008b518,game,TODO,,
0x8008b57c,LAB_8008b57c,game,TODO,,
0x8008b5b4,LAB_8008b5b4,game,TODO,,
0x8008b650,LAB_8008b650,game,TODO,,
0x8008b670,LAB_8008b670,game,TODO,,
0x8008b674,LAB_8008b674,game,TODO,,
0x8008b6d0,LAB_8008b6d0,game,TODO,,
0x8008b734,LAB_8008b734,game,TODO,,
0x8008b750,LAB_8008b750,game,TODO,,
0x8008b770,LAB_8008b770,game,TODO,,
0x8008b774,LAB_8008b774,game,TODO,,
0x8008b7d0,LAB_8008b7d0,game,TODO,,
0x8008b82c,LAB_8008b82c,game,TODO,,
0x8008b878,FUN_8008b878,unknown,TODO,,
0x8008b974,LAB_8008b974,game,TODO,,
0x8008b99c,LAB_8008b99c,game,TODO,,
0x8008b9d4,LAB_8008b9d4,game,TODO,,
0x8008ba74,LAB_8008ba74,game,TODO,,
0x8008bb68,LAB_8008bb68,game,TODO,,
0x8008bc00,LAB_8008bc00,game,TODO,,
0x8008bc58,LAB_8008bc58,game,TODO,,
0x8008bca4,LAB_8008bca4,game,TODO,,
0x8008bcac,LAB_8008bcac,game,TODO,,
0x8008bcec,FUN_8008bcec,unknown,TODO,,
0x8008bd84,LAB_8008bd84,game,TODO,,
0x8008bdd0,LAB_8008bdd0,game,TODO,,
0x8008bde4,LAB_8008bde4,game,TODO,,
0x8008bde8,LAB_8008bde8,game,TODO,,
0x8008be7c,LAB_8008be7c,game,TODO,,
0x8008bec8,LAB_8008bec8,game,TODO,,
0x8008bed4,LAB_8008bed4,game,TODO,,
0x8008bef8,LAB_8008bef8,game,TODO,,
0x8008bf0c,LAB_8008bf0c,game,TODO,,
0x8008bf34,LAB_8008bf34,game,TODO,,
0x8008bf38,LAB_8008bf38,game,TODO,,
0x8008bf84,LAB_8008bf84,game,TODO,,
0x8008bfa4,LAB_8008bfa4,game,TODO,,
0x8008bfc4,LAB_8008bfc4,game,TODO,,
0x8008c040,LAB_8008c040,game,TODO,,
0x8008c050,LAB_8008c050,game,TODO,,
0x8008c05c,LAB_8008c05c,game,TODO,,
0x8008c068,LAB_8008c068,game,TODO,,
0x8008c070,LAB_8008c070,game,TODO,,
0x8008c074,LAB_8008c074,game,TODO,,
0x8008c07c,LAB_8008c07c,game,TODO,,
0x8008c278,LAB_8008c278,game,TODO,,
0x8008c2dc,LAB_8008c2dc,game,TODO,,
0x8008c30c,LAB_8008c30c,game,TODO,,
0x8008c340,FUN_8008c340,unknown,TODO,,
0x8008c4e8,LAB_8008c4e8,game,TODO,,
0x8008c57c,LAB_8008c57c,game,TODO,,
0x8008c5c4,FUN_8008c5c4,unknown,TODO,,
0x8008c664,LAB_8008c664,game,TODO,,
0x8008c684,LAB_8008c684,game,TODO,,
0x8008c6b0,LAB_8008c6b0,game,TODO,,
0x8008c6d8,LAB_8008c6d8,game,TODO,,
0x8008c6f0,LAB_8008c6f0,game,TODO,,
0x8008c840,LAB_8008c840,game,TODO,,
0x8008c868,LAB_8008c868,game,TODO,,
0x8008c8f4,LAB_8008c8f4,game,TODO,,
0x8008c924,LAB_8008c924,game,TODO,,
0x8008ca28,FUN_8008ca28,unknown,TODO,,
0x8008cb70,LAB_8008cb70,game,TODO,,
0x8008cb74,LAB_8008cb74,game,TODO,,
0x8008cbf0,LAB_8008cbf0,game,TODO,,
0x8008cbf4,LAB_8008cbf4,game,TODO,,
0x8008cc54,LAB_8008cc54,game,TODO,,
0x8008cc98,LAB_8008cc98,game,TODO,,
0x8008cd0c,FUN_8008cd0c,unknown,TODO,,
0x8008ce28,LAB_8008ce28,game,TODO,,
0x8008ce2c,LAB_8008ce2c,game,TODO,,
0x8008ce84,FUN_8008ce84,unknown,TODO,,
0x8008cef0,LAB_8008cef0,game,TODO,,
0x8008cf18,LAB_8008cf18,game,TODO,,
0x8008cf28,LAB_8008cf28,game,TODO,,
0x8008cf90,LAB_8008cf90,game,TODO,,
0x8008cfa4,LAB_8008cfa4,game,TODO,,
0x8008cfac,LAB_8008cfac,game,TODO,,
0x8008cfb0,LAB_8008cfb0,game,TODO,,
0x8008cff8,LAB_8008cff8,game,TODO,,
0x8008d03c,LAB_8008d03c,game,TODO,,
0x8008d114,LAB_8008d114,game,TODO,,
0x8008d134,LAB_8008d134,game,TODO,,
0x8008d154,LAB_8008d154,game,TODO,,
0x8008d224,LAB_8008d224,game,TODO,,
0x8008d3b4,LAB_8008d3b4,game,TODO,,
0x8008d440,LAB_8008d440,game,TODO,,
0x8008d470,LAB_8008d470,game,TODO,,
0x8008d680,LAB_8008d680,game,TODO,,
0x8008d744,LAB_8008d744,game,TODO,,
0x8008d790,LAB_8008d790,game,TODO,,
0x8008d84c,LAB_8008d84c,game,TODO,,
0x8008d884,LAB_8008d884,game,TODO,,
0x8008d89c,LAB_8008d89c,game,TODO,,
0x8008d8cc,FUN_8008d8cc,unknown,TODO,,
0x8008d948,LAB_8008d948,game,TODO,,
0x8008d960,LAB_8008d960,game,TODO,,
0x8008d9e0,LAB_8008d9e0,game,TODO,,
0x8008da00,LAB_8008da00,game,TODO,,
0x8008da14,LAB_8008da14,game,TODO,,
0x8008da24,LAB_8008da24,game,TODO,,
0x8008da54,LAB_8008da54,game,TODO,,
0x8008da60,LAB_8008da60,game,TODO,,
0x8008daac,LAB_8008daac,game,TODO,,
0x8008dac8,LAB_8008dac8,game,TODO,,
0x8008dacc,LAB_8008dacc,game,TODO,,
0x8008db38,LAB_8008db38,game,TODO,,
0x8008db7c,LAB_8008db7c,game,TODO,,
0x8008dc10,LAB_8008dc10,game,TODO,,
0x8008dc70,FUN_8008dc70,unknown,TODO,,
0x8008dddc,LAB_8008dddc,game,TODO,,
0x8008dde0,LAB_8008dde0,game,TODO,,
0x8008de9c,FUN_8008de9c,unknown,TODO,,
0x8008df10,LAB_8008df10,game,TODO,,
0x8008df54,LAB_8008df54,game,TODO,,
0x8008e03c,LAB_8008e03c,game,TODO,,
0x8008e064,LAB_8008e064,game,TODO,,
0x8008e08c,LAB_8008e08c,game,TODO,,
0x8008e0b0,LAB_8008e0b0,game,TODO,,
0x8008e238,LAB_8008e238,game,TODO,,
0x8008e2c4,LAB_8008e2c4,game,TODO,,
0x8008e2ec,LAB_8008e2ec,game,TODO,,
0x8008e594,SSCALL_OBJ_68,game,TODO,,
0x8008e5d8,SSCALL_OBJ_AC,hardware_reg,MATCHED,,
0x8008e62c,SSCALL_OBJ_100,game,TODO,,
0x8008e654,SSCALL_OBJ_128,game,TODO,,
0x8008e67c,SSCALL_OBJ_150,game,TODO,,
0x8008e6a4,SSCALL_OBJ_178,game,TODO,,
0x8008e6cc,SSCALL_OBJ_1A0,game,TODO,,
0x8008e6f4,SSCALL_OBJ_1C8,game,TODO,,
0x8008e72c,SSCALL_OBJ_200,game,TODO,,
0x8008e74c,SSCALL_OBJ_220,game,TODO,,
0x8008e764,SSCALL_OBJ_238,game,TODO,,
0x8008e76c,SSCALL_OBJ_240,game,TODO,,
0x8008e79c,_SsSndCrescendo,sdk,MATCHED,,
0x8008e820,CRES_OBJ_84,game,TODO,,
0x8008e848,CRES_OBJ_AC,hardware_reg,MATCHED,,
0x8008e860,CRES_OBJ_C4,game,TODO,,
0x8008e8b8,CRES_OBJ_11C,game,TODO,,
0x8008e8c4,CRES_OBJ_128,game,TODO,,
0x8008e8e0,CRES_OBJ_144,game,TODO,,
0x8008e8ec,CRES_OBJ_150,game,TODO,,
0x8008e910,CRES_OBJ_174,game,TODO,,
0x8008e924,CRES_OBJ_188,game,TODO,,
0x8008e954,CRES_OBJ_1B8,game,TODO,,
0x8008e964,CRES_OBJ_1C8,game,TODO,,
0x8008e968,CRES_OBJ_1CC,game,TODO,,
0x8008e96c,CRES_OBJ_1D0,game,TODO,,
0x8008e9ac,_SsSndPause,sdk,MATCHED,,
0x8008ea4c,_SsSndPlay,sdk,MATCHED,,
0x8008ea7c,_SsSeqPlay,sdk,MATCHED,,
0x8008eaf8,MIDIREAD_OBJ_7C,game,TODO,,
0x8008eb10,MIDIREAD_OBJ_94,game,TODO,,
0x8008eb18,MIDIREAD_OBJ_9C,game,TODO,,
0x8008eb2c,MIDIREAD_OBJ_B0,game,TODO,,
0x8008eb58,MIDIREAD_OBJ_DC,hardware_reg,MATCHED,,
0x8008eb5c,MIDIREAD_OBJ_E0,game,TODO,,
0x8008eb78,_SsSeqGetEof,sdk,MATCHED,,
0x8008ec18,MIDIREAD_OBJ_19C,game,TODO,,
0x8008ec24,MIDIREAD_OBJ_1A8,game,TODO,,
0x8008ec74,MIDIREAD_OBJ_1F8,game,TODO,,
0x8008ec80,MIDIREAD_OBJ_204,game,TODO,,
0x8008ec88,MIDIREAD_OBJ_20C,game,TODO,,
0x8008ed44,MIDIREAD_OBJ_2C8,game,TODO,,
0x8008ed50,MIDIREAD_OBJ_2D4,game,TODO,,
0x8008ed84,MIDIREAD_OBJ_308,game,TODO,,
0x8008eda4,MIDIREAD_OBJ_328,game,TODO,,
0x8008edbc,_SsGetSeqData,sdk,MATCHED,,
0x8008ee7c,MIDIREAD_OBJ_400,game,TODO,,
0x8008ee80,MIDIREAD_OBJ_404,game,TODO,,
0x8008eebc,MIDIREAD_OBJ_440,game,TODO,,
0x8008eed8,MIDIREAD_OBJ_45C,game,TODO,,
0x8008ef30,MIDIREAD_OBJ_4B4,game,TODO,,
0x8008ef60,MIDIREAD_OBJ_4E4,game,TODO,,
0x8008ef90,MIDIREAD_OBJ_514,game,TODO,,
0x8008efb0,MIDIREAD_OBJ_534,game,TODO,,
0x8008efe0,MIDIREAD_OBJ_564,game,TODO,,
0x8008f010,MIDIREAD_OBJ_594,game,TODO,,
0x8008f02c,MIDIREAD_OBJ_5B0,game,TODO,,
0x8008f074,MIDIREAD_OBJ_5F8,game,TODO,,
0x8008f084,MIDIREAD_OBJ_608,game,TODO,,
0x8008f0a4,MIDIREAD_OBJ_628,game,TODO,,
0x8008f0c4,MIDIREAD_OBJ_648,game,TODO,,
0x8008f0d0,MIDIREAD_OBJ_654,game,TODO,,
0x8008f0ec,MIDIREAD_OBJ_670,game,TODO,,
0x8008f0fc,MIDIREAD_OBJ_680,game,TODO,,
0x8008f120,MIDIREAD_OBJ_6A4,game,TODO,,
0x8008f124,MIDIREAD_OBJ_6A8,game,TODO,,
0x8008f138,MIDIREAD_OBJ_6BC,game,TODO,,
0x8008f1cc,MIDITIME_OBJ_60,game,TODO,,
0x8008f1f4,MIDITIME_OBJ_88,game,TODO,,
0x8008f208,MIDITIME_OBJ_9C,game,TODO,,
0x8008f21c,_SsSndNextSep,sdk,MATCHED,,
0x8008f31c,_SsSndReplay,sdk,MATCHED,,
0x8008f37c,SSCLOSE_OBJ_0,game,TODO,,
0x8008f3f8,SSCLOSE_OBJ_7C,game,TODO,,
0x8008f4e8,SSCLOSE_OBJ_16C,game,TODO,,
0x8008f4f8,SsSeqClose,sdk,MATCHED,,
0x8008f54c,_SsInit,sdk,MATCHED,,
0x8008f568,SSINIT_OBJ_1C,game,TODO,,
0x8008f598,SSINIT_OBJ_4C,game,TODO,,
0x8008f5a0,SSINIT_OBJ_54,game,TODO,,
0x8008f5ec,FUN_8008f5ec,unknown,TODO,,
0x8008f66c,SsIsEos,sdk,MATCHED,,
0x8008f6ac,SsSeqOpen,sdk,MATCHED,,
0x8008f6e4,SSOPENQ_OBJ_38,game,TODO,,
0x8008f6ec,SSOPENQ_OBJ_40,game,TODO,,
0x8008f6f4,SSOPENQ_OBJ_48,game,TODO,,
0x8008f714,SSOPENQ_OBJ_68,game,TODO,,
0x8008f928,SSOPENQ_OBJ_27C,game,TODO,,
0x8008f93c,_SsContBankChange,sdk,MATCHED,,
0x8008f9bc,_SsContDataEntry,sdk,MATCHED,,
0x8008fa80,CC_6_OBJ_C4,game,TODO,,
0x8008fae8,CC_6_OBJ_12C,game,TODO,,
0x8008fb24,CC_6_OBJ_168,game,TODO,,
0x8008fb34,CC_6_OBJ_178,game,TODO,,
0x8008fb44,CC_6_OBJ_188,game,TODO,,
0x8008fb68,CC_6_OBJ_1AC,game,TODO,,
0x8008fb6c,CC_6_OBJ_1B0,game,TODO,,
0x8008fb78,CC_6_OBJ_1BC,game,TODO,,
0x8008fb90,CC_6_OBJ_1D4,game,TODO,,
0x8008fb9c,CC_6_OBJ_1E0,game,TODO,,
0x8008fba4,CC_6_OBJ_1E8,game,TODO,,
0x8008fbd0,CC_6_OBJ_214,game,TODO,,
0x8008fbec,CC_6_OBJ_230,game,TODO,,
0x8008fc20,CC_6_OBJ_264,game,TODO,,
0x8008fc30,CC_6_OBJ_274,game,TODO,,
0x8008fcf0,CC_6_OBJ_334,game,TODO,,
0x8008fcfc,CC_6_OBJ_340,game,TODO,,
0x8008fd08,CC_6_OBJ_34C,game,TODO,,
0x8008fd3c,_SsContMainVol,sdk,MATCHED,,
0x8008fe0c,_SsContPanpot,sdk,MATCHED,,
0x8008fedc,_SsContExpression,sdk,MATCHED,,
0x8008ffcc,_SsContDamper,sdk,MATCHED,,
0x80090038,CC_64_OBJ_6C,game,TODO,,
0x80090044,CC_64_OBJ_78,game,TODO,,
0x8009007c,_SsContExternal,sdk,MATCHED,,
0x8009010c,_SsContNrpn1,sdk,MATCHED,,
0x800901a4,CC_98_OBJ_98,game,TODO,,
0x800901a8,CC_98_OBJ_9C,game,TODO,,
0x800901d8,CC_98_OBJ_CC,game,TODO,,
0x800901dc,CC_98_OBJ_D0,game,TODO,,
0x8009020c,_SsContNrpn2,sdk,MATCHED,,
0x8009027c,CC_99_OBJ_70,game,TODO,,
0x8009029c,CC_99_OBJ_90,game,TODO,,
0x800902b8,CC_99_OBJ_AC,game,TODO,,
0x800902e8,CC_99_OBJ_DC,game,TODO,,
0x800902f0,CC_99_OBJ_E4,game,TODO,,
0x80090308,CC_99_OBJ_FC,game,TODO,,
0x80090324,CC_99_OBJ_118,game,TODO,,
0x80090330,CC_99_OBJ_124,game,TODO,,
0x8009034c,_SsContRpn1,sdk,MATCHED,,
0x800903bc,_SsContRpn2,sdk,MATCHED,,
0x8009042c,_SsContResetAll,sdk,MATCHED,,
0x800904ec,_SsSetNrpnVabAttr0,sdk,MATCHED,,
0x8009057c,_SsSetNrpnVabAttr1,sdk,MATCHED,,
0x80090604,DE_1_OBJ_88,game,TODO,,
0x80090614,DE_1_OBJ_98,game,TODO,,
0x8009063c,_SsSetNrpnVabAttr2,sdk,MATCHED,,
0x800906cc,_SsSetNrpnVabAttr3,sdk,MATCHED,,
0x8009075c,_SsSetNrpnVabAttr4,sdk,MATCHED,,
0x800908a4,CCADSR_OBJ_98,game,TODO,,
0x800908b8,CCADSR_OBJ_AC,hardware_reg,MATCHED,,
0x8009090c,_SsSetNrpnVabAttr5,sdk,MATCHED,,
0x800909cc,_SsSetNrpnVabAttr6,sdk,MATCHED,,
0x80090a7c,_SsSetNrpnVabAttr7,sdk,MATCHED,,
0x80090b2c,_SsSetNrpnVabAttr8,sdk,MATCHED,,
0x80090bdc,_SsSetNrpnVabAttr9,sdk,MATCHED,,
0x80090c9c,_SsSetNrpnVabAttr10,sdk,MATCHED,,
0x80090d4c,_SsSetNrpnVabAttr11,sdk,MATCHED,,
0x80090dfc,_SsSetNrpnVabAttr12,sdk,MATCHED,,
0x80090e70,DE_12_OBJ_74,game,TODO,,
0x80090e84,DE_12_OBJ_88,game,TODO,,
0x80090edc,_SsSetNrpnVabAttr13,sdk,MATCHED,,
0x80090f7c,_SsSetNrpnVabAttr14,sdk,MATCHED,,
0x8009101c,LAB_8009101c,game,TODO,,
0x8009104c,_SsSetNrpnVabAttr16,sdk,MATCHED,,
0x8009107c,LAB_8009107c,game,TODO,,
0x800910ac,LAB_800910ac,game,TODO,,
0x800910dc,LAB_800910dc,game,TODO,,
0x8009110c,_SsSetPitchBend,sdk,MATCHED,,
0x800911bc,_SsSetControlChange,sdk,MATCHED,,
0x80091254,MIDICC_OBJ_98,game,TODO,,
0x8009126c,MIDICC_OBJ_B0,game,TODO,,
0x80091298,MIDICC_OBJ_DC,hardware_reg,MATCHED,,
0x800912bc,MIDICC_OBJ_100,game,TODO,,
0x800912cc,MIDICC_OBJ_110,game,TODO,,
0x800912e0,MIDICC_OBJ_124,game,TODO,,
0x800912f4,MIDICC_OBJ_138,game,TODO,,
0x80091308,MIDICC_OBJ_14C,game,TODO,,
0x8009131c,MIDICC_OBJ_160,game,TODO,,
0x80091330,MIDICC_OBJ_174,game,TODO,,
0x80091344,MIDICC_OBJ_188,game,TODO,,
0x80091358,MIDICC_OBJ_19C,game,TODO,,
0x8009136c,MIDICC_OBJ_1B0,game,TODO,,
0x80091380,MIDICC_OBJ_1C4,game,TODO,,
0x800913a4,MIDICC_OBJ_1E8,game,TODO,,
0x800913c4,MIDICC_OBJ_208,game,TODO,,
0x800913cc,MIDICC_OBJ_210,game,TODO,,
0x800913d8,MIDICC_OBJ_21C,game,TODO,,
0x800913ec,_SsGetMetaEvent,sdk,MATCHED,,
0x80091474,MIDIMETA_OBJ_88,game,TODO,,
0x8009148c,MIDIMETA_OBJ_A0,game,TODO,,
0x800914f8,MIDIMETA_OBJ_10C,game,TODO,,
0x80091504,MIDIMETA_OBJ_118,game,TODO,,
0x80091534,MIDIMETA_OBJ_148,game,TODO,,
0x80091568,MIDIMETA_OBJ_17C,game,TODO,,
0x80091588,MIDIMETA_OBJ_19C,game,TODO,,
0x8009158c,MIDIMETA_OBJ_1A0,game,TODO,,
0x800915bc,_SsNoteOn,sdk,MATCHED,,
0x80091660,MIDINOTE_OBJ_A4,game,TODO,,
0x80091680,MIDINOTE_OBJ_C4,game,TODO,,
0x8009169c,_SsSetProgramChange,sdk,MATCHED,,
0x8009170c,_SsInitSoundSeq,sdk,MATCHED,,
0x800917a8,SEQINIT_OBJ_9C,game,TODO,,
0x800917ec,SEQINIT_OBJ_E0,game,TODO,,
0x80091820,SEQINIT_OBJ_114,game,TODO,,
0x80091834,SEQINIT_OBJ_128,game,TODO,,
0x8009189c,SEQINIT_OBJ_190,game,TODO,,
0x800918b4,SEQINIT_OBJ_1A8,game,TODO,,
0x800918e0,SEQINIT_OBJ_1D4,game,TODO,,
0x800918e4,SEQINIT_OBJ_1D8,game,TODO,,
0x800919a0,SEQINIT_OBJ_294,game,TODO,,
0x800919ac,SEQINIT_OBJ_2A0,game,TODO,,
0x800919dc,SEQINIT_OBJ_2D0,game,TODO,,
0x80091a10,SEQINIT_OBJ_304,game,TODO,,
0x80091a30,SEQINIT_OBJ_324,game,TODO,,
0x80091a34,SEQINIT_OBJ_328,game,TODO,,
0x80091a40,SEQINIT_OBJ_334,game,TODO,,
0x80091a5c,SsSeqPlay,sdk,MATCHED,,
0x80091adc,Snd_SetPlayMode,game,TODO,,
0x80091bc0,PLAYMODE_OBJ_E4,game,TODO,,
0x80091be4,PLAYMODE_OBJ_108,game,TODO,,
0x80091bfc,SsSetSerialAttr,sdk,MATCHED,,
0x80091c40,SSSATTR_OBJ_44,game,TODO,,
0x80091c5c,SSSATTR_OBJ_60,game,TODO,,
0x80091c60,SSSATTR_OBJ_64,game,TODO,,
0x80091c8c,SSSATTR_OBJ_90,game,TODO,,
0x80091ca4,SSSATTR_OBJ_A8,game,TODO,,
0x80091cbc,SsSetMute,sdk,MATCHED,,
0x80091ce4,SSSM_OBJ_28,game,TODO,,
0x80091ce8,SSSM_OBJ_2C,game,TODO,,
0x80091cf0,SSSM_OBJ_34,game,TODO,,
0x80091d0c,SsSetMVol,sdk,MATCHED,,
0x80091d5c,SsSetRVol,sdk,MATCHED,,
0x80091dec,SSSTART_OBJ_0,game,TODO,,
0x80091e08,SSSTART_OBJ_1C,game,TODO,,
0x80091e60,SSSTART_OBJ_74,game,TODO,,
0x80091e78,SSSTART_OBJ_8C,game,TODO,,
0x80091e80,SSSTART_OBJ_94,game,TODO,,
0x80091e94,SSSTART_OBJ_A8,game,TODO,,
0x80091ea4,SSSTART_OBJ_B8,game,TODO,,
0x80091eac,SSSTART_OBJ_C0,game,TODO,,
0x80091ef0,SSSTART_OBJ_104,game,TODO,,
0x80091f08,SSSTART_OBJ_11C,game,TODO,,
0x80091f24,SSSTART_OBJ_138,game,TODO,,
0x80091f3c,SSSTART_OBJ_150,game,TODO,,
0x80091f54,SSSTART_OBJ_168,game,TODO,,
0x80091f5c,SSSTART_OBJ_170,game,TODO,,
0x80091f90,SSSTART_OBJ_1A4,game,TODO,,
0x80091fe0,SSSTART_OBJ_1F4,game,TODO,,
0x80091ff4,SSSTART_OBJ_208,game,TODO,,
0x80091ffc,SSSTART_OBJ_210,game,TODO,,
0x80092004,SSSTART_OBJ_218,game,TODO,,
0x8009201c,SsStart,sdk,MATCHED,,
0x8009205c,SSSTART_OBJ_270,game,TODO,,
0x80092088,SSSTART_OBJ_29C,game,TODO,,
0x800920cc,SSSTART_OBJ_2E0,game,TODO,,
0x800920e0,SSSTART_OBJ_2F4,game,TODO,,
0x800920fc,_SsSndStop,sdk,MATCHED,,
0x80092240,SSSTOP_OBJ_144,game,TODO,,
0x8009227c,SsSeqStop,sdk,MATCHED,,
0x800922dc,SsSetSerialVol,sdk,MATCHED,,
0x80092318,SSSV_OBJ_3C,game,TODO,,
0x8009232c,SSSV_OBJ_50,game,TODO,,
0x80092358,SSSV_OBJ_7C,game,TODO,,
0x80092388,SSSV_OBJ_AC,hardware_reg,MATCHED,,
0x8009239c,SSSV_OBJ_C0,game,TODO,,
0x800923c8,SSSV_OBJ_EC,hardware_reg,MATCHED,,
0x800923ec,SsSetTableSize,sdk,MATCHED,,
0x80092424,SSTABLE_OBJ_38,game,TODO,,
0x80092454,SSTABLE_OBJ_68,game,TODO,,
0x80092470,SSTABLE_OBJ_84,game,TODO,,
0x80092494,SSTABLE_OBJ_A8,game,TODO,,
0x800924b8,SSTABLE_OBJ_CC,hardware_reg,MATCHED,,
0x800924d4,SSTABLE_OBJ_E8,game,TODO,,
0x800925e4,SSTABLE_OBJ_1F8,game,TODO,,
0x800925fc,SSTABLE_OBJ_210,game,TODO,,
0x8009260c,SsSetTickMode,sdk,MATCHED,,
0x80092648,SSTICK_OBJ_3C,game,TODO,,
0x80092658,SSTICK_OBJ_4C,game,TODO,,
0x800926c8,SSTICK_OBJ_BC,hardware_reg,MATCHED,,
0x8009271c,SSTICK_OBJ_110,game,TODO,,
0x8009272c,SSTICK_OBJ_120,game,TODO,,
0x8009273c,SSTICK_OBJ_130,game,TODO,,
0x800927bc,SSVOL_OBJ_60,game,TODO,,
0x800927dc,SSVOL_OBJ_80,game,TODO,,
0x800927ec,SsSeqSetVol,sdk,MATCHED,,
0x80092834,SSVOL_OBJ_D8,game,TODO,,
0x80092844,SSVOL_OBJ_E8,game,TODO,,
0x800928b4,SSVOL_OBJ_158,game,TODO,,
0x800928d4,SSVOL_OBJ_178,game,TODO,,
0x8009291c,_SsSndTempo,sdk,MATCHED,,
0x80092994,TEMPO_OBJ_78,game,TODO,,
0x800929b4,TEMPO_OBJ_98,game,TODO,,
0x800929cc,TEMPO_OBJ_B0,game,TODO,,
0x800929fc,TEMPO_OBJ_E0,game,TODO,,
0x80092a04,TEMPO_OBJ_E8,game,TODO,,
0x80092a28,TEMPO_OBJ_10C,game,TODO,,
0x80092a40,TEMPO_OBJ_124,game,TODO,,
0x80092a4c,TEMPO_OBJ_130,game,TODO,,
0x80092a90,TEMPO_OBJ_174,game,TODO,,
0x80092aa8,TEMPO_OBJ_18C,game,TODO,,
0x80092acc,TEMPO_OBJ_1B0,game,TODO,,
0x80092b20,TEMPO_OBJ_204,game,TODO,,
0x80092b30,TEMPO_OBJ_214,game,TODO,,
0x80092b3c,SsUtAllKeyOff,sdk,MATCHED,,
0x80092ba8,UT_AKO_OBJ_6C,game,TODO,,
0x80092c44,UT_AKO_OBJ_108,game,TODO,,
0x80092c64,UT_AKO_OBJ_128,game,TODO,,
0x80092c8c,SsUtChangePitch,sdk,MATCHED,,
0x80092d98,UT_CP_OBJ_10C,game,TODO,,
0x80092d9c,UT_CP_OBJ_110,game,TODO,,
0x80092dbc,SsUtGetProgAtr,sdk,MATCHED,,
0x80092df4,UT_GPA_OBJ_38,game,TODO,,
0x80092eac,UT_GPA_OBJ_F0,game,TODO,,
0x80092f08,UT_GVA_OBJ_3C,game,TODO,,
0x800930f0,UT_GVA_OBJ_224,game,TODO,,
0x8009310c,SsUtKeyOn,sdk,MATCHED,,
0x80093174,UT_KEY_OBJ_68,game,TODO,,
0x800931d4,UT_KEY_OBJ_C8,game,TODO,,
0x800931f0,UT_KEY_OBJ_E4,game,TODO,,
0x80093208,UT_KEY_OBJ_FC,hardware_reg,MATCHED,,
0x80093214,UT_KEY_OBJ_108,game,TODO,,
0x80093228,UT_KEY_OBJ_11C,game,TODO,,
0x80093240,UT_KEY_OBJ_134,game,TODO,,
0x80093250,UT_KEY_OBJ_144,game,TODO,,
0x80093254,UT_KEY_OBJ_148,game,TODO,,
0x8009332c,UT_KEY_OBJ_220,game,TODO,,
0x8009333c,UT_KEY_OBJ_230,game,TODO,,
0x80093414,UT_KEY_OBJ_308,game,TODO,,
0x80093428,UT_KEY_OBJ_31C,game,TODO,,
0x80093434,UT_KEY_OBJ_328,game,TODO,,
0x8009353c,UT_KEY_OBJ_430,game,TODO,,
0x80093550,UT_KEY_OBJ_444,game,TODO,,
0x80093588,UT_KEY_OBJ_47C,game,TODO,,
0x80093590,UT_KEY_OBJ_484,game,TODO,,
0x80093594,UT_KEY_OBJ_488,game,TODO,,
0x800935ac,SsUtKeyOnV,sdk,MATCHED,,
0x80093618,UT_KEYV_OBJ_6C,game,TODO,,
0x80093684,UT_KEYV_OBJ_D8,game,TODO,,
0x800936a0,UT_KEYV_OBJ_F4,game,TODO,,
0x800936b8,UT_KEYV_OBJ_10C,game,TODO,,
0x800936c4,UT_KEYV_OBJ_118,game,TODO,,
0x800936d8,UT_KEYV_OBJ_12C,game,TODO,,
0x800936f0,UT_KEYV_OBJ_144,game,TODO,,
0x80093700,UT_KEYV_OBJ_154,game,TODO,,
0x80093704,UT_KEYV_OBJ_158,game,TODO,,
0x800937b8,UT_KEYV_OBJ_20C,game,TODO,,
0x800937c8,UT_KEYV_OBJ_21C,game,TODO,,
0x800938b4,UT_KEYV_OBJ_308,game,TODO,,
0x800938c8,UT_KEYV_OBJ_31C,game,TODO,,
0x800938d8,UT_KEYV_OBJ_32C,game,TODO,,
0x8009392c,UT_KEYV_OBJ_380,game,TODO,,
0x80093950,UT_KEYV_OBJ_3A4,game,TODO,,
0x8009396c,UT_KEYV_OBJ_3C0,game,TODO,,
0x8009397c,SsUtSetReverbDelay,sdk,MATCHED,,
0x800939bc,SsUtSetReverbDepth,sdk,MATCHED,,
0x80093a4c,SsUtSetReverbType,sdk,MATCHED,,
0x80093a70,UT_REV_OBJ_24,game,TODO,,
0x80093a9c,UT_REV_OBJ_50,game,TODO,,
0x80093aa0,UT_REV_OBJ_54,game,TODO,,
0x80093ac0,UT_REV_OBJ_74,game,TODO,,
0x80093ad4,UT_REV_OBJ_88,game,TODO,,
0x80093ad8,UT_REV_OBJ_8C,game,TODO,,
0x80093afc,SsUtSetReverbFeedback,sdk,MATCHED,,
0x80093b3c,FUN_80093b3c,unknown,TODO,,
0x80093b5c,FUN_80093b5c,unknown,TODO,,
0x80093bb8,UT_SVA_OBJ_3C,game,TODO,,
0x80093d2c,UT_SVA_OBJ_1B0,game,TODO,,
0x80093d68,UT_VVOL_OBJ_1C,game,TODO,,
0x80093d78,UT_VVOL_OBJ_2C,game,TODO,,
0x80093da0,UT_VVOL_OBJ_54,game,TODO,,
0x80093de4,UT_VVOL_OBJ_98,game,TODO,,
0x80093e18,UT_VVOL_OBJ_CC,hardware_reg,MATCHED,,
0x80093e84,UT_VVOL_OBJ_138,game,TODO,,
0x80093e98,SsUtSetVVol,sdk,MATCHED,,
0x80093eb4,UT_VVOL_OBJ_168,game,TODO,,
0x80093f14,UT_VVOL_OBJ_1C8,game,TODO,,
0x80093f1c,_SsVmAlloc,sdk,MATCHED,,
0x80093f64,VM_ALOC1_OBJ_48,game,TODO,,
0x80093fb4,VM_ALOC1_OBJ_98,game,TODO,,
0x80094010,VM_ALOC1_OBJ_F4,game,TODO,,
0x8009404c,VM_ALOC1_OBJ_130,game,TODO,,
0x8009407c,VM_ALOC1_OBJ_160,game,TODO,,
0x80094080,VM_ALOC1_OBJ_164,game,TODO,,
0x80094094,VM_ALOC1_OBJ_178,game,TODO,,
0x800940b4,VM_ALOC1_OBJ_198,game,TODO,,
0x800940e8,VM_ALOC1_OBJ_1CC,game,TODO,,
0x80094120,VM_ALOC1_OBJ_204,game,TODO,,
0x80094134,VM_ALOC1_OBJ_218,game,TODO,,
0x80094184,VM_ALOC1_OBJ_268,game,TODO,,
0x8009418c,_SsVmDoAllocate,sdk,MATCHED,,
0x800941d4,VM_ALOC2_OBJ_48,game,TODO,,
0x80094248,VM_ALOC2_OBJ_BC,game,TODO,,
0x80094274,VM_ALOC2_OBJ_E8,game,TODO,,
0x80094320,VM_ALOC2_OBJ_194,game,TODO,,
0x8009435c,FUN_8009435c,unknown,TODO,,
0x8009436c,FUN_8009436c,unknown,TODO,,
0x8009437c,_SsVmFlush,sdk,MATCHED,,
0x800943f8,VM_F_OBJ_7C,game,TODO,,
0x80094440,VM_F_OBJ_C4,game,TODO,,
0x8009445c,VM_F_OBJ_E0,game,TODO,,
0x8009447c,VM_F_OBJ_100,game,TODO,,
0x800944b8,VM_F_OBJ_13C,game,TODO,,
0x800944ec,VM_F_OBJ_170,game,TODO,,
0x80094508,VM_F_OBJ_18C,game,TODO,,
0x8009450c,VM_F_OBJ_190,game,TODO,,
0x80094524,VM_F_OBJ_1A8,game,TODO,,
0x80094528,VM_F_OBJ_1AC,game,TODO,,
0x8009456c,VM_F_OBJ_1F0,game,TODO,,
0x80094598,VM_F_OBJ_21C,game,TODO,,
0x800945c4,VM_F_OBJ_248,game,TODO,,
0x80094600,VM_F_OBJ_284,game,TODO,,
0x80094640,VM_F_OBJ_2C4,game,TODO,,
0x80094670,VM_F_OBJ_2F4,game,TODO,,
0x800946a4,VM_F_OBJ_328,game,TODO,,
0x800946e0,VM_F_OBJ_364,game,TODO,,
0x800946f8,VM_F_OBJ_37C,game,TODO,,
0x8009480c,_SsVmInit,sdk,MATCHED,,
0x80094860,VM_INIT_OBJ_54,game,TODO,,
0x80094888,VM_INIT_OBJ_7C,game,TODO,,
0x800948b8,VM_INIT_OBJ_AC,hardware_reg,MATCHED,,
0x80094900,VM_INIT_OBJ_F4,game,TODO,,
0x80094908,VM_INIT_OBJ_FC,hardware_reg,MATCHED,,
0x80094960,VM_INIT_OBJ_154,game,TODO,,
0x80094abc,VM_INIT_OBJ_2B0,game,TODO,,
0x80094b5c,_SsVmKeyOn,sdk,MATCHED,,
0x80094c28,VM_KEY_OBJ_CC,hardware_reg,MATCHED,,
0x80094c6c,VM_KEY_OBJ_110,game,TODO,,
0x80094d00,VM_KEY_OBJ_1A4,game,TODO,,
0x80094d2c,VM_KEY_OBJ_1D0,game,TODO,,
0x80094ef8,VM_KEY_OBJ_39C,game,TODO,,
0x80094ffc,VM_KEY_OBJ_4A0,game,TODO,,
0x80095010,VM_KEY_OBJ_4B4,game,TODO,,
0x80095028,VM_KEY_OBJ_4CC,game,TODO,,
0x8009502c,VM_KEY_OBJ_4D0,game,TODO,,
0x80095044,VM_KEY_OBJ_4E8,game,TODO,,
0x80095048,VM_KEY_OBJ_4EC,game,TODO,,
0x80095078,_SsVmKeyOff,sdk,MATCHED,,
0x800950d0,VM_KEY_OBJ_574,game,TODO,,
0x8009517c,VM_KEY_OBJ_620,game,TODO,,
0x80095190,VM_KEY_OBJ_634,game,TODO,,
0x80095194,VM_KEY_OBJ_638,game,TODO,,
0x800951ac,VM_KEY_OBJ_650,game,TODO,,
0x80095208,VM_KEY_OBJ_6AC,game,TODO,,
0x80095224,VM_KEY_OBJ_6C8,game,TODO,,
0x8009523c,VM_KEY_OBJ_6E0,game,TODO,,
0x8009524c,VM_KEY_OBJ_6F0,game,TODO,,
0x80095260,VM_KEY_OBJ_704,game,TODO,,
0x80095278,VM_KEY_OBJ_71C,game,TODO,,
0x80095288,VM_KEY_OBJ_72C,game,TODO,,
0x8009530c,note2pitch,sdk,MATCHED,,
0x80095338,VM_N2P_OBJ_2C,game,TODO,,
0x80095358,note2pitch2,sdk,MATCHED,,
0x800953c0,SsPitchFromNote,sdk,MATCHED,,
0x800953dc,VM_N2P_OBJ_D0,game,TODO,,
0x80095420,VM_N2P_OBJ_114,game,TODO,,
0x80095428,VM_N2P_OBJ_11C,game,TODO,,
0x80095474,VM_N2P_OBJ_168,game,TODO,,
0x800954c0,VM_N2P_OBJ_1B4,game,TODO,,
0x800954d8,VM_N2P_OBJ_1CC,game,TODO,,
0x800954ec,vmNoiseOn,sdk,MATCHED,,
0x8009563c,VM_NO1_OBJ_150,game,TODO,,
0x8009567c,VM_NO1_OBJ_190,game,TODO,,
0x800956b0,VM_NO1_OBJ_1C4,game,TODO,,
0x800956f0,VM_NO1_OBJ_204,game,TODO,,
0x80095720,VM_NO1_OBJ_234,game,TODO,,
0x80095760,VM_NO1_OBJ_274,game,TODO,,
0x80095790,VM_NO1_OBJ_2A4,game,TODO,,
0x800957b4,VM_NO1_OBJ_2C8,game,TODO,,
0x800957b8,VM_NO1_OBJ_2CC,game,TODO,,
0x80095824,VM_NO1_OBJ_338,game,TODO,,
0x80095890,VM_NO1_OBJ_3A4,game,TODO,,
0x8009589c,VM_NO1_OBJ_3B0,game,TODO,,
0x800958d4,VM_NO1_OBJ_3E8,game,TODO,,
0x80095920,VM_NO1_OBJ_434,game,TODO,,
0x80095940,VM_NO1_OBJ_454,game,TODO,,
0x800959f8,VM_NO1_OBJ_50C,game,TODO,,
0x80095a28,VM_NO1_OBJ_53C,game,TODO,,
0x80095a5c,vmNoiseOff,sdk,MATCHED,,
0x80095ac4,VM_NOWOF_OBJ_28,game,TODO,,
0x80095ad0,VM_NOWOF_OBJ_34,game,TODO,,
0x80095b5c,_SsVmKeyOnNow,sdk,MATCHED,,
0x80095c9c,VM_NOWON_OBJ_140,game,TODO,,
0x80095cdc,VM_NOWON_OBJ_180,game,TODO,,
0x80095d10,VM_NOWON_OBJ_1B4,game,TODO,,
0x80095d50,VM_NOWON_OBJ_1F4,game,TODO,,
0x80095d80,VM_NOWON_OBJ_224,game,TODO,,
0x80095dc0,VM_NOWON_OBJ_264,game,TODO,,
0x80095df0,VM_NOWON_OBJ_294,game,TODO,,
0x80095e14,VM_NOWON_OBJ_2B8,game,TODO,,
0x80095e18,VM_NOWON_OBJ_2BC,game,TODO,,
0x80095e84,VM_NOWON_OBJ_328,game,TODO,,
0x80095f14,VM_NOWON_OBJ_3B8,game,TODO,,
0x80095f20,VM_NOWON_OBJ_3C4,game,TODO,,
0x80095f68,VM_NOWON_OBJ_40C,game,TODO,,
0x80095f9c,VM_NOWON_OBJ_440,game,TODO,,
0x8009602c,_SsVmPBVoice,sdk,MATCHED,,
0x8009613c,VM_PB_OBJ_110,game,TODO,,
0x80096174,VM_PB_OBJ_148,game,TODO,,
0x80096194,VM_PB_OBJ_168,game,TODO,,
0x80096198,VM_PB_OBJ_16C,game,TODO,,
0x80096208,VM_PB_OBJ_1DC,game,TODO,,
0x80096218,_SsVmPitchBend,sdk,MATCHED,,
0x80096280,VM_PB_OBJ_254,game,TODO,,
0x800962c8,VM_PB_OBJ_29C,game,TODO,,
0x800962fc,_SsVmSetProgVol,sdk,MATCHED,,
0x80096358,VM_PROG_OBJ_5C,game,TODO,,
0x800963ac,VM_PROG_OBJ_B0,game,TODO,,
0x80096418,VM_PROG_OBJ_11C,game,TODO,,
0x8009646c,VM_PROG_OBJ_170,game,TODO,,
0x800964fc,VM_SEQ_OBJ_80,game,TODO,,
0x80096514,VM_SEQ_OBJ_98,game,TODO,,
0x80096550,VM_SEQ_OBJ_D4,game,TODO,,
0x80096774,VM_SEQ_OBJ_2F8,game,TODO,,
0x800967a0,VM_SEQ_OBJ_324,game,TODO,,
0x80096808,VM_SEQ_OBJ_38C,game,TODO,,
0x80096838,VM_SEQ_OBJ_3BC,game,TODO,,
0x8009688c,VM_SEQ_OBJ_410,game,TODO,,
0x800968bc,VM_SEQ_OBJ_440,game,TODO,,
0x800968e8,VM_SEQ_OBJ_46C,game,TODO,,
0x800968ec,VM_SEQ_OBJ_470,game,TODO,,
0x800968f0,VM_SEQ_OBJ_474,game,TODO,,
0x80096990,VM_SEQ_OBJ_514,game,TODO,,
0x800969b0,VM_SEQ_OBJ_534,game,TODO,,
0x800969e8,_SsVmGetSeqVol,sdk,MATCHED,,
0x80096adc,_SsVmSeqKeyOff,sdk,MATCHED,,
0x80096b10,VM_SEQ_OBJ_694,game,TODO,,
0x80096b58,VM_SEQ_OBJ_6DC,game,TODO,,
0x80096b74,VM_SEQ_OBJ_6F8,game,TODO,,
0x80096b8c,_SsVmSelectToneAndVag,sdk,MATCHED,,
0x80096bb8,VM_STAV_OBJ_2C,game,TODO,,
0x80096c2c,VM_STAV_OBJ_A0,game,TODO,,
0x80096c48,VM_STAV_OBJ_BC,hardware_reg,MATCHED,,
0x80096c5c,_SsVmSetVol,sdk,MATCHED,,
0x80096d00,VM_VOL_OBJ_A4,game,TODO,,
0x80096d0c,VM_VOL_OBJ_B0,game,TODO,,
0x80096d78,VM_VOL_OBJ_11C,game,TODO,,
0x80096e18,VM_VOL_OBJ_1BC,game,TODO,,
0x80096fbc,VM_VOL_OBJ_360,game,TODO,,
0x80096fec,VM_VOL_OBJ_390,game,TODO,,
0x80097058,VM_VOL_OBJ_3FC,game,TODO,,
0x80097084,VM_VOL_OBJ_428,game,TODO,,
0x800970bc,VM_VOL_OBJ_460,game,TODO,,
0x800970e8,VM_VOL_OBJ_48C,game,TODO,,
0x80097110,VM_VOL_OBJ_4B4,game,TODO,,
0x80097114,VM_VOL_OBJ_4B8,game,TODO,,
0x80097118,VM_VOL_OBJ_4BC,game,TODO,,
0x800971ac,VM_VOL_OBJ_550,game,TODO,,
0x800971cc,VM_VOL_OBJ_570,game,TODO,,
0x8009724c,VM_VSU_OBJ_50,game,TODO,,
0x80097254,VM_VSU_OBJ_58,game,TODO,,
0x800972b4,VM_VSU_OBJ_B8,game,TODO,,
0x800972cc,FUN_800972cc,unknown,TODO,,
0x800972dc,SsVabClose,sdk,MATCHED,,
0x80097370,VS_VAB_OBJ_94,game,TODO,,
0x8009738c,SsVabOpenHead,sdk,MATCHED,,
0x800973c0,VS_VH2_OBJ_34,game,TODO,,
0x80097418,VS_VH2_OBJ_8C,game,TODO,,
0x80097494,VS_VH_OBJ_68,game,TODO,,
0x8009749c,_SsVabOpenHeadWithMode,sdk,MATCHED,,
0x80097508,VS_VH_OBJ_DC,hardware_reg,MATCHED,,
0x80097538,VS_VH_OBJ_10C,game,TODO,,
0x80097554,VS_VH_OBJ_128,game,TODO,,
0x80097584,VS_VH_OBJ_158,game,TODO,,
0x80097594,VS_VH_OBJ_168,game,TODO,,
0x80097598,VS_VH_OBJ_16C,game,TODO,,
0x800975a4,VS_VH_OBJ_178,game,TODO,,
0x800975b4,VS_VH_OBJ_188,game,TODO,,
0x800975fc,VS_VH_OBJ_1D0,game,TODO,,
0x80097624,VS_VH_OBJ_1F8,game,TODO,,
0x80097660,VS_VH_OBJ_234,game,TODO,,
0x80097690,VS_VH_OBJ_264,game,TODO,,
0x800976a4,VS_VH_OBJ_278,game,TODO,,
0x800976b4,VS_VH_OBJ_288,game,TODO,,
0x800976e8,VS_VH_OBJ_2BC,game,TODO,,
0x8009770c,VS_VH_OBJ_2E0,game,TODO,,
0x8009771c,VS_VH_OBJ_2F0,game,TODO,,
0x80097784,VS_VH_OBJ_358,game,TODO,,
0x800977ac,VS_VH_OBJ_380,game,TODO,,
0x800977d4,VS_VH_OBJ_3A8,game,TODO,,
0x8009780c,VS_VH_OBJ_3E0,game,TODO,,
0x80097828,VS_VH_OBJ_3FC,game,TODO,,
0x80097838,VS_VH_OBJ_40C,game,TODO,,
0x80097860,VS_VH_OBJ_434,game,TODO,,
0x8009788c,SsVabTransBody,sdk,MATCHED,,
0x80097924,VS_VTB_OBJ_98,game,TODO,,
0x80097930,VS_VTB_OBJ_A4,game,TODO,,
0x8009794c,SsVabTransCompleted,sdk,MATCHED,,
0x8009797c,FUN_8009797c,unknown,TODO,,
0x8009799c,_SpuInit,game,TODO,,
0x800979cc,S_INI_OBJ_30,game,TODO,,
0x800979dc,S_INI_OBJ_40,game,TODO,,
0x80097a84,SpuStart,sdk,MATCHED,,
0x80097ae4,S_INI_OBJ_148,game,TODO,,
0x80097afc,_spu_init,sdk,MATCHED,,
0x80097b84,SPU_OBJ_88,game,TODO,,
0x80097bac,SPU_OBJ_B0,game,TODO,,
0x80097bcc,SPU_OBJ_D0,game,TODO,,
0x80097bd0,SPU_OBJ_D4,game,TODO,,
0x80097c34,SPU_OBJ_138,game,TODO,,
0x80097cac,SPU_OBJ_1B0,game,TODO,,
0x80097d3c,SPU_OBJ_240,game,TODO,,
0x80097d7c,SPU_OBJ_280,game,TODO,,
0x80097dc4,SPU_OBJ_2C8,game,TODO,,
0x80097dd0,SPU_OBJ_2D4,game,TODO,,
0x80097de0,SPU_OBJ_2E4,game,TODO,,
0x80097dfc,SPU_OBJ_300,game,TODO,,
0x80097e44,SPU_OBJ_348,game,TODO,,
0x80097e6c,SPU_OBJ_370,game,TODO,,
0x80097e8c,SPU_OBJ_390,game,TODO,,
0x80097ea4,SPU_OBJ_3A8,game,TODO,,
0x80097ed8,SPU_OBJ_3DC,game,TODO,,
0x80097f00,SPU_OBJ_404,game,TODO,,
0x80097f20,SPU_OBJ_424,game,TODO,,
0x80097f3c,_spu_FiDMA,sdk,MATCHED,,
0x80097f58,SPU_OBJ_45C,game,TODO,,
0x80097f8c,SPU_OBJ_490,game,TODO,,
0x80097fac,SPU_OBJ_4B0,game,TODO,,
0x80097fdc,SPU_OBJ_4E0,game,TODO,,
0x80097fe8,SPU_OBJ_4EC,game,TODO,,
0x800980e8,SPU_OBJ_5EC,game,TODO,,
0x80098100,SPU_OBJ_604,game,TODO,,
0x8009812c,SPU_OBJ_630,game,TODO,,
0x80098154,SPU_OBJ_658,game,TODO,,
0x80098170,SPU_OBJ_674,game,TODO,,
0x80098198,SPU_OBJ_69C,game,TODO,,
0x800981c0,SPU_OBJ_6C4,game,TODO,,
0x800981dc,SPU_OBJ_6E0,game,TODO,,
0x80098200,SPU_OBJ_704,game,TODO,,
0x80098218,SPU_OBJ_71C,game,TODO,,
0x80098238,SPU_OBJ_73C,game,TODO,,
0x80098258,SPU_OBJ_75C,game,TODO,,
0x8009827c,SPU_OBJ_780,game,TODO,,
0x80098288,SPU_OBJ_78C,game,TODO,,
0x800982fc,SPU_OBJ_800,game,TODO,,
0x80098320,_spu_Fw,sdk,MATCHED,,
0x80098380,SPU_OBJ_884,game,TODO,,
0x80098390,SPU_OBJ_894,game,TODO,,
0x80098408,_spu_FsetRXX,sdk,MATCHED,,
0x80098428,SPU_OBJ_92C,game,TODO,,
0x80098444,SPU_OBJ_948,game,TODO,,
0x8009844c,_spu_FsetRXXa,sdk,MATCHED,,
0x8009847c,SPU_OBJ_980,game,TODO,,
0x8009849c,SPU_OBJ_9A0,game,TODO,,
0x800984cc,SPU_OBJ_9D0,game,TODO,,
0x800984d4,SPU_OBJ_9D8,game,TODO,,
0x800984e8,SPU_OBJ_9EC,game,TODO,,
0x80098520,SPU_OBJ_A24,game,TODO,,
0x80098524,SPU_OBJ_A28,game,TODO,,
0x80098564,SPU_OBJ_A68,game,TODO,,
0x80098578,SPU_OBJ_A7C,game,TODO,,
0x80098584,SPU_OBJ_A88,game,TODO,,
0x800985ac,SPU_OBJ_AB0,game,TODO,,
0x800985e8,SPU_OBJ_AEC,hardware_reg,MATCHED,,
0x80098614,SPU_OBJ_B18,game,TODO,,
0x8009863c,FUN_8009863c,unknown,TODO,,
0x8009866c,SpuSetMute,sdk,MATCHED,,
0x80098688,S_SM_OBJ_1C,game,TODO,,
0x800986a0,S_SM_OBJ_34,game,TODO,,
0x800986b8,S_SM_OBJ_4C,game,TODO,,
0x800986c0,S_SM_OBJ_54,game,TODO,,
0x800986cc,SpuInitMalloc,sdk,MATCHED,,
0x800986e0,S_M_INIT_OBJ_14,game,TODO,,
0x80098718,S_M_INIT_OBJ_4C,game,TODO,,
0x8009872c,SpuMalloc,sdk,MATCHED,,
0x80098764,S_M_M_OBJ_38,game,TODO,,
0x80098780,S_M_M_OBJ_54,game,TODO,,
0x800987a0,S_M_M_OBJ_74,game,TODO,,
0x800987d4,S_M_M_OBJ_A8,game,TODO,,
0x80098810,S_M_M_OBJ_E4,game,TODO,,
0x80098840,S_M_M_OBJ_114,game,TODO,,
0x80098848,S_M_M_OBJ_11C,game,TODO,,
0x80098858,S_M_M_OBJ_12C,game,TODO,,
0x80098928,S_M_M_OBJ_1FC,game,TODO,,
0x80098998,S_M_M_OBJ_26C,game,TODO,,
0x800989d4,S_M_M_OBJ_2A8,game,TODO,,
0x800989fc,_spu_gcSPU,sdk,MATCHED,,
0x80098a34,S_M_INT_OBJ_38,game,TODO,,
0x80098a50,S_M_INT_OBJ_54,game,TODO,,
0x80098a68,S_M_INT_OBJ_6C,game,TODO,,
0x80098ab8,S_M_INT_OBJ_BC,hardware_reg,MATCHED,,
0x80098ac0,S_M_INT_OBJ_C4,game,TODO,,
0x80098ad8,S_M_INT_OBJ_DC,hardware_reg,MATCHED,,
0x80098af8,S_M_INT_OBJ_FC,hardware_reg,MATCHED,,
0x80098b0c,S_M_INT_OBJ_110,game,TODO,,
0x80098b1c,S_M_INT_OBJ_120,game,TODO,,
0x80098b48,S_M_INT_OBJ_14C,game,TODO,,
0x80098b7c,S_M_INT_OBJ_180,game,TODO,,
0x80098bc0,S_M_INT_OBJ_1C4,game,TODO,,
0x80098bd0,S_M_INT_OBJ_1D4,game,TODO,,
0x80098be8,S_M_INT_OBJ_1EC,game,TODO,,
0x80098c14,S_M_INT_OBJ_218,game,TODO,,
0x80098c54,S_M_INT_OBJ_258,game,TODO,,
0x80098c6c,S_M_INT_OBJ_270,game,TODO,,
0x80098ca4,S_M_INT_OBJ_2A8,game,TODO,,
0x80098cf4,S_M_INT_OBJ_2F8,game,TODO,,
0x80098cfc,SpuFree,sdk,MATCHED,,
0x80098d30,S_M_F_OBJ_34,game,TODO,,
0x80098d54,S_M_F_OBJ_58,game,TODO,,
0x80098d60,S_M_F_OBJ_64,game,TODO,,
0x80098d7c,FUN_80098d7c,unknown,TODO,,
0x80098dac,_SpuSetAnyVoice,game,TODO,,
0x80098dd8,S_SAV_OBJ_2C,game,TODO,,
0x80098e20,S_SAV_OBJ_74,game,TODO,,
0x80098e30,S_SAV_OBJ_84,game,TODO,,
0x80098ea4,S_SAV_OBJ_F8,game,TODO,,
0x80098edc,S_SAV_OBJ_130,game,TODO,,
0x80098eec,S_SAV_OBJ_140,game,TODO,,
0x80098f68,S_SAV_OBJ_1BC,game,TODO,,
0x80098fac,S_SAV_OBJ_200,game,TODO,,
0x80098fc0,S_SAV_OBJ_214,game,TODO,,
0x80099024,S_SAV_OBJ_278,game,TODO,,
0x80099050,S_SAV_OBJ_2A4,game,TODO,,
0x80099058,S_SAV_OBJ_2AC,game,TODO,,
0x80099060,S_SAV_OBJ_2B4,game,TODO,,
0x8009906c,SpuSetNoiseClock,sdk,MATCHED,,
0x8009908c,S_SNC_OBJ_20,game,TODO,,
0x800990bc,SpuSetReverb,sdk,MATCHED,,
0x800990e4,S_SR_OBJ_28,game,TODO,,
0x80099104,S_SR_OBJ_48,game,TODO,,
0x80099150,S_SR_OBJ_94,game,TODO,,
0x8009916c,S_SR_OBJ_B0,game,TODO,,
0x80099170,S_SR_OBJ_B4,game,TODO,,
0x800991a8,S_M_UTIL_OBJ_1C,game,TODO,,
0x800991b8,S_M_UTIL_OBJ_2C,game,TODO,,
0x800991f8,S_M_UTIL_OBJ_6C,game,TODO,,
0x80099200,S_M_UTIL_OBJ_74,game,TODO,,
0x80099204,S_M_UTIL_OBJ_78,game,TODO,,
0x8009920c,_SpuIsInAllocateArea_,game,TODO,,
0x80099230,S_M_UTIL_OBJ_A4,game,TODO,,
0x80099244,S_M_UTIL_OBJ_B8,game,TODO,,
0x80099284,S_M_UTIL_OBJ_F8,game,TODO,,
0x8009928c,S_M_UTIL_OBJ_100,game,TODO,,
0x80099290,S_M_UTIL_OBJ_104,game,TODO,,
0x8009929c,SpuSetReverbModeParam,sdk,MATCHED,,
0x800992fc,S_SRMP_OBJ_60,game,TODO,,
0x8009931c,S_SRMP_OBJ_80,game,TODO,,
0x80099348,S_SRMP_OBJ_AC,hardware_reg,MATCHED,,
0x80099350,S_SRMP_OBJ_B4,game,TODO,,
0x80099398,S_SRMP_OBJ_FC,hardware_reg,MATCHED,,
0x800993d8,S_SRMP_OBJ_13C,game,TODO,,
0x800993e8,S_SRMP_OBJ_14C,game,TODO,,
0x800993f4,S_SRMP_OBJ_158,game,TODO,,
0x80099404,S_SRMP_OBJ_168,game,TODO,,
0x80099414,S_SRMP_OBJ_178,game,TODO,,
0x80099468,S_SRMP_OBJ_1CC,game,TODO,,
0x8009948c,S_SRMP_OBJ_1F0,game,TODO,,
0x80099524,S_SRMP_OBJ_288,game,TODO,,
0x80099534,S_SRMP_OBJ_298,game,TODO,,
0x8009958c,S_SRMP_OBJ_2F0,game,TODO,,
0x800995ac,S_SRMP_OBJ_310,game,TODO,,
0x800995b8,S_SRMP_OBJ_31C,game,TODO,,
0x800995bc,S_SRMP_OBJ_320,game,TODO,,
0x800995f8,S_SRMP_OBJ_35C,game,TODO,,
0x80099638,S_SRMP_OBJ_39C,game,TODO,,
0x80099648,S_SRMP_OBJ_3AC,game,TODO,,
0x80099668,S_SRMP_OBJ_3CC,game,TODO,,
0x80099678,S_SRMP_OBJ_3DC,game,TODO,,
0x8009969c,S_SRMP_OBJ_400,game,TODO,,
0x800996c0,S_SRMP_OBJ_424,game,TODO,,
0x800996d8,S_SRMP_OBJ_43C,game,TODO,,
0x800996e0,S_SRMP_OBJ_444,game,TODO,,
0x80099700,S_SRMP_OBJ_464,game,TODO,,
0x8009973c,S_SRMP_OBJ_4A0,game,TODO,,
0x80099740,S_SRMP_OBJ_4A4,game,TODO,,
0x8009977c,_spu_setReverbAttr,sdk,MATCHED,,
0x80099798,S_SRA_OBJ_1C,game,TODO,,
0x800997ac,S_SRA_OBJ_30,game,TODO,,
0x800997bc,S_SRA_OBJ_40,game,TODO,,
0x800997d0,S_SRA_OBJ_54,game,TODO,,
0x800997e0,S_SRA_OBJ_64,game,TODO,,
0x800997f4,S_SRA_OBJ_78,game,TODO,,
0x80099804,S_SRA_OBJ_88,game,TODO,,
0x80099818,S_SRA_OBJ_9C,game,TODO,,
0x80099828,S_SRA_OBJ_AC,hardware_reg,MATCHED,,
0x8009983c,S_SRA_OBJ_C0,game,TODO,,
0x8009984c,S_SRA_OBJ_D0,game,TODO,,
0x80099860,S_SRA_OBJ_E4,game,TODO,,
0x80099870,S_SRA_OBJ_F4,game,TODO,,
0x80099884,S_SRA_OBJ_108,game,TODO,,
0x80099894,S_SRA_OBJ_118,game,TODO,,
0x800998a8,S_SRA_OBJ_12C,game,TODO,,
0x800998b8,S_SRA_OBJ_13C,game,TODO,,
0x800998cc,S_SRA_OBJ_150,game,TODO,,
0x800998dc,S_SRA_OBJ_160,game,TODO,,
0x800998f0,S_SRA_OBJ_174,game,TODO,,
0x80099900,S_SRA_OBJ_184,game,TODO,,
0x80099914,S_SRA_OBJ_198,game,TODO,,
0x80099924,S_SRA_OBJ_1A8,game,TODO,,
0x80099938,S_SRA_OBJ_1BC,game,TODO,,
0x80099948,S_SRA_OBJ_1CC,game,TODO,,
0x8009995c,S_SRA_OBJ_1E0,game,TODO,,
0x8009996c,S_SRA_OBJ_1F0,game,TODO,,
0x80099980,S_SRA_OBJ_204,game,TODO,,
0x80099990,S_SRA_OBJ_214,game,TODO,,
0x800999a4,S_SRA_OBJ_228,game,TODO,,
0x800999b4,S_SRA_OBJ_238,game,TODO,,
0x800999c8,S_SRA_OBJ_24C,game,TODO,,
0x800999dc,S_SRA_OBJ_260,game,TODO,,
0x800999f0,S_SRA_OBJ_274,game,TODO,,
0x80099a04,S_SRA_OBJ_288,game,TODO,,
0x80099a18,S_SRA_OBJ_29C,game,TODO,,
0x80099a2c,S_SRA_OBJ_2B0,game,TODO,,
0x80099a40,S_SRA_OBJ_2C4,game,TODO,,
0x80099a54,S_SRA_OBJ_2D8,game,TODO,,
0x80099a68,S_SRA_OBJ_2EC,game,TODO,,
0x80099a7c,S_SRA_OBJ_300,game,TODO,,
0x80099a90,S_SRA_OBJ_314,game,TODO,,
0x80099aa4,S_SRA_OBJ_328,game,TODO,,
0x80099ab8,S_SRA_OBJ_33C,game,TODO,,
0x80099acc,S_SRA_OBJ_350,game,TODO,,
0x80099ae0,S_SRA_OBJ_364,game,TODO,,
0x80099af4,S_SRA_OBJ_378,game,TODO,,
0x80099b08,S_SRA_OBJ_38C,game,TODO,,
0x80099b1c,S_SRA_OBJ_3A0,game,TODO,,
0x80099b30,S_SRA_OBJ_3B4,game,TODO,,
0x80099b44,S_SRA_OBJ_3C8,game,TODO,,
0x80099b58,S_SRA_OBJ_3DC,game,TODO,,
0x80099b6c,S_SRA_OBJ_3F0,game,TODO,,
0x80099b80,S_SRA_OBJ_404,game,TODO,,
0x80099b94,S_SRA_OBJ_418,game,TODO,,
0x80099ba8,S_SRA_OBJ_42C,game,TODO,,
0x80099bbc,S_SRA_OBJ_440,game,TODO,,
0x80099bd0,S_SRA_OBJ_454,game,TODO,,
0x80099be4,S_SRA_OBJ_468,game,TODO,,
0x80099bf8,S_SRA_OBJ_47C,game,TODO,,
0x80099c0c,S_SRA_OBJ_490,game,TODO,,
0x80099c20,S_SRA_OBJ_4A4,game,TODO,,
0x80099c30,S_SRA_OBJ_4B4,game,TODO,,
0x80099c44,S_SRA_OBJ_4C8,game,TODO,,
0x80099c4c,SpuSetReverbDepth,sdk,MATCHED,,
0x80099c68,S_SRD_OBJ_1C,game,TODO,,
0x80099c88,S_SRD_OBJ_3C,game,TODO,,
0x80099c9c,S_SRD_OBJ_50,game,TODO,,
0x80099cbc,S_SRD_OBJ_70,game,TODO,,
0x80099ccc,FUN_80099ccc,unknown,TODO,,
0x80099cfc,SpuClearReverbWorkArea,sdk,MATCHED,,
0x80099d54,S_CRWA_OBJ_58,game,TODO,,
0x80099d5c,S_CRWA_OBJ_60,game,TODO,,
0x80099d80,S_CRWA_OBJ_84,game,TODO,,
0x80099d98,S_CRWA_OBJ_9C,game,TODO,,
0x80099db8,S_CRWA_OBJ_BC,hardware_reg,MATCHED,,
0x80099de4,S_CRWA_OBJ_E8,game,TODO,,
0x80099de8,S_CRWA_OBJ_EC,hardware_reg,MATCHED,,
0x80099df8,S_CRWA_OBJ_FC,hardware_reg,MATCHED,,
0x80099e4c,S_CRWA_OBJ_150,game,TODO,,
0x80099e6c,S_CRWA_OBJ_170,game,TODO,,
0x80099e9c,SpuSetKey,sdk,MATCHED,,
0x80099f38,S_SK_OBJ_9C,game,TODO,,
0x80099f60,S_SK_OBJ_C4,game,TODO,,
0x80099f80,S_SK_OBJ_E4,game,TODO,,
0x80099ffc,S_SK_OBJ_160,game,TODO,,
0x8009a024,S_SK_OBJ_188,game,TODO,,
0x8009a048,S_SK_OBJ_1AC,game,TODO,,
0x8009a050,S_SK_OBJ_1B4,game,TODO,,
0x8009a05c,SpuRead,sdk,MATCHED,,
0x8009a084,S_R_OBJ_28,game,TODO,,
0x8009a0a8,S_R_OBJ_4C,game,TODO,,
0x8009a0bc,SpuSetTransferStartAddr,sdk,MATCHED,,
0x8009a104,S_STSA_OBJ_48,game,TODO,,
0x8009a108,S_STSA_OBJ_4C,game,TODO,,
0x8009a11c,SpuSetTransferMode,sdk,MATCHED,,
0x8009a134,S_STM_OBJ_18,game,TODO,,
0x8009a138,S_STM_OBJ_1C,game,TODO,,
0x8009a14c,SpuIsTransferCompleted,sdk,MATCHED,,
0x8009a184,S_ITC_OBJ_38,game,TODO,,
0x8009a18c,S_ITC_OBJ_40,game,TODO,,
0x8009a1ac,S_ITC_OBJ_60,game,TODO,,
0x8009a1cc,S_ITC_OBJ_80,game,TODO,,
0x8009a1d4,S_ITC_OBJ_88,game,TODO,,
0x8009a1dc,S_ITC_OBJ_90,game,TODO,,
0x8009a214,LAB_8009a214,game,TODO,,
0x8009a21c,LAB_8009a21c,game,TODO,,
0x8009a224,FUN_8009a224,unknown,TODO,,
0x8009a23c,SpuSetCommonAttr,sdk,MATCHED,,
0x8009a268,S_SCA_OBJ_2C,game,TODO,,
0x8009a2fc,S_SCA_OBJ_C0,game,TODO,,
0x8009a300,S_SCA_OBJ_C4,game,TODO,,
0x8009a310,S_SCA_OBJ_D4,game,TODO,,
0x8009a328,S_SCA_OBJ_EC,hardware_reg,MATCHED,,
0x8009a3bc,S_SCA_OBJ_180,game,TODO,,
0x8009a3c0,S_SCA_OBJ_184,game,TODO,,
0x8009a3d0,S_SCA_OBJ_194,game,TODO,,
0x8009a3e0,S_SCA_OBJ_1A4,game,TODO,,
0x8009a3f4,S_SCA_OBJ_1B8,game,TODO,,
0x8009a404,S_SCA_OBJ_1C8,game,TODO,,
0x8009a418,S_SCA_OBJ_1DC,game,TODO,,
0x8009a428,S_SCA_OBJ_1EC,game,TODO,,
0x8009a43c,S_SCA_OBJ_200,game,TODO,,
0x8009a44c,S_SCA_OBJ_210,game,TODO,,
0x8009a460,S_SCA_OBJ_224,game,TODO,,
0x8009a470,S_SCA_OBJ_234,game,TODO,,
0x8009a498,S_SCA_OBJ_25C,game,TODO,,
0x8009a4b0,S_SCA_OBJ_274,game,TODO,,
0x8009a4b4,S_SCA_OBJ_278,game,TODO,,
0x8009a4c4,S_SCA_OBJ_288,game,TODO,,
0x8009a4ec,S_SCA_OBJ_2B0,game,TODO,,
0x8009a504,S_SCA_OBJ_2C8,game,TODO,,
0x8009a508,S_SCA_OBJ_2CC,game,TODO,,
0x8009a518,S_SCA_OBJ_2DC,game,TODO,,
0x8009a540,S_SCA_OBJ_304,game,TODO,,
0x8009a558,S_SCA_OBJ_31C,game,TODO,,
0x8009a55c,S_SCA_OBJ_320,game,TODO,,
0x8009a56c,S_SCA_OBJ_330,game,TODO,,
0x8009a594,S_SCA_OBJ_358,game,TODO,,
0x8009a5ac,S_SCA_OBJ_370,game,TODO,,
0x8009a5b0,S_SCA_OBJ_374,game,TODO,,
0x8009a5bc,SpuSetVoiceAttr,sdk,MATCHED,,
0x8009a5f4,S_SVA_OBJ_38,game,TODO,,
0x8009a620,S_SVA_OBJ_64,game,TODO,,
0x8009a638,S_SVA_OBJ_7C,game,TODO,,
0x8009a648,S_SVA_OBJ_8C,game,TODO,,
0x8009a654,S_SVA_OBJ_98,game,TODO,,
0x8009a664,S_SVA_OBJ_A8,game,TODO,,
0x8009a694,S_SVA_OBJ_D8,game,TODO,,
0x8009a6a4,S_SVA_OBJ_E8,game,TODO,,
0x8009a6c0,S_SVA_OBJ_104,game,TODO,,
0x8009a750,S_SVA_OBJ_194,game,TODO,,
0x8009a75c,S_SVA_OBJ_1A0,game,TODO,,
0x8009a774,S_SVA_OBJ_1B8,game,TODO,,
0x8009a784,S_SVA_OBJ_1C8,game,TODO,,
0x8009a7a0,S_SVA_OBJ_1E4,game,TODO,,
0x8009a830,S_SVA_OBJ_274,game,TODO,,
0x8009a83c,S_SVA_OBJ_280,game,TODO,,
0x8009a854,S_SVA_OBJ_298,game,TODO,,
0x8009a864,S_SVA_OBJ_2A8,game,TODO,,
0x8009a870,S_SVA_OBJ_2B4,game,TODO,,
0x8009a884,S_SVA_OBJ_2C8,game,TODO,,
0x8009a890,S_SVA_OBJ_2D4,game,TODO,,
0x8009a8a8,S_SVA_OBJ_2EC,game,TODO,,
0x8009a8bc,S_SVA_OBJ_300,game,TODO,,
0x8009a8d4,S_SVA_OBJ_318,game,TODO,,
0x8009a8e8,S_SVA_OBJ_32C,game,TODO,,
0x8009a8f8,S_SVA_OBJ_33C,game,TODO,,
0x8009a910,S_SVA_OBJ_354,game,TODO,,
0x8009a924,S_SVA_OBJ_368,game,TODO,,
0x8009a938,S_SVA_OBJ_37C,game,TODO,,
0x8009a964,S_SVA_OBJ_3A8,game,TODO,,
0x8009a974,S_SVA_OBJ_3B8,game,TODO,,
0x8009a98c,S_SVA_OBJ_3D0,game,TODO,,
0x8009a9b0,S_SVA_OBJ_3F4,game,TODO,,
0x8009a9c0,S_SVA_OBJ_404,game,TODO,,
0x8009a9d8,S_SVA_OBJ_41C,game,TODO,,
0x8009a9ec,S_SVA_OBJ_430,game,TODO,,
0x8009aa14,S_SVA_OBJ_458,game,TODO,,
0x8009aa28,S_SVA_OBJ_46C,game,TODO,,
0x8009aa30,S_SVA_OBJ_474,game,TODO,,
0x8009aa38,S_SVA_OBJ_47C,game,TODO,,
0x8009aa3c,S_SVA_OBJ_480,game,TODO,,
0x8009aa68,S_SVA_OBJ_4AC,game,TODO,,
0x8009aa78,S_SVA_OBJ_4BC,game,TODO,,
0x8009aa90,S_SVA_OBJ_4D4,game,TODO,,
0x8009aaa4,S_SVA_OBJ_4E8,game,TODO,,
0x8009aac0,S_SVA_OBJ_504,game,TODO,,
0x8009aae4,S_SVA_OBJ_528,game,TODO,,
0x8009aaf4,S_SVA_OBJ_538,game,TODO,,
0x8009ab0c,S_SVA_OBJ_550,game,TODO,,
0x8009ab30,S_SVA_OBJ_574,game,TODO,,
0x8009ab50,S_SVA_OBJ_594,game,TODO,,
0x8009ab7c,S_SVA_OBJ_5C0,game,TODO,,
0x8009abbc,_spu_note2pitch,sdk,MATCHED,,
0x8009ac20,S_N2P_OBJ_64,game,TODO,,
0x8009ac6c,S_N2P_OBJ_B0,game,TODO,,
0x8009ac84,S_N2P_OBJ_C8,game,TODO,,
0x8009aca0,S_N2P_OBJ_E4,game,TODO,,
0x8009acac,S_N2P_OBJ_F0,game,TODO,,
0x8009acbc,S_N2P_OBJ_100,game,TODO,,
0x8009acec,S_N2P_OBJ_130,game,TODO,,
0x8009ad08,S_N2P_OBJ_14C,game,TODO,,
0x8009ad14,S_N2P_OBJ_158,game,TODO,,
0x8009ad40,S_N2P_OBJ_184,game,TODO,,
0x8009ad54,S_N2P_OBJ_198,game,TODO,,
0x8009ad70,S_N2P_OBJ_1B4,game,TODO,,
0x8009ad7c,S_N2P_OBJ_1C0,game,TODO,,
0x8009adbc,SpuGetVoiceVolume,sdk,MATCHED,,
0x8009adf0,S_GVV_OBJ_34,game,TODO,,
0x8009adf4,S_GVV_OBJ_38,game,TODO,,
0x8009ae10,S_GVV_OBJ_54,game,TODO,,
0x8009ae14,S_GVV_OBJ_58,game,TODO,,
0x8009ae1c,SpuGetVoiceEnvelope,sdk,MATCHED,,
0x8009ae3c,start,game_core,WIP,,
0x8009ae4c,SNMAIN_OBJ_10,game,TODO,,
0x8009aee4,__main,sdk,MATCHED,,
0x8009af24,SNMAIN_OBJ_E8,game,TODO,,
0x8009af3c,SNMAIN_OBJ_100,game,TODO,,
0x8009af8c,SNMAIN_OBJ_150,game,TODO,,
0x8009afa4,SNMAIN_OBJ_168,game,TODO,,
0x8009afe0,VSYNC_OBJ_24,game,TODO,,
0x8009b02c,VSYNC_OBJ_70,game,TODO,,
0x8009b058,VSYNC_OBJ_9C,game,TODO,,
0x8009b060,VSYNC_OBJ_A4,game,TODO,,
0x8009b06c,VSYNC_OBJ_B0,game,TODO,,
0x8009b0c8,VSYNC_OBJ_10C,game,TODO,,
0x8009b0e0,VSYNC_OBJ_124,game,TODO,,
0x8009b0f8,VSYNC_OBJ_13C,game,TODO,,
0x8009b11c,VSYNC_OBJ_160,game,TODO,,
0x8009b120,VSYNC_OBJ_164,game,TODO,,
0x8009b134,VSYNC_OBJ_178,game,TODO,,
0x8009b15c,VSYNC_OBJ_1A0,game,TODO,,
0x8009b1a4,VSYNC_OBJ_1E8,game,TODO,,
0x8009b1bc,VSYNC_OBJ_200,game,TODO,,
0x8009b25c,VSyncCallback,sdk,MATCHED,,
0x8009b290,VSyncCallbacks,sdk,MATCHED,,
0x8009b320,CheckCallback,game,TODO,,
0x8009b360,INTR_OBJ_194,game,TODO,,
0x8009b3d8,INTR_OBJ_20C,game,TODO,,
0x8009b428,INTR_OBJ_25C,game,TODO,,
0x8009b438,INTR_OBJ_26C,game,TODO,,
0x8009b490,INTR_OBJ_2C4,game,TODO,,
0x8009b4cc,INTR_OBJ_300,game,TODO,,
0x8009b4d8,INTR_OBJ_30C,game,TODO,,
0x8009b514,INTR_OBJ_348,game,TODO,,
0x8009b528,INTR_OBJ_35C,game,TODO,,
0x8009b558,INTR_OBJ_38C,game,TODO,,
0x8009b5d4,INTR_OBJ_408,game,TODO,,
0x8009b5dc,INTR_OBJ_410,game,TODO,,
0x8009b608,INTR_OBJ_43C,game,TODO,,
0x8009b698,INTR_OBJ_4CC,game,TODO,,
0x8009b6b8,INTR_OBJ_4EC,game,TODO,,
0x8009b6dc,INTR_OBJ_510,game,TODO,,
0x8009b6f4,INTR_OBJ_528,game,TODO,,
0x8009b70c,INTR_OBJ_540,game,TODO,,
0x8009b71c,INTR_OBJ_550,game,TODO,,
0x8009b72c,INTR_OBJ_560,game,TODO,,
0x8009b730,INTR_OBJ_564,game,TODO,,
0x8009b750,INTR_OBJ_584,game,TODO,,
0x8009b7e0,INTR_OBJ_614,game,TODO,,
0x8009b7f0,INTR_OBJ_624,game,TODO,,
0x8009b854,INTR_OBJ_688,game,TODO,,
0x8009b858,INTR_OBJ_68C,game,TODO,,
0x8009b868,INTR_OBJ_69C,game,TODO,,
0x8009b874,INTR_OBJ_6A8,game,TODO,,
0x8009b884,INTR_OBJ_6B8,game,TODO,,
0x8009b88c,startIntrVSync,game,TODO,,
0x8009b8e4,INTR_VB_OBJ_58,game,TODO,,
0x8009b914,INTR_VB_OBJ_88,game,TODO,,
0x8009b92c,INTR_VB_OBJ_A0,game,TODO,,
0x8009b950,INTR_VB_OBJ_C4,game,TODO,,
0x8009b974,INTR_VB_OBJ_E8,game,TODO,,
0x8009b97c,INTR_VB_OBJ_F0,game,TODO,,
0x8009b988,INTR_VB_OBJ_FC,hardware_reg,MATCHED,,
0x8009b998,INTR_VB_OBJ_10C,game,TODO,,
0x8009b9ac,startIntrDMA,game,TODO,,
0x8009b9f8,INTR_DMA_OBJ_4C,game,TODO,,
0x8009ba4c,INTR_DMA_OBJ_A0,game,TODO,,
0x8009ba58,INTR_DMA_OBJ_AC,hardware_reg,MATCHED,,
0x8009baa0,INTR_DMA_OBJ_F4,game,TODO,,
0x8009bab0,INTR_DMA_OBJ_104,game,TODO,,
0x8009bad4,INTR_DMA_OBJ_128,game,TODO,,
0x8009bb0c,INTR_DMA_OBJ_160,game,TODO,,
0x8009bb20,INTR_DMA_OBJ_174,game,TODO,,
0x8009bb54,INTR_DMA_OBJ_1A8,game,TODO,,
0x8009bb78,INTR_DMA_OBJ_1CC,game,TODO,,
0x8009bbe0,INTR_DMA_OBJ_234,game,TODO,,
0x8009bc1c,INTR_DMA_OBJ_270,game,TODO,,
0x8009bc24,INTR_DMA_OBJ_278,game,TODO,,
0x8009bc30,INTR_DMA_OBJ_284,game,TODO,,
0x8009bc40,INTR_DMA_OBJ_294,game,TODO,,
0x8009bc4c,FUN_8009bc4c,unknown,TODO,,
0x8009bc60,FUN_8009bc60,unknown,TODO,,
0x8009bc84,InitGeom,sdk,MATCHED,,
0x8009bd54,MSC01_OBJ_48,game,TODO,,
0x8009bd60,MSC01_OBJ_54,game,TODO,,
0x8009bd88,MSC01_OBJ_7C,game,TODO,,
0x8009bd9c,ApplyMatrixLV,game,TODO,,
0x8009bdf0,MTX_004_OBJ_54,game,TODO,,
0x8009bdf8,MTX_004_OBJ_5C,game,TODO,,
0x8009be18,MTX_004_OBJ_7C,game,TODO,,
0x8009be20,MTX_004_OBJ_84,game,TODO,,
0x8009be40,MTX_004_OBJ_A4,game,TODO,,
0x8009be48,MTX_004_OBJ_AC,game,TODO,,
0x8009be94,MTX_004_OBJ_F8,game,TODO,,
0x8009be98,MTX_004_OBJ_FC,game,TODO,,
0x8009beb0,MTX_004_OBJ_114,game,TODO,,
0x8009beb4,MTX_004_OBJ_118,game,TODO,,
0x8009becc,MTX_004_OBJ_130,game,TODO,,
0x8009bed0,MTX_004_OBJ_134,game,TODO,,
0x8009befc,ApplyRotMatrixLV,game,TODO,,
0x8009bf28,MTX_01_OBJ_2C,game,TODO,,
0x8009bf30,MTX_01_OBJ_34,game,TODO,,
0x8009bf50,MTX_01_OBJ_54,game,TODO,,
0x8009bf58,MTX_01_OBJ_5C,game,TODO,,
0x8009bf78,MTX_01_OBJ_7C,game,TODO,,
0x8009bf80,MTX_01_OBJ_84,game,TODO,,
0x8009bfcc,MTX_01_OBJ_D0,game,TODO,,
0x8009bfd0,MTX_01_OBJ_D4,game,TODO,,
0x8009bfe8,MTX_01_OBJ_EC,game,TODO,,
0x8009bfec,MTX_01_OBJ_F0,game,TODO,,
0x8009c004,MTX_01_OBJ_108,game,TODO,,
0x8009c008,MTX_01_OBJ_10C,game,TODO,,
0x8009c03c,ApplyMatrix,game,TODO,,
0x8009c08c,FUN_8009c08c,unknown,TODO,,
0x8009c2b0,Lzc,game,TODO,,
0x8009c2e0,RATAN_OBJ_14,game,TODO,,
0x8009c2f0,RATAN_OBJ_24,game,TODO,,
0x8009c304,RATAN_OBJ_38,game,TODO,,
0x8009c328,RATAN_OBJ_5C,game,TODO,,
0x8009c340,RATAN_OBJ_74,game,TODO,,
0x8009c34c,RATAN_OBJ_80,game,TODO,,
0x8009c360,RATAN_OBJ_94,game,TODO,,
0x8009c378,RATAN_OBJ_AC,hardware_reg,MATCHED,,
0x8009c380,RATAN_OBJ_B4,game,TODO,,
0x8009c394,RATAN_OBJ_C8,game,TODO,,
0x8009c3b0,RATAN_OBJ_E4,game,TODO,,
0x8009c3c8,RATAN_OBJ_FC,hardware_reg,MATCHED,,
0x8009c3d4,RATAN_OBJ_108,game,TODO,,
0x8009c3e8,RATAN_OBJ_11C,game,TODO,,
0x8009c400,RATAN_OBJ_134,game,TODO,,
0x8009c408,RATAN_OBJ_13C,game,TODO,,
0x8009c41c,RATAN_OBJ_150,game,TODO,,
0x8009c428,RATAN_OBJ_15C,game,TODO,,
0x8009c438,RATAN_OBJ_16C,game,TODO,,
0x8009c44c,_patch_gte,sdk,MATCHED,,
0x8009c48c,PATCHGTE_OBJ_40,game,TODO,,
0x8009c4bc,PATCHGTE_OBJ_70,game,TODO,,
0x8009c4d4,PATCHGTE_OBJ_88,game,TODO,,
0x8009c4f8,PATCHGTE_OBJ_AC,hardware_reg,MATCHED,,
0x8009c4fc,DAT_8009c4fc,game,TODO,,
0x8009c510,PATCHGTE_OBJ_C4,game,TODO,,
0x8009c514,DAT_8009c514,game,TODO,,
0x8009c52c,ResetGraph,sdk,MATCHED,,
0x8009c568,SYS_OBJ_3C,game,TODO,,
0x8009c578,SYS_OBJ_4C,game,TODO,,
0x8009c594,SYS_OBJ_68,game,TODO,,
0x8009c63c,SYS_OBJ_110,game,TODO,,
0x8009c670,SYS_OBJ_144,game,TODO,,
0x8009c68c,SYS_OBJ_160,game,TODO,,
0x8009c6ec,SYS_OBJ_1C0,game,TODO,,
0x8009c748,SYS_OBJ_21C,game,TODO,,
0x8009c788,SYS_OBJ_25C,game,TODO,,
0x8009c7b0,DrawSyncCallback,sdk,MATCHED,,
0x8009c7f4,SYS_OBJ_2C8,game,TODO,,
0x8009c810,SetDispMask,sdk,MATCHED,,
0x8009c858,SYS_OBJ_32C,game,TODO,,
0x8009c86c,SYS_OBJ_340,game,TODO,,
0x8009c884,SYS_OBJ_358,game,TODO,,
0x8009c8e4,SYS_OBJ_3B8,game,TODO,,
0x8009c94c,SYS_OBJ_420,game,TODO,,
0x8009c9cc,SYS_OBJ_4A0,game,TODO,,
0x8009c9d8,SYS_OBJ_4AC,game,TODO,,
0x8009c9e0,SYS_OBJ_4B4,game,TODO,,
0x8009ca1c,SYS_OBJ_4F0,game,TODO,,
0x8009ca2c,ClearImage,sdk,MATCHED,,
0x8009cc6c,SYS_OBJ_740,game,TODO,,
0x8009ccb4,SYS_OBJ_788,game,TODO,,
0x8009cccc,ClearOTag,sdk,MATCHED,,
0x8009cd10,SYS_OBJ_7E4,game,TODO,,
0x8009cd24,SYS_OBJ_7F8,game,TODO,,
0x8009cd4c,SYS_OBJ_820,game,TODO,,
0x8009cd94,ClearOTagR,sdk,MATCHED,,
0x8009cddc,SYS_OBJ_8B0,game,TODO,,
0x8009ce40,DrawPrim,sdk,MATCHED,,
0x8009ce9c,DrawOTag,sdk,MATCHED,,
0x8009ced8,SYS_OBJ_9AC,game,TODO,,
0x8009cf0c,PutDrawEnv,game,TODO,,
0x8009cf58,SYS_OBJ_A2C,game,TODO,,
0x8009d024,SYS_OBJ_AF8,game,TODO,,
0x8009d0d8,PutDispEnv,game,TODO,,
0x8009d128,SYS_OBJ_BFC,hardware_reg,MATCHED,,
0x8009d1d0,SYS_OBJ_CA4,game,TODO,,
0x8009d1f0,SYS_OBJ_CC4,game,TODO,,
0x8009d204,SYS_OBJ_CD8,game,TODO,,
0x8009d218,SYS_OBJ_CEC,hardware_reg,MATCHED,,
0x8009d230,SYS_OBJ_D04,game,TODO,,
0x8009d254,SYS_OBJ_D28,game,TODO,,
0x8009d264,SYS_OBJ_D38,game,TODO,,
0x8009d274,SYS_OBJ_D48,game,TODO,,
0x8009d278,SYS_OBJ_D4C,game,TODO,,
0x8009d28c,SYS_OBJ_D60,game,TODO,,
0x8009d298,SYS_OBJ_D6C,game,TODO,,
0x8009d2bc,SYS_OBJ_D90,game,TODO,,
0x8009d334,SYS_OBJ_E08,game,TODO,,
0x8009d354,SYS_OBJ_E28,game,TODO,,
0x8009d368,SYS_OBJ_E3C,game,TODO,,
0x8009d3a4,SYS_OBJ_E78,game,TODO,,
0x8009d40c,SYS_OBJ_EE0,game,TODO,,
0x8009d438,SYS_OBJ_F0C,game,TODO,,
0x8009d46c,SYS_OBJ_F40,game,TODO,,
0x8009d470,SYS_OBJ_F44,game,TODO,,
0x8009d48c,SYS_OBJ_F60,game,TODO,,
0x8009d490,SYS_OBJ_F64,game,TODO,,
0x8009d4ac,SYS_OBJ_F80,game,TODO,,
0x8009d4c8,SYS_OBJ_F9C,game,TODO,,
0x8009d4fc,SYS_OBJ_FD0,game,TODO,,
0x8009d500,SYS_OBJ_FD4,game,TODO,,
0x8009d51c,SYS_OBJ_FF0,game,TODO,,
0x8009d520,SYS_OBJ_FF4,game,TODO,,
0x8009d538,SYS_OBJ_100C,game,TODO,,
0x8009d544,SYS_OBJ_1018,game,TODO,,
0x8009d5a0,SYS_OBJ_1074,game,TODO,,
0x8009d604,GetODE,sdk,MATCHED,,
0x8009d634,SetDrawArea,sdk,MATCHED,,
0x8009d810,SYS_OBJ_12E4,game,TODO,,
0x8009d84c,SYS_OBJ_1320,game,TODO,,
0x8009d850,SYS_OBJ_1324,game,TODO,,
0x8009d8d0,SYS_OBJ_13A4,game,TODO,,
0x8009d8ec,SYS_OBJ_13C0,game,TODO,,
0x8009da08,SYS_OBJ_14DC,game,TODO,,
0x8009da44,SYS_OBJ_1518,game,TODO,,
0x8009da48,SYS_OBJ_151C,game,TODO,,
0x8009da70,SYS_OBJ_1544,game,TODO,,
0x8009dae8,SYS_OBJ_15BC,game,TODO,,
0x8009db40,SYS_OBJ_1614,game,TODO,,
0x8009db5c,SYS_OBJ_1630,game,TODO,,
0x8009db68,SYS_OBJ_163C,game,TODO,,
0x8009db74,SYS_OBJ_1648,game,TODO,,
0x8009db7c,SYS_OBJ_1650,game,TODO,,
0x8009dbb4,SYS_OBJ_1688,game,TODO,,
0x8009dbf4,SYS_OBJ_16C8,game,TODO,,
0x8009dbf8,SYS_OBJ_16CC,game,TODO,,
0x8009dbfc,SYS_OBJ_16D0,game,TODO,,
0x8009dc14,SYS_OBJ_16E8,game,TODO,,
0x8009dc4c,SYS_OBJ_1720,game,TODO,,
0x8009dc8c,SYS_OBJ_1760,game,TODO,,
0x8009dc90,SYS_OBJ_1764,game,TODO,,
0x8009dc94,SYS_OBJ_1768,game,TODO,,
0x8009dcac,SYS_OBJ_1780,game,TODO,,
0x8009dcc8,SYS_OBJ_179C,game,TODO,,
0x8009dcd8,SYS_OBJ_17AC,game,TODO,,
0x8009dd40,SYS_OBJ_1814,game,TODO,,
0x8009dd48,SYS_OBJ_181C,game,TODO,,
0x8009dd60,SYS_OBJ_1834,game,TODO,,
0x8009ddfc,SYS_OBJ_18D0,game,TODO,,
0x8009de2c,SYS_OBJ_1900,game,TODO,,
0x8009de40,SYS_OBJ_1914,game,TODO,,
0x8009de94,SYS_OBJ_1968,game,TODO,,
0x8009de98,SYS_OBJ_196C,game,TODO,,
0x8009ded4,SYS_OBJ_19A8,game,TODO,,
0x8009ded8,SYS_OBJ_19AC,game,TODO,,
0x8009df00,SYS_OBJ_19D4,game,TODO,,
0x8009dfd8,SYS_OBJ_1AAC,game,TODO,,
0x8009e048,SYS_OBJ_1B1C,game,TODO,,
0x8009e070,SYS_OBJ_1B44,game,TODO,,
0x8009e0d4,SYS_OBJ_1BA8,game,TODO,,
0x8009e0d8,SYS_OBJ_1BAC,game,TODO,,
0x8009e110,SYS_OBJ_1BE4,game,TODO,,
0x8009e114,SYS_OBJ_1BE8,game,TODO,,
0x8009e118,SYS_OBJ_1BEC,game,TODO,,
0x8009e14c,SYS_OBJ_1C20,game,TODO,,
0x8009e17c,SYS_OBJ_1C50,game,TODO,,
0x8009e1ac,SYS_OBJ_1C80,game,TODO,,
0x8009e1e0,SYS_OBJ_1CB4,game,TODO,,
0x8009e21c,SYS_OBJ_1CF0,game,TODO,,
0x8009e238,SYS_OBJ_1D0C,game,TODO,,
0x8009e284,SYS_OBJ_1D58,game,TODO,,
0x8009e288,SYS_OBJ_1D5C,game,TODO,,
0x8009e2ac,SYS_OBJ_1D80,game,TODO,,
0x8009e308,SYS_OBJ_1DDC,game,TODO,,
0x8009e30c,SYS_OBJ_1DE0,game,TODO,,
0x8009e344,SYS_OBJ_1E18,game,TODO,,
0x8009e348,SYS_OBJ_1E1C,game,TODO,,
0x8009e34c,SYS_OBJ_1E20,game,TODO,,
0x8009e380,SYS_OBJ_1E54,game,TODO,,
0x8009e3b0,SYS_OBJ_1E84,game,TODO,,
0x8009e3e0,SYS_OBJ_1EB4,game,TODO,,
0x8009e45c,SYS_OBJ_1F30,game,TODO,,
0x8009e48c,SYS_OBJ_1F60,game,TODO,,
0x8009e49c,SYS_OBJ_1F70,game,TODO,,
0x8009e4bc,SYS_OBJ_1F90,game,TODO,,
0x8009e508,SYS_OBJ_1FDC,game,TODO,,
0x8009e50c,SYS_OBJ_1FE0,game,TODO,,
0x8009e550,SYS_OBJ_2024,game,TODO,,
0x8009e564,SYS_OBJ_2038,game,TODO,,
0x8009e580,SYS_OBJ_2054,game,TODO,,
0x8009e59c,SYS_OBJ_2070,game,TODO,,
0x8009e5ec,SYS_OBJ_20C0,game,TODO,,
0x8009e674,SYS_OBJ_2148,game,TODO,,
0x8009e68c,SYS_OBJ_2160,game,TODO,,
0x8009e720,SYS_OBJ_21F4,game,TODO,,
0x8009e72c,SYS_OBJ_2200,game,TODO,,
0x8009e764,SYS_OBJ_2238,game,TODO,,
0x8009e78c,SYS_OBJ_2260,game,TODO,,
0x8009e798,SYS_OBJ_226C,game,TODO,,
0x8009e7dc,SYS_OBJ_22B0,game,TODO,,
0x8009e820,SYS_OBJ_22F4,game,TODO,,
0x8009e844,SYS_OBJ_2318,game,TODO,,
0x8009e8d4,SYS_OBJ_23A8,game,TODO,,
0x8009e968,SYS_OBJ_243C,game,TODO,,
0x8009e9a4,SYS_OBJ_2478,game,TODO,,
0x8009e9c4,SYS_OBJ_2498,game,TODO,,
0x8009e9d8,SYS_OBJ_24AC,game,TODO,,
0x8009eaa0,SYS_OBJ_2574,game,TODO,,
0x8009eb20,SYS_OBJ_25F4,game,TODO,,
0x8009eb3c,SYS_OBJ_2610,game,TODO,,
0x8009eb50,SYS_OBJ_2624,game,TODO,,
0x8009ebb0,SYS_OBJ_2684,game,TODO,,
0x8009ebc0,SYS_OBJ_2694,game,TODO,,
0x8009ec20,SYS_OBJ_26F4,game,TODO,,
0x8009ec6c,SYS_OBJ_2740,game,TODO,,
0x8009ec90,SYS_OBJ_2764,game,TODO,,
0x8009eca0,SYS_OBJ_2774,game,TODO,,
0x8009ecc0,SYS_OBJ_2794,game,TODO,,
0x8009ecd8,SYS_OBJ_27AC,game,TODO,,
0x8009ecfc,SYS_OBJ_27D0,game,TODO,,
0x8009ed0c,SYS_OBJ_27E0,game,TODO,,
0x8009ed54,SYS_OBJ_2828,game,TODO,,
0x8009ed80,SYS_OBJ_2854,game,TODO,,
0x8009edc0,SYS_OBJ_2894,game,TODO,,
0x8009edcc,SYS_OBJ_28A0,game,TODO,,
0x8009eddc,SYS_OBJ_28B0,game,TODO,,
0x8009ee64,SYS_OBJ_2938,game,TODO,,
0x8009ef40,SYS_OBJ_2A14,game,TODO,,
0x8009ef44,SYS_OBJ_2A18,game,TODO,,
0x8009ef54,SYS_OBJ_2A28,game,TODO,,
0x8009efc4,SYS_OBJ_2A98,game,TODO,,
0x8009efe8,SYS_OBJ_2ABC,game,TODO,,
0x8009efec,SYS_OBJ_2AC0,game,TODO,,
0x8009f04c,SYS_OBJ_2B20,game,TODO,,
0x8009f070,SYS_OBJ_2B44,game,TODO,,
0x8009f0cc,SYS_OBJ_2BA0,game,TODO,,
0x8009f0e0,StoreImage2,sdk,MATCHED,,
0x8009f138,SYS_OBJ_2C0C,game,TODO,,
0x8009f15c,SYS_OBJ_2C30,game,TODO,,
0x8009f1b8,SYS_OBJ_2C8C,game,TODO,,
0x8009f22c,SYS_OBJ_2D00,game,TODO,,
0x8009f250,SYS_OBJ_2D24,game,TODO,,
0x8009f2b4,SYS_OBJ_2D88,game,TODO,,
0x8009f2f8,SYS_OBJ_2DCC,game,TODO,,
0x8009f34c,SYS_OBJ_2E20,game,TODO,,
0x8009f37c,SYS_OBJ_2E50,game,TODO,,
0x8009f3a0,SYS_OBJ_2E74,game,TODO,,
0x8009f3fc,SYS_OBJ_2ED0,game,TODO,,
0x8009f40c,_GPU_ResetCallback,game,TODO,,
0x8009f440,SYS_OBJ_2F14,game,TODO,,
0x8009f450,SYS_OBJ_2F24,game,TODO,,
0x8009f45c,Krom2RawAdd2,sdk,MATCHED,,
0x8009f488,KTRANS_OBJ_2C,game,TODO,,
0x8009f4ac,KTRANS_OBJ_50,game,TODO,,
0x8009f4bc,KTRANS_OBJ_60,game,TODO,,
0x8009f4c8,KTRANS_OBJ_6C,game,TODO,,
0x8009f4ec,KTRANS_OBJ_90,game,TODO,,
0x8009f4f4,KTRANS_OBJ_98,game,TODO,,
0x8009f508,kanjitrans,game,TODO,,
0x8009f5e0,KTRANS_OBJ_184,game,TODO,,
0x8009f65c,KTRANS_OBJ_200,game,TODO,,
0x8009f6dc,KTRANS_OBJ_280,game,TODO,,
0x8009f758,KTRANS_OBJ_2FC,game,TODO,,
0x8009f7b4,KTRANS_OBJ_358,game,TODO,,
0x8009f7d4,KTRANS_OBJ_378,game,TODO,,
0x8009f864,KTRANS_OBJ_408,game,TODO,,
0x8009f874,KTRANS_OBJ_418,game,TODO,,
0x8009f93c,KTRANS_OBJ_4E0,game,TODO,,
0x8009f994,KTRANS_OBJ_538,game,TODO,,
0x8009f9bc,KTRANS_OBJ_560,game,TODO,,
0x8009f9ec,KTRANS_OBJ_590,game,TODO,,
0x8009fa24,KTRANS_OBJ_5C8,game,TODO,,
0x8009fa5c,KTRANS_OBJ_600,game,TODO,,
0x8009fa78,KTRANS_OBJ_61C,game,TODO,,
0x8009fa90,KTRANS_OBJ_634,game,TODO,,
0x8009faa8,KTRANS_OBJ_64C,game,TODO,,
0x8009fac0,KTRANS_OBJ_664,game,TODO,,
0x8009fad8,KTRANS_OBJ_67C,game,TODO,,
0x8009fb2c,KTRANS_OBJ_6D0,game,TODO,,
0x8009fb58,KTRANS_OBJ_6FC,game,TODO,,
0x8009fbf8,BREAK_OBJ_8C,game,TODO,,
0x8009fc2c,BREAK_OBJ_C0,game,TODO,,
0x8009fc40,BREAK_OBJ_D4,game,TODO,,
0x8009fc58,BREAK_OBJ_EC,hardware_reg,MATCHED,,
0x8009fcc4,BREAK_OBJ_158,game,TODO,,
0x8009fcfc,BREAK_OBJ_190,game,TODO,,
0x8009fd20,BREAK_OBJ_1B4,game,TODO,,
0x8009fd28,BREAK_OBJ_1BC,game,TODO,,
0x8009fd6c,BREAK_OBJ_200,game,TODO,,
0x8009fd8c,SetDefDrawEnv,sdk,MATCHED,,
0x8009fe00,E03_OBJ_74,game,TODO,,
0x8009fe04,E03_OBJ_78,game,TODO,,
0x8009fe4c,SetDefDispEnv,sdk,MATCHED,,
0x8009fe8c,GetTPage,sdk,MATCHED,,
0x8009fecc,GetClut,sdk,MATCHED,,
0x8009feec,FUN_8009feec,unknown,TODO,,
0x8009ff00,LAB_8009ff00,game,TODO,,
0x8009ff0c,LAB_8009ff0c,game,TODO,,
0x8009ff1c,SetDrawTPage,sdk,MATCHED,,
0x8009ff30,P33_OBJ_14,game,TODO,,
0x8009ff3c,P33_OBJ_20,game,TODO,,
0x8009ff70,P34_OBJ_24,game,TODO,,
0x8009ff78,P34_OBJ_2C,game,TODO,,
0x8009ffac,bcopy,sdk,MATCHED,,
0x8009ffbc,BCOPY_OBJ_10,game,TODO,,
0x8009ffd4,BCOPY_OBJ_28,game,TODO,,
0x8009ffd8,BCOPY_OBJ_2C,game,TODO,,
0x800a0004,BZERO_OBJ_18,game,TODO,,
0x800a0014,BZERO_OBJ_28,game,TODO,,
0x800a001c,thunk_FUN_800a0038,game,TODO,,
0x800a0024,LAB_800a0024,game,TODO,,
0x800a0038,FUN_800a0038,unknown,TODO,,
0x800a0060,LAB_800a0060,game,TODO,,
0x800a007c,MEMCPY_OBJ_10,game,TODO,,
0x800a0094,MEMCPY_OBJ_28,game,TODO,,
0x800a0098,MEMCPY_OBJ_2C,game,TODO,,
0x800a00c4,MEMSET_OBJ_18,game,TODO,,
0x800a00d4,MEMSET_OBJ_28,game,TODO,,
0x800a011c,strcmp,sdk,MATCHED,,
0x800a012c,STRCMP_OBJ_10,game,TODO,,
0x800a0144,STRCMP_OBJ_28,game,TODO,,
0x800a014c,STRCMP_OBJ_30,game,TODO,,
0x800a0154,STRCMP_OBJ_38,game,TODO,,
0x800a0178,STRCMP_OBJ_5C,game,TODO,,
0x800a01a0,LAB_800a01a0,game,TODO,,
0x800a01a4,LAB_800a01a4,game,TODO,,
0x800a01b8,LAB_800a01b8,game,TODO,,
0x800a020c,prnt,sdk,MATCHED,,
0x800a0248,PRNT_OBJ_3C,game,TODO,,
0x800a025c,PRNT_OBJ_50,game,TODO,,
0x800a0320,PRNT_OBJ_114,game,TODO,,
0x800a0328,PRNT_OBJ_11C,game,TODO,,
0x800a036c,PRNT_OBJ_160,game,TODO,,
0x800a0374,PRNT_OBJ_168,game,TODO,,
0x800a0390,PRNT_OBJ_184,game,TODO,,
0x800a03dc,PRNT_OBJ_1D0,game,TODO,,
0x800a0444,PRNT_OBJ_238,game,TODO,,
0x800a0450,PRNT_OBJ_244,game,TODO,,
0x800a048c,PRNT_OBJ_280,game,TODO,,
0x800a04c8,PRNT_OBJ_2BC,game,TODO,,
0x800a0504,PRNT_OBJ_2F8,game,TODO,,
0x800a052c,PRNT_OBJ_320,game,TODO,,
0x800a0534,PRNT_OBJ_328,game,TODO,,
0x800a0540,PRNT_OBJ_334,game,TODO,,
0x800a0570,PRNT_OBJ_364,game,TODO,,
0x800a05b0,PRNT_OBJ_3A4,game,TODO,,
0x800a05c0,PRNT_OBJ_3B4,game,TODO,,
0x800a05d4,PRNT_OBJ_3C8,game,TODO,,
0x800a05e8,PRNT_OBJ_3DC,game,TODO,,
0x800a0600,PRNT_OBJ_3F4,game,TODO,,
0x800a0610,PRNT_OBJ_404,game,TODO,,
0x800a0670,PRNT_OBJ_464,game,TODO,,
0x800a0674,PRNT_OBJ_468,game,TODO,,
0x800a0678,PRNT_OBJ_46C,game,TODO,,
0x800a0688,PRNT_OBJ_47C,game,TODO,,
0x800a0698,PRNT_OBJ_48C,game,TODO,,
0x800a06b0,PRNT_OBJ_4A4,game,TODO,,
0x800a06d0,PRNT_OBJ_4C4,game,TODO,,
0x800a06ec,PRNT_OBJ_4E0,game,TODO,,
0x800a0700,PRNT_OBJ_4F4,game,TODO,,
0x800a0720,PRNT_OBJ_514,game,TODO,,
0x800a0740,PRNT_OBJ_534,game,TODO,,
0x800a075c,PRNT_OBJ_550,game,TODO,,
0x800a0770,PRNT_OBJ_564,game,TODO,,
0x800a078c,PRNT_OBJ_580,game,TODO,,
0x800a0798,PRNT_OBJ_58C,game,TODO,,
0x800a07b8,PRNT_OBJ_5AC,game,TODO,,
0x800a07c0,PRNT_OBJ_5B4,game,TODO,,
0x800a07f4,PRNT_OBJ_5E8,game,TODO,,
0x800a0810,PRNT_OBJ_604,game,TODO,,
0x800a0828,PRNT_OBJ_61C,game,TODO,,
0x800a0860,PRNT_OBJ_654,game,TODO,,
0x800a0868,PRNT_OBJ_65C,game,TODO,,
0x800a0870,PRNT_OBJ_664,game,TODO,,
0x800a08d4,CTYPE_OBJ_28,game,TODO,,
0x800a0908,CTYPE_OBJ_5C,game,TODO,,
0x800a091c,memchr,game,TODO,,
0x800a0934,MEMCHR_OBJ_18,game,TODO,,
0x800a093c,MEMCHR_OBJ_20,game,TODO,,
0x800a0948,MEMCHR_OBJ_2C,game,TODO,,
0x800a0964,MEMCHR_OBJ_48,game,TODO,,
0x800a09ac,PUTCHAR_OBJ_40,game,TODO,,
0x800a09d4,PUTCHAR_OBJ_68,game,TODO,,
0x800a0a08,PUTCHAR_OBJ_9C,game,TODO,,
0x800a0a38,PUTCHAR_OBJ_CC,hardware_reg,MATCHED,,
0x800a0a58,PUTCHAR_OBJ_EC,hardware_reg,MATCHED,,
0x800a0a68,_putchar_flash,game,TODO,,
0x800a0a94,PUTCHAR_OBJ_128,game,TODO,,
0x800a0ae4,PUTCHAR_OBJ_178,game,TODO,,
0x800a0b0c,PUTCHAR_OBJ_1A0,game,TODO,,
0x800a0b40,PUTCHAR_OBJ_1D4,game,TODO,,
0x800a0b70,PUTCHAR_OBJ_204,game,TODO,,
0x800a0b90,PUTCHAR_OBJ_224,game,TODO,,
0x800a0bbc,PUTCHAR_OBJ_250,game,TODO,,
0x800a0c2c,SPRINTF_OBJ_60,game,TODO,,
0x800a0c5c,SPRINTF_OBJ_90,game,TODO,,
0x800a0c90,SPRINTF_OBJ_C4,game,TODO,,
0x800a0cac,SPRINTF_OBJ_E0,game,TODO,,
0x800a0cbc,SPRINTF_OBJ_F0,game,TODO,,
0x800a0cd8,SPRINTF_OBJ_10C,game,TODO,,
0x800a0cf4,SPRINTF_OBJ_128,game,TODO,,
0x800a0d2c,SPRINTF_OBJ_160,game,TODO,,
0x800a0d40,SPRINTF_OBJ_174,game,TODO,,
0x800a0d7c,SPRINTF_OBJ_1B0,game,TODO,,
0x800a0d88,SPRINTF_OBJ_1BC,game,TODO,,
0x800a0ddc,SPRINTF_OBJ_210,game,TODO,,
0x800a0e18,SPRINTF_OBJ_24C,game,TODO,,
0x800a0e24,SPRINTF_OBJ_258,game,TODO,,
0x800a0e44,SPRINTF_OBJ_278,game,TODO,,
0x800a0e64,SPRINTF_OBJ_298,game,TODO,,
0x800a0e68,SPRINTF_OBJ_29C,game,TODO,,
0x800a0eb0,SPRINTF_OBJ_2E4,game,TODO,,
0x800a0f00,SPRINTF_OBJ_334,game,TODO,,
0x800a0f14,SPRINTF_OBJ_348,game,TODO,,
0x800a0f58,SPRINTF_OBJ_38C,game,TODO,,
0x800a0f5c,SPRINTF_OBJ_390,game,TODO,,
0x800a0f9c,SPRINTF_OBJ_3D0,game,TODO,,
0x800a0fb0,SPRINTF_OBJ_3E4,game,TODO,,
0x800a0fc0,SPRINTF_OBJ_3F4,game,TODO,,
0x800a0ff4,SPRINTF_OBJ_428,game,TODO,,
0x800a100c,SPRINTF_OBJ_440,game,TODO,,
0x800a1028,SPRINTF_OBJ_45C,game,TODO,,
0x800a1078,SPRINTF_OBJ_4AC,game,TODO,,
0x800a109c,SPRINTF_OBJ_4D0,game,TODO,,
0x800a10b0,SPRINTF_OBJ_4E4,game,TODO,,
0x800a10b8,SPRINTF_OBJ_4EC,game,TODO,,
0x800a10d4,SPRINTF_OBJ_508,game,TODO,,
0x800a1110,SPRINTF_OBJ_544,game,TODO,,
0x800a1128,SPRINTF_OBJ_55C,game,TODO,,
0x800a1170,SPRINTF_OBJ_5A4,game,TODO,,
0x800a11a0,SPRINTF_OBJ_5D4,game,TODO,,
0x800a11d0,SPRINTF_OBJ_604,game,TODO,,
0x800a11e4,SPRINTF_OBJ_618,game,TODO,,
0x800a11ec,SPRINTF_OBJ_620,game,TODO,,
0x800a120c,SPRINTF_OBJ_640,game,TODO,,
0x800a1228,SPRINTF_OBJ_65C,game,TODO,,
0x800a1244,SPRINTF_OBJ_678,game,TODO,,
0x800a12e4,SPRINTF_OBJ_718,game,TODO,,
0x800a1300,SPRINTF_OBJ_734,game,TODO,,
0x800a134c,SPRINTF_OBJ_780,game,TODO,,
0x800a1360,SPRINTF_OBJ_794,game,TODO,,
0x800a1394,SPRINTF_OBJ_7C8,game,TODO,,
0x800a13bc,SPRINTF_OBJ_7F0,game,TODO,,
0x800a13c0,SPRINTF_OBJ_7F4,game,TODO,,
0x800a13dc,SPRINTF_OBJ_810,game,TODO,,
0x800a13f8,SPRINTF_OBJ_82C,game,TODO,,
0x800a1418,SPRINTF_OBJ_84C,game,TODO,,
0x800a144c,memmove,game,TODO,,
0x800a1464,MEMMOVE_OBJ_18,game,TODO,,
0x800a1488,MEMMOVE_OBJ_3C,game,TODO,,
0x800a1490,MEMMOVE_OBJ_44,game,TODO,,
0x800a14ac,MEMMOVE_OBJ_60,game,TODO,,
0x800a14b0,MEMMOVE_OBJ_64,game,TODO,,
0x800a14dc,PUTS_OBJ_20,game,TODO,,
0x800a14e4,PUTS_OBJ_28,game,TODO,,
0x800a151c,setjmp,game,TODO,,
0x800a159c,InitHeap,sdk,MATCHED,,
0x800a15bc,GPU_cw,sdk,MATCHED,,
0x800a15d4,FUN_800a15d4,unknown,TODO,,
0x800a15ec,DeliverEvent,sdk,MATCHED,,
0x800a160c,WaitEvent,game,TODO,,
0x800a163c,ReturnFromException,game,TODO,,
0x800a164c,ResetEntryInt,sdk,MATCHED,,
0x800a165c,HookEntryInt,game,TODO,,
0x800a168c,write,game,TODO,,
0x800a169c,Krom2RawAdd,sdk,MATCHED,,
0x800a16cc,SetRCnt,sdk,MATCHED,,
0x800a16e4,COUNTER_OBJ_18,game,TODO,,
0x800a1714,COUNTER_OBJ_48,game,TODO,,
0x800a1724,COUNTER_OBJ_58,game,TODO,,
0x800a1740,COUNTER_OBJ_74,game,TODO,,
0x800a174c,COUNTER_OBJ_80,game,TODO,,
0x800a1760,COUNTER_OBJ_94,game,TODO,,
0x800a1768,GetRCnt,sdk,MATCHED,,
0x800a1794,COUNTER_OBJ_C8,game,TODO,,
0x800a1798,COUNTER_OBJ_CC,hardware_reg,MATCHED,,
0x800a1804,ResetRCnt,sdk,MATCHED,,
0x800a182c,COUNTER_OBJ_160,game,TODO,,
0x800a1830,COUNTER_OBJ_164,game,TODO,,
0x800a183c,InitHeap3,sdk,MATCHED,,
0x800a1858,I_HEAP3_OBJ_1C,game,TODO,,
0x800a186c,I_HEAP3_OBJ_30,game,TODO,,
0x800a1894,I_HEAP3_OBJ_58,game,TODO,,
0x800a18ac,MALLOC3_OBJ_10,game,TODO,,
0x800a18b0,MALLOC3_OBJ_14,game,TODO,,
0x800a18d8,MALLOC3_OBJ_3C,game,TODO,,
0x800a1900,MALLOC3_OBJ_64,game,TODO,,
0x800a1910,MALLOC3_OBJ_74,game,TODO,,
0x800a1920,MALLOC3_OBJ_84,game,TODO,,
0x800a1940,MALLOC3_OBJ_A4,game,TODO,,
0x800a1944,MALLOC3_OBJ_A8,game,TODO,,
0x800a194c,free3,game,TODO,,
0x800a1964,FREE3_OBJ_18,game,TODO,,
0x800a1988,FREE3_OBJ_3C,game,TODO,,
0x800a1990,FREE3_OBJ_44,game,TODO,,
0x800a19ac,FREE3_OBJ_60,game,TODO,,
0x800a1a40,FREE3_OBJ_F4,game,TODO,,
0x800a1a4c,FREE3_OBJ_100,game,TODO,,
0x800a1a80,FREE3_OBJ_134,game,TODO,,
0x800a1a84,FREE3_OBJ_138,game,TODO,,
0x800a1a8c,FREE3_OBJ_140,game,TODO,,
0x800a1a9c,FUN_800a1a9c,unknown,TODO,,
0x800a1aec,_bu_init,game,TODO,,
0x800a1afc,MemCardStart,sdk,MATCHED,,
0x800a1b6c,MemCardStop,sdk,MATCHED,,
0x800a1b7c,LIBMCRD_OBJ_80,game,TODO,,
0x800a1bac,MemCardExist,sdk,MATCHED,,
0x800a1bf4,LIBMCRD_OBJ_F8,game,TODO,,
0x800a1c04,LIBMCRD_OBJ_108,game,TODO,,
0x800a1c14,LIBMCRD_OBJ_118,game,TODO,,
0x800a1c50,LIBMCRD_OBJ_154,game,TODO,,
0x800a1c68,LIBMCRD_OBJ_16C,game,TODO,,
0x800a1c7c,LIBMCRD_OBJ_180,game,TODO,,
0x800a1ccc,LIBMCRD_OBJ_1D0,game,TODO,,
0x800a1d14,LIBMCRD_OBJ_218,game,TODO,,
0x800a1d88,LIBMCRD_OBJ_28C,game,TODO,,
0x800a1db0,LIBMCRD_OBJ_2B4,game,TODO,,
0x800a1de8,LIBMCRD_OBJ_2EC,game,TODO,,
0x800a1e5c,LIBMCRD_OBJ_360,game,TODO,,
0x800a1e80,LIBMCRD_OBJ_384,game,TODO,,
0x800a1e88,LIBMCRD_OBJ_38C,game,TODO,,
0x800a1eb0,LIBMCRD_OBJ_3B4,game,TODO,,
0x800a1ef0,LIBMCRD_OBJ_3F4,game,TODO,,
0x800a1efc,LIBMCRD_OBJ_400,game,TODO,,
0x800a1f00,LIBMCRD_OBJ_404,game,TODO,,
0x800a1f14,MemCardAccept,sdk,MATCHED,,
0x800a1f5c,LIBMCRD_OBJ_460,game,TODO,,
0x800a1f6c,LIBMCRD_OBJ_470,game,TODO,,
0x800a1f7c,LIBMCRD_OBJ_480,game,TODO,,
0x800a2038,LIBMCRD_OBJ_53C,game,TODO,,
0x800a2078,LIBMCRD_OBJ_57C,game,TODO,,
0x800a210c,LIBMCRD_OBJ_610,game,TODO,,
0x800a2124,LIBMCRD_OBJ_628,game,TODO,,
0x800a213c,LIBMCRD_OBJ_640,game,TODO,,
0x800a2148,LIBMCRD_OBJ_64C,game,TODO,,
0x800a2150,LIBMCRD_OBJ_654,game,TODO,,
0x800a2170,LIBMCRD_OBJ_674,game,TODO,,
0x800a2178,LIBMCRD_OBJ_67C,game,TODO,,
0x800a219c,LIBMCRD_OBJ_6A0,game,TODO,,
0x800a227c,LIBMCRD_OBJ_780,game,TODO,,
0x800a22a4,LIBMCRD_OBJ_7A8,game,TODO,,
0x800a22a8,LIBMCRD_OBJ_7AC,game,TODO,,
0x800a22e4,LIBMCRD_OBJ_7E8,game,TODO,,
0x800a2308,LIBMCRD_OBJ_80C,game,TODO,,
0x800a234c,LIBMCRD_OBJ_850,game,TODO,,
0x800a2358,LIBMCRD_OBJ_85C,game,TODO,,
0x800a2364,LIBMCRD_OBJ_868,game,TODO,,
0x800a2388,LIBMCRD_OBJ_88C,game,TODO,,
0x800a23e0,LIBMCRD_OBJ_8E4,game,TODO,,
0x800a241c,LIBMCRD_OBJ_920,game,TODO,,
0x800a2438,LIBMCRD_OBJ_93C,game,TODO,,
0x800a2450,LIBMCRD_OBJ_954,game,TODO,,
0x800a2484,LIBMCRD_OBJ_988,game,TODO,,
0x800a248c,LIBMCRD_OBJ_990,game,TODO,,
0x800a2498,LIBMCRD_OBJ_99C,game,TODO,,
0x800a24a8,LIBMCRD_OBJ_9AC,game,TODO,,
0x800a24e4,LIBMCRD_OBJ_9E8,game,TODO,,
0x800a24f4,LIBMCRD_OBJ_9F8,game,TODO,,
0x800a2500,LIBMCRD_OBJ_A04,game,TODO,,
0x800a2508,LIBMCRD_OBJ_A0C,game,TODO,,
0x800a2538,LIBMCRD_OBJ_A3C,game,TODO,,
0x800a255c,LIBMCRD_OBJ_A60,game,TODO,,
0x800a25ac,LIBMCRD_OBJ_AB0,game,TODO,,
0x800a25b0,LIBMCRD_OBJ_AB4,game,TODO,,
0x800a25cc,LIBMCRD_OBJ_AD0,game,TODO,,
0x800a25d0,LIBMCRD_OBJ_AD4,game,TODO,,
0x800a2610,LIBMCRD_OBJ_B14,game,TODO,,
0x800a262c,LIBMCRD_OBJ_B30,game,TODO,,
0x800a2644,LIBMCRD_OBJ_B48,game,TODO,,
0x800a2678,LIBMCRD_OBJ_B7C,game,TODO,,
0x800a2680,LIBMCRD_OBJ_B84,game,TODO,,
0x800a268c,LIBMCRD_OBJ_B90,game,TODO,,
0x800a269c,LIBMCRD_OBJ_BA0,game,TODO,,
0x800a26d8,LIBMCRD_OBJ_BDC,hardware_reg,MATCHED,,
0x800a26e8,LIBMCRD_OBJ_BEC,hardware_reg,MATCHED,,
0x800a26f8,LIBMCRD_OBJ_BFC,hardware_reg,MATCHED,,
0x800a2748,LIBMCRD_OBJ_C4C,game,TODO,,
0x800a274c,LIBMCRD_OBJ_C50,game,TODO,,
0x800a2768,LIBMCRD_OBJ_C6C,game,TODO,,
0x800a2770,LIBMCRD_OBJ_C74,game,TODO,,
0x800a27a0,LIBMCRD_OBJ_CA4,game,TODO,,
0x800a27c0,LIBMCRD_OBJ_CC4,game,TODO,,
0x800a27c4,LIBMCRD_OBJ_CC8,game,TODO,,
0x800a27d8,MemCardReadFile,sdk,MATCHED,,
0x800a2830,LIBMCRD_OBJ_D34,game,TODO,,
0x800a284c,LIBMCRD_OBJ_D50,game,TODO,,
0x800a2860,LIBMCRD_OBJ_D64,game,TODO,,
0x800a28b4,LIBMCRD_OBJ_DB8,game,TODO,,
0x800a28bc,LIBMCRD_OBJ_DC0,game,TODO,,
0x800a28c8,LIBMCRD_OBJ_DCC,hardware_reg,MATCHED,,
0x800a28f0,LIBMCRD_OBJ_DF4,game,TODO,,
0x800a29dc,LIBMCRD_OBJ_EE0,game,TODO,,
0x800a2a14,LIBMCRD_OBJ_F18,game,TODO,,
0x800a2a1c,LIBMCRD_OBJ_F20,game,TODO,,
0x800a2a30,MemCardWriteFile,sdk,MATCHED,,
0x800a2a88,LIBMCRD_OBJ_F8C,game,TODO,,
0x800a2aa4,LIBMCRD_OBJ_FA8,game,TODO,,
0x800a2ab8,LIBMCRD_OBJ_FBC,hardware_reg,MATCHED,,
0x800a2b0c,LIBMCRD_OBJ_1010,game,TODO,,
0x800a2b14,LIBMCRD_OBJ_1018,game,TODO,,
0x800a2b20,LIBMCRD_OBJ_1024,game,TODO,,
0x800a2b48,LIBMCRD_OBJ_104C,game,TODO,,
0x800a2c34,LIBMCRD_OBJ_1138,game,TODO,,
0x800a2c6c,LIBMCRD_OBJ_1170,game,TODO,,
0x800a2c74,LIBMCRD_OBJ_1178,game,TODO,,
0x800a2c88,MemCardGetDirentry,sdk,MATCHED,,
0x800a2cf0,LIBMCRD_OBJ_11F4,game,TODO,,
0x800a2d4c,LIBMCRD_OBJ_1250,game,TODO,,
0x800a2d54,LIBMCRD_OBJ_1258,game,TODO,,
0x800a2dcc,LIBMCRD_OBJ_12D0,game,TODO,,
0x800a2df0,LIBMCRD_OBJ_12F4,game,TODO,,
0x800a2e18,LIBMCRD_OBJ_131C,game,TODO,,
0x800a2e24,LIBMCRD_OBJ_1328,game,TODO,,
0x800a2e2c,LIBMCRD_OBJ_1330,game,TODO,,
0x800a2e40,LIBMCRD_OBJ_1344,game,TODO,,
0x800a2e8c,LIBMCRD_OBJ_1390,game,TODO,,
0x800a2ea4,LIBMCRD_OBJ_13A8,game,TODO,,
0x800a2eb8,LIBMCRD_OBJ_13BC,game,TODO,,
0x800a2efc,MemCardSync,sdk,MATCHED,,
0x800a2f24,LIBMCRD_OBJ_1428,game,TODO,,
0x800a2f48,LIBMCRD_OBJ_144C,game,TODO,,
0x800a2f58,LIBMCRD_OBJ_145C,game,TODO,,
0x800a2f74,LIBMCRD_OBJ_1478,game,TODO,,
0x800a2f90,LIBMCRD_OBJ_1494,game,TODO,,
0x800a2fa4,LIBMCRD_OBJ_14A8,game,TODO,,
0x800a2fc0,LIBMCRD_OBJ_14C4,game,TODO,,
0x800a2fd0,LIBMCRD_OBJ_14D4,game,TODO,,
0x800a2fec,LIBMCRD_OBJ_14F0,game,TODO,,
0x800a3008,LIBMCRD_OBJ_150C,game,TODO,,
0x800a3010,LIBMCRD_OBJ_1514,game,TODO,,
0x800a3018,MemCardCreateFile,sdk,MATCHED,,
0x800a306c,LIBMCRD_OBJ_1570,game,TODO,,
0x800a30c0,LIBMCRD_OBJ_15C4,game,TODO,,
0x800a30c8,LIBMCRD_OBJ_15CC,game,TODO,,
0x800a30cc,LIBMCRD_OBJ_15D0,game,TODO,,
0x800a30d0,LIBMCRD_OBJ_15D4,game,TODO,,
0x800a310c,LIBMCRD_OBJ_1610,game,TODO,,
0x800a312c,LIBMCRD_OBJ_1630,game,TODO,,
0x800a314c,LIBMCRD_OBJ_1650,game,TODO,,
0x800a316c,LIBMCRD_OBJ_1670,game,TODO,,
0x800a317c,LIBMCRD_OBJ_1680,game,TODO,,
0x800a3190,LIBMCRD_OBJ_1694,game,TODO,,
0x800a31d0,LIBMCRD_OBJ_16D4,game,TODO,,
0x800a31dc,LIBMCRD_OBJ_16E0,game,TODO,,
0x800a31e8,LIBMCRD_OBJ_16EC,game,TODO,,
0x800a31f4,LIBMCRD_OBJ_16F8,game,TODO,,
0x800a3260,LIBMCRD_OBJ_1764,game,TODO,,
0x800a3298,LIBMCRD_OBJ_179C,game,TODO,,
0x800a32d4,LIBMCRD_OBJ_17D8,game,TODO,,
0x800a32f4,LIBMCRD_OBJ_17F8,game,TODO,,
0x800a3314,LIBMCRD_OBJ_1818,game,TODO,,
0x800a3334,LIBMCRD_OBJ_1838,game,TODO,,
0x800a3344,LIBMCRD_OBJ_1848,game,TODO,,
0x800a3358,LIBMCRD_OBJ_185C,game,TODO,,
0x800a3390,LIBMCRD_OBJ_1894,game,TODO,,
0x800a339c,LIBMCRD_OBJ_18A0,game,TODO,,
0x800a33a8,LIBMCRD_OBJ_18AC,game,TODO,,
0x800a33ac,LIBMCRD_OBJ_18B0,game,TODO,,
0x800a33c8,MemCardFormat,sdk,MATCHED,,
0x800a3400,LIBMCRD_OBJ_1904,game,TODO,,
0x800a3438,LIBMCRD_OBJ_193C,game,TODO,,
0x800a3450,LIBMCRD_OBJ_1954,game,TODO,,
0x800a346c,LIBMCRD_OBJ_1970,game,TODO,,
0x800a3474,LIBMCRD_OBJ_1978,game,TODO,,
0x800a34c0,LIBMCRD_OBJ_19C4,game,TODO,,
0x800a34c8,LIBMCRD_OBJ_19CC,game,TODO,,
0x800a34d4,LIBMCRD_OBJ_19D8,game,TODO,,
0x800a34e8,LIBMCRD_OBJ_19EC,game,TODO,,
0x800a3524,LIBMCRD_OBJ_1A28,game,TODO,,
0x800a3560,LIBMCRD_OBJ_1A64,game,TODO,,
0x800a3580,LIBMCRD_OBJ_1A84,game,TODO,,
0x800a3584,LIBMCRD_OBJ_1A88,game,TODO,,
0x800a358c,LIBMCRD_OBJ_1A90,game,TODO,,
0x800a3600,LIBMCRD_OBJ_1B04,game,TODO,,
0x800a3674,LIBMCRD_OBJ_1B78,game,TODO,,
0x800a36f4,STRCAT_OBJ_58,game,TODO,,
0x800a3704,STRCAT_OBJ_68,game,TODO,,
0x800a3708,STRCAT_OBJ_6C,game,TODO,,
0x800a3724,STRCAT_OBJ_88,game,TODO,,
0x800a3728,STRCAT_OBJ_8C,game,TODO,,
0x800a375c,lseek,game,TODO,,
0x800a376c,read,game,TODO,,
0x800a378c,nextfile,sdk,MATCHED,,
0x800a379c,erase,sdk,MATCHED,,
0x800a37ac,firstfile,sdk,MATCHED,,
0x800a37e4,FIRST_OBJ_38,game,TODO,,
0x800a3804,FIRST_OBJ_58,game,TODO,,
0x800a3844,FIRST_OBJ_98,game,TODO,,
0x800a3868,FIRST_OBJ_BC,hardware_reg,MATCHED,,
0x800a3878,FIRST_OBJ_CC,hardware_reg,MATCHED,,
0x800a387c,FIRST_OBJ_D0,game,TODO,,
0x800a388c,FIRST_OBJ_E0,game,TODO,,
0x800a38a0,FIRST_OBJ_F4,game,TODO,,
0x800a38b0,FIRST_OBJ_104,game,TODO,,
0x800a38ec,FIRST_OBJ_140,game,TODO,,
0x800a3910,FIRST_OBJ_164,game,TODO,,
0x800a3920,FIRST_OBJ_174,game,TODO,,
0x800a3924,FIRST_OBJ_178,game,TODO,,
0x800a392c,FIRST_OBJ_180,game,TODO,,
0x800a3948,FIRST_OBJ_19C,game,TODO,,
0x800a3988,FIRST_OBJ_1DC,game,TODO,,
0x800a39cc,FIRST_OBJ_220,game,TODO,,
0x800a39f8,FIRST_OBJ_24C,game,TODO,,
0x800a3a08,FIRST_OBJ_25C,game,TODO,,
0x800a3a0c,FIRST_OBJ_260,game,TODO,,
0x800a3a4c,firstfile2,sdk,MATCHED,,
0x800a3a5c,UserFuncInit,sdk,MATCHED,,
0x800a3a9c,USERFUNC_OBJ_40,game,TODO,,
0x800a3ac8,USERFUNC_OBJ_6C,game,TODO,,
0x800a3ad8,USERFUNC_OBJ_7C,game,TODO,,
0x800a3ae8,UserFuncExecute,sdk,MATCHED,,
0x800a3b44,USERFUNC_OBJ_E8,game,TODO,,
0x800a3b54,UserFuncComplete,sdk,MATCHED,,
0x800a3b6c,funcEvSpIOE,sdk,MATCHED,,
0x800a3b80,funcEvSpError,sdk,MATCHED,,
0x800a3b94,funcEvSpTimeout,sdk,MATCHED,,
0x800a3ba8,funcEvSpNewcard,sdk,MATCHED,,
0x800a3bbc,funcEvSpIOEx,sdk,MATCHED,,
0x800a3bd0,funcEvSpErrorx,sdk,MATCHED,,
0x800a3be4,funcEvSpTimeoutx,sdk,MATCHED,,
0x800a3bf8,funcEvSpNewcardx,sdk,MATCHED,,
0x800a3c3c,_card_start,sdk,MATCHED,,
0x800a3e08,BIOS_OBJ_29C,game,TODO,,
0x800a3e38,_card_stop,sdk,MATCHED,,
0x800a3edc,BIOS_OBJ_370,game,TODO,,
0x800a4000,BIOS_OBJ_494,game,TODO,,
0x800a40d8,BIOS_OBJ_56C,game,TODO,,
0x800a41e0,_chk_card_event_x,sdk,MATCHED,,
0x800a422c,_card_info,sdk,MATCHED,,
0x800a423c,_card_load,sdk,MATCHED,,
0x800a424c,_card_write,sdk,MATCHED,,
0x800a425c,_new_card,sdk,MATCHED,,
0x800a426c,_card_clear,sdk,MATCHED,,
0x800a42ac,FUN_800a42ac,unknown,TODO,,
0x800a42e0,LAB_800a42e0,game,TODO,,
0x800a4318,FUN_800a4318,unknown,TODO,,
0x800a4350,FUN_800a4350,unknown,TODO,,
0x800a4388,ReadInitPadFlag,game,TODO,,
0x800a4520,PAD_OBJ_1A4,sdk,MATCHED,,
0x800a4598,PAD_OBJ_21C,sdk,MATCHED,,
0x800a45d0,PAD_OBJ_254,sdk,MATCHED,,
0x800a460c,PAD_OBJ_290,sdk,MATCHED,,
0x800a462c,PAD_OBJ_2B0,sdk,MATCHED,,
0x800a4638,PAD_OBJ_2BC,sdk,MATCHED,,
0x800a4670,PAD_OBJ_2F4,sdk,MATCHED,,
0x800a467c,InitPAD2,sdk,MATCHED,,
0x800a468c,StartPAD2,sdk,MATCHED,,
0x800a469c,StopPAD2,sdk,MATCHED,,
0x800a46ac,PAD_init2,sdk,MATCHED,,
0x800a46bc,SysEnqIntRP,game,TODO,,
0x800a46cc,SysDeqIntRP,game,TODO,,
0x800a46dc,EnablePAD,sdk,MATCHED,,
0x800a46f0,DisablePAD,sdk,MATCHED,,
0x800a4704,_patch_pad,sdk,MATCHED,,
0x800a4744,PATCH_OBJ_68,game,TODO,,
0x800a477c,_remove_ChgclrPAD,game,TODO,,
0x800a47ac,CHCLRPAD_OBJ_30,game,TODO,,
0x800a47ec,InitCARD2,sdk,MATCHED,,
0x800a47fc,StartCARD2,sdk,MATCHED,,
0x800a480c,StopCARD2,sdk,MATCHED,,
0x800a481c,PATCH_OBJ_0,game,TODO,,
0x800a4820,DAT_800a4820,game,TODO,,
0x800a4834,PATCH_OBJ_18,game,TODO,,
0x800a485c,PATCH_OBJ_40,game,TODO,,
0x800a488c,PATCH_OBJ_70,game,TODO,,
0x800a4890,DAT_800a4890,game,TODO,,
0x800a48a0,PATCH_OBJ_84,game,TODO,,
0x800a48a4,DAT_800a48a4,game,TODO,,
0x800a48b4,_patch_card,sdk,MATCHED,,
0x800a4910,PATCH_OBJ_F4,game,TODO,,
0x800a4948,_patch_card2,sdk,MATCHED,,
0x800a4984,PATCH_OBJ_168,game,TODO,,
0x800a49b8,_copy_memcard_patch,game,TODO,,
0x800a49cc,PATCH_OBJ_1B0,game,TODO,,
0x800a49ec,FUN_800a49ec,unknown,TODO,,
0x800a4a20,LAB_800a4a20,game,TODO,,
0x800a4a5c,DAT_800a4a5c,game,TODO,,
0x800a4a60,DAT_800a4a60,game,TODO,,
0x800a4a6c,FORMAT_OBJ_0,game,TODO,,
0x800a4aa8,FORMAT_OBJ_3C,game,TODO,,
0x800a4acc,FORMAT_OBJ_60,game,TODO,,
0x800a4af8,FORMAT_OBJ_8C,game,TODO,,
0x800a4b48,FORMAT_OBJ_DC,hardware_reg,MATCHED,,
0x800a4b5c,FORMAT_OBJ_F0,game,TODO,,
0x800a4b64,FORMAT_OBJ_F8,game,TODO,,
0x800a4b8c,FORMAT_OBJ_120,game,TODO,,
0x800a4bb0,_card_format,sdk,MATCHED,,
0x800a4c04,FORMAT_OBJ_198,game,TODO,,
0x800a4d08,FORMAT_OBJ_29C,game,TODO,,
0x800a4d4c,FORMAT_OBJ_2E0,game,TODO,,
0x800a4d8c,FORMAT_OBJ_320,game,TODO,,
0x800a4dbc,_card_read,sdk,MATCHED,,
0x800a4dcc,_card_status,sdk,MATCHED,,
0x800a4ddc,DecDCTReset,sdk,MATCHED,,
0x800a4df8,LIBPRESS_OBJ_1C,game,TODO,,
0x800a4e24,LIBPRESS_OBJ_48,game,TODO,,
0x800a4e50,LIBPRESS_OBJ_74,game,TODO,,
0x800a4e7c,LIBPRESS_OBJ_A0,game,TODO,,
0x800a4ebc,LIBPRESS_OBJ_E0,game,TODO,,
0x800a4ee8,LIBPRESS_OBJ_10C,game,TODO,,
0x800a4f40,DecDCTin,sdk,MATCHED,,
0x800a4f64,LIBPRESS_OBJ_188,game,TODO,,
0x800a4f70,LIBPRESS_OBJ_194,game,TODO,,
0x800a4f8c,LIBPRESS_OBJ_1B0,game,TODO,,
0x800a4f9c,LIBPRESS_OBJ_1C0,game,TODO,,
0x800a4fbc,DecDCTout,sdk,MATCHED,,
0x800a4ff8,LIBPRESS_OBJ_21C,game,TODO,,
0x800a5008,LIBPRESS_OBJ_22C,game,TODO,,
0x800a5034,LIBPRESS_OBJ_258,game,TODO,,
0x800a5044,LIBPRESS_OBJ_268,game,TODO,,
0x800a5078,DecDCToutCallback,sdk,MATCHED,,
0x800a509c,LIBPRESS_OBJ_2C0,game,TODO,,
0x800a50c0,LIBPRESS_OBJ_2E4,game,TODO,,
0x800a5120,LIBPRESS_OBJ_344,game,TODO,,
0x800a5170,LIBPRESS_OBJ_394,game,TODO,,
0x800a517c,LIBPRESS_OBJ_3A0,game,TODO,,
0x800a518c,LIBPRESS_OBJ_3B0,game,TODO,,
0x800a521c,LIBPRESS_OBJ_440,game,TODO,,
0x800a52a8,LIBPRESS_OBJ_4CC,game,TODO,,
0x800a52d8,LIBPRESS_OBJ_4FC,game,TODO,,
0x800a530c,LIBPRESS_OBJ_530,game,TODO,,
0x800a532c,LIBPRESS_OBJ_550,game,TODO,,
0x800a533c,LIBPRESS_OBJ_560,game,TODO,,
0x800a536c,LIBPRESS_OBJ_590,game,TODO,,
0x800a53a0,LIBPRESS_OBJ_5C4,game,TODO,,
0x800a53c0,LIBPRESS_OBJ_5E4,game,TODO,,
0x800a53d0,LIBPRESS_OBJ_5F4,game,TODO,,
0x800a53e8,LIBPRESS_OBJ_60C,game,TODO,,
0x800a548c,VLC_C_OBJ_20,game,TODO,,
0x800a549c,DecDCTvlc2,sdk,MATCHED,,
0x800a54f0,VLC_C_OBJ_84,game,TODO,,
0x800a552c,VLC_C_OBJ_C0,game,TODO,,
0x800a5560,VLC_C_OBJ_F4,game,TODO,,
0x800a5584,VLC_C_OBJ_118,game,TODO,,
0x800a55c4,VLC_C_OBJ_158,game,TODO,,
0x800a55c8,VLC_C_OBJ_15C,game,TODO,,
0x800a55e8,VLC_C_OBJ_17C,game,TODO,,
0x800a5608,VLC_C_OBJ_19C,game,TODO,,
0x800a5610,VLC_C_OBJ_1A4,game,TODO,,
0x800a5614,VLC_C_OBJ_1A8,game,TODO,,
0x800a5638,VLC_C_OBJ_1CC,game,TODO,,
0x800a5668,VLC_C_OBJ_1FC,game,TODO,,
0x800a5670,VLC_C_OBJ_204,game,TODO,,
0x800a567c,VLC_C_OBJ_210,game,TODO,,
0x800a56bc,VLC_C_OBJ_250,game,TODO,,
0x800a56d8,VLC_C_OBJ_26C,game,TODO,,
0x800a56dc,VLC_C_OBJ_270,game,TODO,,
0x800a5700,VLC_C_OBJ_294,game,TODO,,
0x800a5760,VLC_C_OBJ_2F4,game,TODO,,
0x800a5784,VLC_C_OBJ_318,game,TODO,,
0x800a5794,VLC_C_OBJ_328,game,TODO,,
0x800a57ac,VLC_C_OBJ_340,game,TODO,,
0x800a57b4,VLC_C_OBJ_348,game,TODO,,
0x800a57ec,DecDCTvlcBuild,sdk,MATCHED,,
0x800a580c,BUILD_OBJ_20,game,TODO,,
0x800a5834,BUILD_OBJ_48,game,TODO,,
0x800a5854,BUILD_OBJ_68,game,TODO,,
0x800a585c,BUILD_OBJ_70,game,TODO,,
0x800a587c,BUILD_OBJ_90,game,TODO,,
0x800a5898,BUILD_OBJ_AC,hardware_reg,MATCHED,,
0x800a58a8,BUILD_OBJ_BC,hardware_reg,MATCHED,,
0x800a58dc,StSetRing,game,TODO,,
0x800a590c,CdGetToc,sdk,MATCHED,,
0x800a5930,CdGetToc2,sdk,MATCHED,,
0x800a59e8,TOC_OBJ_DC,hardware_reg,MATCHED,,
0x800a5a34,TOC_OBJ_128,game,TODO,,
0x800a5aa4,TOC_OBJ_198,game,TODO,,
0x800a5ac8,TOC_OBJ_1BC,game,TODO,,
0x800a5af0,TOC_OBJ_1E4,game,TODO,,
0x800a5b00,TOC_OBJ_1F4,game,TODO,,
0x800a5b20,TOC_OBJ_214,game,TODO,,
0x800a5b2c,TOC_OBJ_220,game,TODO,,
0x800a5b5c,CdInit,sdk,MATCHED,,
0x800a5b6c,EVENT_OBJ_10,game,TODO,,
0x800a5bbc,EVENT_OBJ_60,game,TODO,,
0x800a5bdc,EVENT_OBJ_80,game,TODO,,
0x800a5bec,EVENT_OBJ_90,game,TODO,,
0x800a5c14,EVENT_OBJ_B8,game,TODO,,
0x800a5c18,EVENT_OBJ_BC,hardware_reg,MATCHED,,
0x800a5c28,EVENT_OBJ_CC,hardware_reg,MATCHED,,
0x800a5c50,EVENT_OBJ_F4,game,TODO,,
0x800a5c78,EVENT_OBJ_11C,game,TODO,,
0x800a5cac,CdStatus,sdk,MATCHED,,
0x800a5cbc,CdMode,sdk,MATCHED,,
0x800a5cdc,CdLastPos,sdk,MATCHED,,
0x800a5ce8,CdReset,sdk,MATCHED,,
0x800a5d10,SYS_OBJ_64,game,TODO,,
0x800a5d44,SYS_OBJ_98,game,TODO,,
0x800a5d54,CdFlush,sdk,MATCHED,,
0x800a5dac,SYS_OBJ_100,game,TODO,,
0x800a5db4,SYS_OBJ_108,game,TODO,,
0x800a5de0,SYS_OBJ_134,game,TODO,,
0x800a5de8,SYS_OBJ_13C,game,TODO,,
0x800a5df0,CdSync,sdk,MATCHED,,
0x800a5e10,CdReady,sdk,MATCHED,,
0x800a5eb8,SYS_OBJ_20C,game,TODO,,
0x800a5ef4,SYS_OBJ_248,game,TODO,,
0x800a5f24,SYS_OBJ_278,game,TODO,,
0x800a5f48,SYS_OBJ_29C,game,TODO,,
0x800a5f64,SYS_OBJ_2B8,game,TODO,,
0x800a5ff4,SYS_OBJ_348,game,TODO,,
0x800a6028,SYS_OBJ_37C,game,TODO,,
0x800a6058,SYS_OBJ_3AC,game,TODO,,
0x800a607c,SYS_OBJ_3D0,game,TODO,,
0x800a6098,SYS_OBJ_3EC,game,TODO,,
0x800a6128,SYS_OBJ_47C,game,TODO,,
0x800a615c,SYS_OBJ_4B0,game,TODO,,
0x800a618c,SYS_OBJ_4E0,game,TODO,,
0x800a61b0,SYS_OBJ_504,game,TODO,,
0x800a61c4,SYS_OBJ_518,game,TODO,,
0x800a61e0,SYS_OBJ_534,game,TODO,,
0x800a61e4,SYS_OBJ_538,game,TODO,,
0x800a6214,CdMix,sdk,MATCHED,,
0x800a6234,CdGetSector,sdk,MATCHED,,
0x800a6254,CdGetSector2,sdk,MATCHED,,
0x800a6298,CdDataSync,sdk,MATCHED,,
0x800a62b8,CdIntToPos,sdk,MATCHED,,
0x800a63bc,CdPosToInt,sdk,MATCHED,,
0x800a643c,BIOS_OBJ_0,game,TODO,,
0x800a6490,BIOS_OBJ_54,game,TODO,,
0x800a64a0,BIOS_OBJ_64,game,TODO,,
0x800a64b8,BIOS_OBJ_7C,game,TODO,,
0x800a64fc,BIOS_OBJ_C0,game,TODO,,
0x800a6510,BIOS_OBJ_D4,game,TODO,,
0x800a6524,BIOS_OBJ_E8,game,TODO,,
0x800a658c,BIOS_OBJ_150,game,TODO,,
0x800a65d0,BIOS_OBJ_194,game,TODO,,
0x800a65f0,BIOS_OBJ_1B4,game,TODO,,
0x800a6668,BIOS_OBJ_22C,game,TODO,,
0x800a66c4,BIOS_OBJ_288,game,TODO,,
0x800a66e4,BIOS_OBJ_2A8,game,TODO,,
0x800a6730,BIOS_OBJ_2F4,game,TODO,,
0x800a6748,BIOS_OBJ_30C,game,TODO,,
0x800a6750,BIOS_OBJ_314,game,TODO,,
0x800a6778,BIOS_OBJ_33C,game,TODO,,
0x800a67a4,BIOS_OBJ_368,game,TODO,,
0x800a67c4,BIOS_OBJ_388,game,TODO,,
0x800a67dc,BIOS_OBJ_3A0,game,TODO,,
0x800a67f8,BIOS_OBJ_3BC,game,TODO,,
0x800a6804,BIOS_OBJ_3C8,game,TODO,,
0x800a6828,BIOS_OBJ_3EC,game,TODO,,
0x800a6840,BIOS_OBJ_404,game,TODO,,
0x800a6894,BIOS_OBJ_458,game,TODO,,
0x800a68ac,BIOS_OBJ_470,game,TODO,,
0x800a68c4,BIOS_OBJ_488,game,TODO,,
0x800a68dc,BIOS_OBJ_4A0,game,TODO,,
0x800a6914,BIOS_OBJ_4D8,game,TODO,,
0x800a692c,BIOS_OBJ_4F0,game,TODO,,
0x800a6944,BIOS_OBJ_508,game,TODO,,
0x800a695c,BIOS_OBJ_520,game,TODO,,
0x800a6980,BIOS_OBJ_544,game,TODO,,
0x800a6998,CD_sync,sdk,MATCHED,,
0x800a6a18,BIOS_OBJ_5DC,game,TODO,,
0x800a6a64,BIOS_OBJ_628,game,TODO,,
0x800a6acc,BIOS_OBJ_690,game,TODO,,
0x800a6ad0,BIOS_OBJ_694,game,TODO,,
0x800a6b00,BIOS_OBJ_6C4,game,TODO,,
0x800a6b40,BIOS_OBJ_704,game,TODO,,
0x800a6b44,BIOS_OBJ_708,game,TODO,,
0x800a6b78,BIOS_OBJ_73C,game,TODO,,
0x800a6b88,BIOS_OBJ_74C,game,TODO,,
0x800a6ba4,BIOS_OBJ_768,game,TODO,,
0x800a6bc0,BIOS_OBJ_784,game,TODO,,
0x800a6bd8,BIOS_OBJ_79C,game,TODO,,
0x800a6be0,BIOS_OBJ_7A4,game,TODO,,
0x800a6be8,BIOS_OBJ_7AC,game,TODO,,
0x800a6c18,CD_ready,sdk,MATCHED,,
0x800a6c98,BIOS_OBJ_85C,game,TODO,,
0x800a6ce4,BIOS_OBJ_8A8,game,TODO,,
0x800a6d4c,BIOS_OBJ_910,game,TODO,,
0x800a6d50,BIOS_OBJ_914,game,TODO,,
0x800a6d80,BIOS_OBJ_944,game,TODO,,
0x800a6dc0,BIOS_OBJ_984,game,TODO,,
0x800a6dc4,BIOS_OBJ_988,game,TODO,,
0x800a6df8,BIOS_OBJ_9BC,game,TODO,,
0x800a6e08,BIOS_OBJ_9CC,game,TODO,,
0x800a6e38,BIOS_OBJ_9FC,game,TODO,,
0x800a6e58,BIOS_OBJ_A1C,game,TODO,,
0x800a6e88,BIOS_OBJ_A4C,game,TODO,,
0x800a6ea0,BIOS_OBJ_A64,game,TODO,,
0x800a6ea8,BIOS_OBJ_A6C,game,TODO,,
0x800a6eb0,BIOS_OBJ_A74,game,TODO,,
0x800a6f44,BIOS_OBJ_B08,game,TODO,,
0x800a6fa0,BIOS_OBJ_B64,game,TODO,,
0x800a6fc0,BIOS_OBJ_B84,game,TODO,,
0x800a6fe8,BIOS_OBJ_BAC,hardware_reg,MATCHED,,
0x800a6ffc,BIOS_OBJ_BC0,game,TODO,,
0x800a7028,BIOS_OBJ_BEC,hardware_reg,MATCHED,,
0x800a7058,BIOS_OBJ_C1C,game,TODO,,
0x800a7080,BIOS_OBJ_C44,game,TODO,,
0x800a70f4,BIOS_OBJ_CB8,game,TODO,,
0x800a7140,BIOS_OBJ_D04,game,TODO,,
0x800a71a8,BIOS_OBJ_D6C,game,TODO,,
0x800a71ac,BIOS_OBJ_D70,game,TODO,,
0x800a71dc,BIOS_OBJ_DA0,game,TODO,,
0x800a721c,BIOS_OBJ_DE0,game,TODO,,
0x800a7220,BIOS_OBJ_DE4,game,TODO,,
0x800a7254,BIOS_OBJ_E18,game,TODO,,
0x800a7264,BIOS_OBJ_E28,game,TODO,,
0x800a7274,BIOS_OBJ_E38,game,TODO,,
0x800a7288,BIOS_OBJ_E4C,game,TODO,,
0x800a72a0,BIOS_OBJ_E64,game,TODO,,
0x800a72c4,BIOS_OBJ_E88,game,TODO,,
0x800a72ec,CD_vol,sdk,MATCHED,,
0x800a7374,CD_flush,sdk,MATCHED,,
0x800a73a8,BIOS_OBJ_F6C,game,TODO,,
0x800a73f8,BIOS_OBJ_FBC,hardware_reg,MATCHED,,
0x800a7448,CD_initvol,game,TODO,,
0x800a7484,BIOS_OBJ_1048,game,TODO,,
0x800a7488,BIOS_OBJ_104C,game,TODO,,
0x800a7538,CD_initintr,sdk,MATCHED,,
0x800a7584,CD_init,game,TODO,,
0x800a7628,BIOS_OBJ_11EC,game,TODO,,
0x800a7678,BIOS_OBJ_123C,game,TODO,,
0x800a76f8,BIOS_OBJ_12BC,game,TODO,,
0x800a7750,BIOS_OBJ_1314,game,TODO,,
0x800a7754,BIOS_OBJ_1318,game,TODO,,
0x800a7764,CD_datasync,sdk,MATCHED,,
0x800a77cc,BIOS_OBJ_1390,game,TODO,,
0x800a7810,BIOS_OBJ_13D4,game,TODO,,
0x800a7878,BIOS_OBJ_143C,game,TODO,,
0x800a787c,BIOS_OBJ_1440,game,TODO,,
0x800a78ac,BIOS_OBJ_1470,game,TODO,,
0x800a78cc,CD_getsector,sdk,MATCHED,,
0x800a7958,BIOS_OBJ_151C,game,TODO,,
0x800a79a0,BIOS_OBJ_1564,game,TODO,,
0x800a79b4,BIOS_OBJ_1578,game,TODO,,
0x800a79cc,CD_getsector2,sdk,MATCHED,,
0x800a7a6c,BIOS_OBJ_1630,game,TODO,,
0x800a7a80,BIOS_OBJ_1644,game,TODO,,
0x800a7ac4,BIOS_OBJ_1688,game,TODO,,
0x800a7af8,BIOS_OBJ_16BC,game,TODO,,
0x800a7b38,BIOS_OBJ_16FC,game,TODO,,
0x800a7b3c,BIOS_OBJ_1700,game,TODO,,
0x800a7b70,BIOS_OBJ_1734,game,TODO,,
0x800a7b9c,CDREAD_OBJ_0,game,TODO,,
0x800a7bd0,CDREAD_OBJ_34,game,TODO,,
0x800a7c68,CDREAD_OBJ_CC,hardware_reg,MATCHED,,
0x800a7c70,CDREAD_OBJ_D4,game,TODO,,
0x800a7ca8,CDREAD_OBJ_10C,game,TODO,,
0x800a7ce0,CDREAD_OBJ_144,game,TODO,,
0x800a7d34,CDREAD_OBJ_198,game,TODO,,
0x800a7d38,CDREAD_OBJ_19C,game,TODO,,
0x800a7d64,CDREAD_OBJ_1C8,game,TODO,,
0x800a7d88,CDREAD_OBJ_1EC,game,TODO,,
0x800a7db8,CDREAD_OBJ_21C,game,TODO,,
0x800a7de8,CDREAD_OBJ_24C,game,TODO,,
0x800a7e28,CDREAD_OBJ_28C,game,TODO,,
0x800a7e30,CDREAD_OBJ_294,game,TODO,,
0x800a7e44,CDREAD_OBJ_2A8,game,TODO,,
0x800a7ecc,CDREAD_OBJ_330,game,TODO,,
0x800a7f04,CDREAD_OBJ_368,game,TODO,,
0x800a7f14,CDREAD_OBJ_378,game,TODO,,
0x800a7f5c,CDREAD_OBJ_3C0,game,TODO,,
0x800a7f94,CDREAD_OBJ_3F8,game,TODO,,
0x800a7fc4,CDREAD_OBJ_428,game,TODO,,
0x800a8008,CDREAD_OBJ_46C,game,TODO,,
0x800a803c,CDREAD_OBJ_4A0,game,TODO,,
0x800a8050,CDREAD_OBJ_4B4,game,TODO,,
0x800a806c,CDREAD_OBJ_4D0,game,TODO,,
0x800a80bc,CDREAD_OBJ_520,game,TODO,,
0x800a80e4,CDREAD_OBJ_548,game,TODO,,
0x800a8124,CDREAD_OBJ_588,game,TODO,,
0x800a8148,CDREAD_OBJ_5AC,game,TODO,,
0x800a8168,CDREAD_OBJ_5CC,game,TODO,,
0x800a8188,CDREAD_OBJ_5EC,game,TODO,,
0x800a81a4,CDREAD_OBJ_608,game,TODO,,
0x800a81cc,CDREAD_OBJ_630,game,TODO,,
0x800a81d0,CDREAD_OBJ_634,game,TODO,,
0x800a8210,CDREAD_OBJ_674,game,TODO,,
0x800a8260,CDREAD_OBJ_6C4,game,TODO,,
0x800a8288,CDREAD_OBJ_6EC,game,TODO,,
0x800a829c,CdRead,sdk,MATCHED,,
0x800a82f0,CDREAD_OBJ_754,game,TODO,,
0x800a8318,CDREAD_OBJ_77C,game,TODO,,
0x800a8348,CDREAD_OBJ_7AC,game,TODO,,
0x800a8368,CDREAD_OBJ_7CC,game,TODO,,
0x800a8374,CDREAD_OBJ_7D8,game,TODO,,
0x800a8380,CDREAD_OBJ_7E4,game,TODO,,
0x800a838c,CDREAD_OBJ_7F0,game,TODO,,
0x800a83e0,CDREAD_OBJ_844,game,TODO,,
0x800a840c,CDREAD_OBJ_870,game,TODO,,
0x800a8438,CdReadSync,sdk,MATCHED,,
0x800a8468,CDREAD_OBJ_8CC,game,TODO,,
0x800a84b8,CDREAD_OBJ_91C,game,TODO,,
0x800a84cc,CDREAD_OBJ_930,game,TODO,,
0x800a84d0,CDREAD_OBJ_934,game,TODO,,
0x800a84f0,CDREAD_OBJ_954,game,TODO,,
0x800a84f8,CDREAD_OBJ_95C,game,TODO,,
0x800a851c,CDREAD_OBJ_980,game,TODO,,
0x800a856c,CdRead2,sdk,MATCHED,,
0x800a85b0,CDREAD2_OBJ_44,game,TODO,,
0x800a85b8,CDREAD2_OBJ_4C,game,TODO,,
0x800a85d0,CDREAD2_OBJ_64,game,TODO,,
0x800a85f0,CDREAD2_OBJ_84,game,TODO,,
0x800a861c,StClearRing,sdk,MATCHED,,
0x800a867c,FUN_800a867c,unknown,TODO,,
0x800a86b8,LAB_800a86b8,game,TODO,,
0x800a86c8,LAB_800a86c8,game,TODO,,
0x800a8710,DsReadyCallback,sdk,MATCHED,,
0x800a8738,DsDataCallback,sdk,MATCHED,,
0x800a875c,data_ready_callback,game,TODO,,
0x800a87d0,C_004_OBJ_74,game,TODO,,
0x800a87e8,StGetBackloc,game,TODO,,
0x800a882c,C_004_OBJ_D0,game,TODO,,
0x800a8830,C_004_OBJ_D4,game,TODO,,
0x800a884c,StSetStream,game,TODO,,
0x800a88dc,StFreeRing,game,TODO,,
0x800a894c,C_007_OBJ_70,game,TODO,,
0x800a8970,C_007_OBJ_94,game,TODO,,
0x800a8980,C_007_OBJ_A4,game,TODO,,
0x800a898c,init_ring_status,sdk,MATCHED,,
0x800a8994,C_008_OBJ_8,game,TODO,,
0x800a89b8,C_008_OBJ_2C,game,TODO,,
0x800a89cc,StGetNext,game,TODO,,
0x800a8a10,C_009_OBJ_44,game,TODO,,
0x800a8a28,C_009_OBJ_5C,game,TODO,,
0x800a8a7c,C_009_OBJ_B0,game,TODO,,
0x800a8a8c,FUN_800a8a8c,unknown,TODO,,
0x800a8aac,StCdInterrupt,sdk,MATCHED,,
0x800a8b24,C_011_OBJ_78,game,TODO,,
0x800a8b30,C_011_OBJ_84,game,TODO,,
0x800a8b74,C_011_OBJ_C8,game,TODO,,
0x800a8bd4,C_011_OBJ_128,game,TODO,,
0x800a8be0,C_011_OBJ_134,game,TODO,,
0x800a8c58,C_011_OBJ_1AC,game,TODO,,
0x800a8c8c,C_011_OBJ_1E0,game,TODO,,
0x800a8ca0,C_011_OBJ_1F4,game,TODO,,
0x800a8ce0,C_011_OBJ_234,game,TODO,,
0x800a8d04,C_011_OBJ_258,game,TODO,,
0x800a8d28,C_011_OBJ_27C,game,TODO,,
0x800a8d3c,C_011_OBJ_290,game,TODO,,
0x800a8df4,C_011_OBJ_348,game,TODO,,
0x800a8dfc,C_011_OBJ_350,game,TODO,,
0x800a8e34,C_011_OBJ_388,game,TODO,,
0x800a8e54,C_011_OBJ_3A8,game,TODO,,
0x800a8e58,C_011_OBJ_3AC,game,TODO,,
0x800a8e74,C_011_OBJ_3C8,game,TODO,,
0x800a8eb0,C_011_OBJ_404,game,TODO,,
0x800a8f24,C_011_OBJ_478,game,TODO,,
0x800a8f30,C_011_OBJ_484,game,TODO,,
0x800a8fe0,C_011_OBJ_534,game,TODO,,
0x800a9010,C_011_OBJ_564,game,TODO,,
0x800a901c,C_011_OBJ_570,game,TODO,,
0x800a9084,C_011_OBJ_5D8,game,TODO,,
0x800a90b4,C_011_OBJ_608,game,TODO,,
0x800a90c0,C_011_OBJ_614,game,TODO,,
0x800a9110,C_011_OBJ_664,game,TODO,,
0x800a911c,C_011_OBJ_670,game,TODO,,
0x800a913c,C_011_OBJ_690,game,TODO,,
0x800a9168,C_011_OBJ_6BC,game,TODO,,
0x800a917c,C_011_OBJ_6D0,game,TODO,,
0x800a9208,C_011_OBJ_75C,game,TODO,,
0x800a9224,C_011_OBJ_778,game,TODO,,
0x800a929c,C_011_OBJ_7F0,game,TODO,,
0x800a92c0,C_011_OBJ_814,game,TODO,,
0x800a92e4,C_011_OBJ_838,game,TODO,,
0x800a9338,C_011_OBJ_88C,game,TODO,,
0x800a935c,C_011_OBJ_8B0,game,TODO,,
0x800a93c8,C_011_OBJ_91C,game,TODO,,
0x800a93d0,C_011_OBJ_924,game,TODO,,
0x800a93ec,C_011_OBJ_940,game,TODO,,
0x800a93f4,C_011_OBJ_948,game,TODO,,
0x800a9448,C_011_OBJ_99C,game,TODO,,
0x800a946c,C_011_OBJ_9C0,game,TODO,,
0x800a9470,C_011_OBJ_9C4,game,TODO,,
0x800a9494,C_011_OBJ_9E8,game,TODO,,
0x800a94b4,C_011_OBJ_A08,game,TODO,,
0x800a94cc,C_011_OBJ_A20,game,TODO,,
0x800a9550,C_011_OBJ_AA4,game,TODO,,
0x800a9564,C_011_OBJ_AB8,game,TODO,,
0x800a95bc,PadStartCom,game,TODO,,
0x800a9618,PADENTRY_OBJ_7C,sdk,MATCHED,,
0x800a9640,PADENTRY_OBJ_A4,sdk,MATCHED,,
0x800a9648,PadGetState,game,TODO,,
0x800a96a4,PADENTRY_OBJ_108,sdk,MATCHED,,
0x800a96bc,PADENTRY_OBJ_120,sdk,MATCHED,,
0x800a96e4,PADENTRY_OBJ_148,sdk,MATCHED,,
0x800a96f8,PADENTRY_OBJ_15C,sdk,MATCHED,,
0x800a9700,PADENTRY_OBJ_164,sdk,MATCHED,,
0x800a9704,PADENTRY_OBJ_168,sdk,MATCHED,,
0x800a9768,PADENTRY_OBJ_1CC,sdk,MATCHED,,
0x800a9784,PADENTRY_OBJ_1E8,sdk,MATCHED,,
0x800a9790,PADENTRY_OBJ_1F4,sdk,MATCHED,,
0x800a979c,PADENTRY_OBJ_200,sdk,MATCHED,,
0x800a97a8,PADENTRY_OBJ_20C,sdk,MATCHED,,
0x800a97bc,PADENTRY_OBJ_220,sdk,MATCHED,,
0x800a97e8,PADENTRY_OBJ_24C,sdk,MATCHED,,
0x800a97f4,PADENTRY_OBJ_258,sdk,MATCHED,,
0x800a980c,PadInfoAct,game,TODO,,
0x800a9844,PADENTRY_OBJ_2A8,sdk,MATCHED,,
0x800a9918,PADENTRY_OBJ_37C,sdk,MATCHED,,
0x800a9944,PADENTRY_OBJ_3A8,sdk,MATCHED,,
0x800a9970,PADENTRY_OBJ_3D4,sdk,MATCHED,,
0x800a9974,PADENTRY_OBJ_3D8,sdk,MATCHED,,
0x800a9988,PadSetActAlign,game,TODO,,
0x800a9a08,PadSetAct,game,TODO,,
0x800a9ae4,PADMAIN_OBJ_88,sdk,MATCHED,,
0x800a9aec,PADMAIN_OBJ_90,sdk,MATCHED,,
0x800a9af4,PADMAIN_OBJ_98,sdk,MATCHED,,
0x800a9b3c,PADMAIN_OBJ_E0,sdk,MATCHED,,
0x800a9b44,PADMAIN_OBJ_E8,sdk,MATCHED,,
0x800a9b4c,PADMAIN_OBJ_F0,sdk,MATCHED,,
0x800a9b58,PADMAIN_OBJ_FC,sdk,MATCHED,,
0x800a9b74,_padSetVsyncParam,sdk,MATCHED,,
0x800a9ba0,PADMAIN_OBJ_144,sdk,MATCHED,,
0x800a9bf4,PADMAIN_OBJ_198,sdk,MATCHED,,
0x800a9bf8,PADMAIN_OBJ_19C,sdk,MATCHED,,
0x800a9c08,PADMAIN_OBJ_1AC,sdk,MATCHED,,
0x800a9c34,PADMAIN_OBJ_1D8,sdk,MATCHED,,
0x800a9c6c,PADMAIN_OBJ_210,sdk,MATCHED,,
0x800a9ca0,PADMAIN_OBJ_244,sdk,MATCHED,,
0x800a9d18,PADMAIN_OBJ_2BC,sdk,MATCHED,,
0x800a9d3c,PADMAIN_OBJ_2E0,sdk,MATCHED,,
0x800a9d78,PADMAIN_OBJ_31C,sdk,MATCHED,,
0x800a9d88,PADMAIN_OBJ_32C,sdk,MATCHED,,
0x800a9d98,_padChkVsync,sdk,MATCHED,,
0x800a9dac,_padStartCom,sdk,MATCHED,,
0x800a9e78,_padStopCom,sdk,MATCHED,,
0x800a9ebc,_padInitSioMode,sdk,MATCHED,,
0x800a9f08,PADMAIN_OBJ_4AC,sdk,MATCHED,,
0x800a9f2c,PADMAIN_OBJ_4D0,sdk,MATCHED,,
0x800a9f58,PADMAIN_OBJ_4FC,sdk,MATCHED,,
0x800a9fc4,PADMAIN_OBJ_568,sdk,MATCHED,,
0x800aa018,PADMAIN_OBJ_5BC,sdk,MATCHED,,
0x800aa05c,PADMAIN_OBJ_600,sdk,MATCHED,,
0x800aa0b8,PADMAIN_OBJ_65C,sdk,MATCHED,,
0x800aa0c8,PADMAIN_OBJ_66C,sdk,MATCHED,,
0x800aa134,PADMAIN_OBJ_6D8,sdk,MATCHED,,
0x800aa144,PADMAIN_OBJ_6E8,sdk,MATCHED,,
0x800aa1a8,PADMAIN_OBJ_74C,sdk,MATCHED,,
0x800aa1b8,PADMAIN_OBJ_75C,sdk,MATCHED,,
0x800aa1f0,PADMAIN_OBJ_794,sdk,MATCHED,,
0x800aa26c,PADMAIN_OBJ_810,sdk,MATCHED,,
0x800aa298,PADMAIN_OBJ_83C,sdk,MATCHED,,
0x800aa2a4,PADMAIN_OBJ_848,sdk,MATCHED,,
0x800aa2bc,PADMAIN_OBJ_860,sdk,MATCHED,,
0x800aa2d0,PADMAIN_OBJ_874,sdk,MATCHED,,
0x800aa2e0,_padSioRW,sdk,MATCHED,,
0x800aa34c,PADMAIN_OBJ_8F0,sdk,MATCHED,,
0x800aa360,PADMAIN_OBJ_904,sdk,MATCHED,,
0x800aa388,PADMAIN_OBJ_92C,sdk,MATCHED,,
0x800aa3bc,PADMAIN_OBJ_960,sdk,MATCHED,,
0x800aa3c0,PADMAIN_OBJ_964,sdk,MATCHED,,
0x800aa3f4,PADMAIN_OBJ_998,sdk,MATCHED,,
0x800aa408,PADMAIN_OBJ_9AC,sdk,MATCHED,,
0x800aa434,PADMAIN_OBJ_9D8,sdk,MATCHED,,
0x800aa464,PADMAIN_OBJ_A08,sdk,MATCHED,,
0x800aa4a4,PADMAIN_OBJ_A48,sdk,MATCHED,,
0x800aa4d4,PADMAIN_OBJ_A78,sdk,MATCHED,,
0x800aa4f0,_padSioRW2,sdk,MATCHED,,
0x800aa544,PADMAIN_OBJ_AE8,sdk,MATCHED,,
0x800aa550,PADMAIN_OBJ_AF4,sdk,MATCHED,,
0x800aa59c,PADMAIN_OBJ_B40,sdk,MATCHED,,
0x800aa5a8,PADMAIN_OBJ_B4C,sdk,MATCHED,,
0x800aa5ac,PADMAIN_OBJ_B50,sdk,MATCHED,,
0x800aa5fc,PADMAIN_OBJ_BA0,sdk,MATCHED,,
0x800aa630,PADMAIN_OBJ_BD4,sdk,MATCHED,,
0x800aa634,PADMAIN_OBJ_BD8,sdk,MATCHED,,
0x800aa65c,PADMAIN_OBJ_C00,sdk,MATCHED,,
0x800aa66c,PADMAIN_OBJ_C10,sdk,MATCHED,,
0x800aa680,PADMAIN_OBJ_C24,sdk,MATCHED,,
0x800aa6ac,PADMAIN_OBJ_C50,sdk,MATCHED,,
0x800aa6bc,PADMAIN_OBJ_C60,sdk,MATCHED,,
0x800aa70c,PADMAIN_OBJ_CB0,sdk,MATCHED,,
0x800aa73c,PADMAIN_OBJ_CE0,sdk,MATCHED,,
0x800aa74c,PADMAIN_OBJ_CF0,sdk,MATCHED,,
0x800aa79c,PADMAIN_OBJ_D40,sdk,MATCHED,,
0x800aa7cc,PADMAIN_OBJ_D70,sdk,MATCHED,,
0x800aa7e8,PADMAIN_OBJ_D8C,sdk,MATCHED,,
0x800aa7f8,_padWaitRXready,sdk,MATCHED,,
0x800aa804,PADMAIN_OBJ_DA8,sdk,MATCHED,,
0x800aa82c,_padSetAct,sdk,MATCHED,,
0x800aa848,_padSendAtLoadInfo,sdk,MATCHED,,
0x800aa878,PADCMD_OBJ_4C,sdk,MATCHED,,
0x800aa88c,PADCMD_OBJ_60,sdk,MATCHED,,
0x800aa89c,PADCMD_OBJ_70,sdk,MATCHED,,
0x800aa8b0,PADCMD_OBJ_84,sdk,MATCHED,,
0x800aa8bc,PADCMD_OBJ_90,sdk,MATCHED,,
0x800aa8cc,_padRecvAtLoadInfo,sdk,MATCHED,,
0x800aa904,PADCMD_OBJ_D8,sdk,MATCHED,,
0x800aa918,PADCMD_OBJ_EC,sdk,MATCHED,,
0x800aa988,PADCMD_OBJ_15C,sdk,MATCHED,,
0x800aa98c,PADCMD_OBJ_160,sdk,MATCHED,,
0x800aa9d8,PADCMD_OBJ_1AC,sdk,MATCHED,,
0x800aaa24,PADCMD_OBJ_1F8,sdk,MATCHED,,
0x800aaa2c,PADCMD_OBJ_200,sdk,MATCHED,,
0x800aaa40,PADCMD_OBJ_214,sdk,MATCHED,,
0x800aaadc,PADCMD_OBJ_2B0,sdk,MATCHED,,
0x800aab00,PADCMD_OBJ_2D4,sdk,MATCHED,,
0x800aab28,PADCMD_OBJ_2FC,sdk,MATCHED,,
0x800aab3c,_padGetActSize,sdk,MATCHED,,
0x800aab74,_padLoadActInfo,sdk,MATCHED,,
0x800aabbc,PADCMD_OBJ_390,sdk,MATCHED,,
0x800aabc4,PADCMD_OBJ_398,sdk,MATCHED,,
0x800aac34,PADCMD_OBJ_408,sdk,MATCHED,,
0x800aac48,PADCMD_OBJ_41C,sdk,MATCHED,,
0x800aac78,PADCMD_OBJ_44C,sdk,MATCHED,,
0x800aac8c,PADCMD_OBJ_460,sdk,MATCHED,,
0x800aaca0,PADCMD_OBJ_474,sdk,MATCHED,,
0x800aacb4,PADCMD_OBJ_488,sdk,MATCHED,,
0x800aacd8,PADCMD_OBJ_4AC,sdk,MATCHED,,
0x800aace0,PADCMD_OBJ_4B4,sdk,MATCHED,,
0x800aacf0,PADCMD_OBJ_4C4,sdk,MATCHED,,
0x800aad1c,PADCMD_OBJ_4F0,sdk,MATCHED,,
0x800aad30,PADCMD_OBJ_504,sdk,MATCHED,,
0x800aada4,PADCMD_OBJ_578,sdk,MATCHED,,
0x800aadac,PADCMD_OBJ_580,sdk,MATCHED,,
0x800aaddc,PADCMD_OBJ_5B0,sdk,MATCHED,,
0x800aae84,PADCMD_OBJ_658,sdk,MATCHED,,
0x800aae88,PADCMD_OBJ_65C,sdk,MATCHED,,
0x800aaf34,PADCMD_OBJ_708,sdk,MATCHED,,
0x800aaf54,PADCMD_OBJ_728,sdk,MATCHED,,
0x800aafa0,PADCMD_OBJ_774,sdk,MATCHED,,
0x800aafb0,PADCMD_OBJ_784,sdk,MATCHED,,
0x800aafc8,PADCMD_OBJ_79C,sdk,MATCHED,,
0x800aafd4,PADCMD_OBJ_7A8,sdk,MATCHED,,
0x800aaff4,PADCMD_OBJ_7C8,sdk,MATCHED,,
0x800ab034,PADCMD_OBJ_808,sdk,MATCHED,,
0x800ab060,PADCMD_OBJ_834,sdk,MATCHED,,
0x800ab070,PADCMD_OBJ_844,sdk,MATCHED,,
0x800ab08c,PADCMD_OBJ_860,sdk,MATCHED,,
0x800ab0c4,PADCMD_OBJ_898,sdk,MATCHED,,
0x800ab0d0,PADCMD_OBJ_8A4,sdk,MATCHED,,
0x800ab0dc,PADCMD_OBJ_8B0,sdk,MATCHED,,
0x800ab0e8,_padSetActAlign,sdk,MATCHED,,
0x800ab13c,PADCMD_OBJ_910,sdk,MATCHED,,
0x800ab150,PADCMD_OBJ_924,sdk,MATCHED,,
0x800ab16c,PADCMD_OBJ_940,sdk,MATCHED,,
0x800ab184,PADCMD_OBJ_958,sdk,MATCHED,,
0x800ab190,PADCMD_OBJ_964,sdk,MATCHED,,
0x800ab1a4,PADCMD_OBJ_978,sdk,MATCHED,,
0x800ab1d0,PADCMD_OBJ_9A4,sdk,MATCHED,,
0x800ab1d4,PADCMD_OBJ_9A8,sdk,MATCHED,,
0x800ab1fc,PADCMD_OBJ_9D0,sdk,MATCHED,,
0x800ab200,PADCMD_OBJ_9D4,sdk,MATCHED,,
0x800ab224,PADCMD_OBJ_9F8,sdk,MATCHED,,
0x800ab234,_padSetMainMode,sdk,MATCHED,,
0x800ab2b0,PADCMD_OBJ_A84,sdk,MATCHED,,
0x800ab2cc,PADCMD_OBJ_AA0,sdk,MATCHED,,
0x800ab2ec,PADCMD_OBJ_AC0,sdk,MATCHED,,
0x800ab304,PADCMD_OBJ_AD8,sdk,MATCHED,,
0x800ab318,PADCMD_OBJ_AEC,sdk,MATCHED,,
0x800ab320,PADCMD_OBJ_AF4,sdk,MATCHED,,
0x800ab350,PADCMD_OBJ_B24,sdk,MATCHED,,
0x800ab358,PADCMD_OBJ_B2C,sdk,MATCHED,,
0x800ab36c,PADCMD_OBJ_B40,sdk,MATCHED,,
0x800ab370,PADCMD_OBJ_B44,sdk,MATCHED,,
0x800ab380,_padCmdParaMode,sdk,MATCHED,,
0x800ab3a0,PADCMD_OBJ_B74,sdk,MATCHED,,
0x800ab3b4,PADCMD_OBJ_B88,sdk,MATCHED,,
0x800ab3d4,PADCMD_OBJ_BA8,sdk,MATCHED,,
0x800ab3f4,PADCMD_OBJ_BC8,sdk,MATCHED,,
0x800ab414,PADCMD_OBJ_BE8,sdk,MATCHED,,
0x800ab42c,PADIF_OBJ_0,sdk,MATCHED,,
0x800ab474,PADIF_OBJ_48,sdk,MATCHED,,
0x800ab4d4,PADIF_OBJ_A8,sdk,MATCHED,,
0x800ab518,PADIF_OBJ_EC,sdk,MATCHED,,
0x800ab530,PADIF_OBJ_104,sdk,MATCHED,,
0x800ab534,PADIF_OBJ_108,sdk,MATCHED,,
0x800ab54c,PADIF_OBJ_120,sdk,MATCHED,,
0x800ab598,PADIF_OBJ_16C,sdk,MATCHED,,
0x800ab5b0,PADIF_OBJ_184,sdk,MATCHED,,
0x800ab5e8,PADIF_OBJ_1BC,sdk,MATCHED,,
0x800ab5f8,PADIF_OBJ_1CC,sdk,MATCHED,,
0x800ab640,PADIF_OBJ_214,sdk,MATCHED,,
0x800ab660,PADIF_OBJ_234,sdk,MATCHED,,
0x800ab6ac,PADIF_OBJ_280,sdk,MATCHED,,
0x800ab6bc,PADIF_OBJ_290,sdk,MATCHED,,
0x800ab700,PADIF_OBJ_2D4,sdk,MATCHED,,
0x800ab718,PADIF_OBJ_2EC,sdk,MATCHED,,
0x800ab754,PADIF_OBJ_328,sdk,MATCHED,,
0x800ab7a4,PADIF_OBJ_378,sdk,MATCHED,,
0x800ab7e8,PADIF_OBJ_3BC,sdk,MATCHED,,
0x800ab834,PADIF_OBJ_408,sdk,MATCHED,,
0x800ab868,PADIF_OBJ_43C,sdk,MATCHED,,
0x800ab87c,PADIF_OBJ_450,sdk,MATCHED,,
0x800ab898,PADIF_OBJ_46C,sdk,MATCHED,,
0x800ab8d4,PADIF_OBJ_4A8,sdk,MATCHED,,
0x800ab8dc,PADIF_OBJ_4B0,sdk,MATCHED,,
0x800ab91c,PADIF_OBJ_4F0,sdk,MATCHED,,
0x800ab924,PADIF_OBJ_4F8,sdk,MATCHED,,
0x800ab948,PADIF_OBJ_51C,sdk,MATCHED,,
0x800ab968,PADIF_OBJ_53C,sdk,MATCHED,,
0x800ab9c8,PADIF_OBJ_59C,sdk,MATCHED,,
0x800ab9e4,PADIF_OBJ_5B8,sdk,MATCHED,,
0x800aba2c,PADIF_OBJ_600,sdk,MATCHED,,
0x800aba5c,PadInitDirect,game,TODO,,
0x800abb3c,PADPORTD_OBJ_E0,sdk,MATCHED,,
0x800abb64,PADPORTD_OBJ_108,sdk,MATCHED,,
0x800abbbc,PADPORTD_OBJ_160,sdk,MATCHED,,
0x800abc0c,PADPORTD_OBJ_1B0,sdk,MATCHED,,
0x800abc1c,PADPORTD_OBJ_1C0,sdk,MATCHED,,
0x800abc24,PADPORTD_OBJ_1C8,sdk,MATCHED,,
0x800abc54,PADPORTD_OBJ_1F8,sdk,MATCHED,,
0x800abc88,PADPORTD_OBJ_22C,sdk,MATCHED,,
0x800abc98,PADPORTD_OBJ_23C,sdk,MATCHED,,
0x800abcf0,PADPORTD_OBJ_294,sdk,MATCHED,,
0x800abcf4,PADPORTD_OBJ_298,sdk,MATCHED,,
0x800abd18,PADPORTD_OBJ_2BC,sdk,MATCHED,,
0x800abd28,PADPORTD_OBJ_2CC,sdk,MATCHED,,
0x800abd50,PADPORTD_OBJ_2F4,sdk,MATCHED,,
0x800abd6c,PADPORTD_OBJ_310,sdk,MATCHED,,
0x800abd8c,PADPORTD_OBJ_330,sdk,MATCHED,,
0x800abd98,PADPORTD_OBJ_33C,sdk,MATCHED,,
0x800abdb8,PADPORTD_OBJ_35C,sdk,MATCHED,,
0x800abddc,PADPORTD_OBJ_380,sdk,MATCHED,,
0x800abde4,PADPORTD_OBJ_388,sdk,MATCHED,,
0x800abe38,PADPORTD_OBJ_3DC,sdk,MATCHED,,
0x800abe50,PADPORTD_OBJ_3F4,sdk,MATCHED,,
0x800abe70,PADPORTD_OBJ_414,sdk,MATCHED,,
0x800abe80,PADPORTD_OBJ_424,sdk,MATCHED,,
0x800abea4,PADPORTD_OBJ_448,sdk,MATCHED,,
0x800abeb8,PADPORTD_OBJ_45C,sdk,MATCHED,,
0x800abef8,PADPORTD_OBJ_49C,sdk,MATCHED,,
0x800abf00,PADPORTD_OBJ_4A4,sdk,MATCHED,,
0x800abf04,PADPORTD_OBJ_4A8,sdk,MATCHED,,
0x800abf1c,PADPORTD_OBJ_4C0,sdk,MATCHED,,
0x800abf30,PADPORTD_OBJ_4D4,sdk,MATCHED,,
0x800abf40,PADPORTD_OBJ_4E4,sdk,MATCHED,,
0x800abf5c,PADPORTD_OBJ_500,sdk,MATCHED,,
0x800abf7c,PADPORTD_OBJ_520,sdk,MATCHED,,
0x800ac010,PADPORTD_OBJ_5B4,sdk,MATCHED,,
0x800ac028,PADPORTD_OBJ_5CC,sdk,MATCHED,,
0x800ac040,PADPORTD_OBJ_5E4,sdk,MATCHED,,
0x800ac050,PADPORTD_OBJ_5F4,sdk,MATCHED,,
0x800ac060,PADPORTD_OBJ_604,sdk,MATCHED,,
0x800ac070,PADPORTD_OBJ_614,sdk,MATCHED,,
0x800ac090,PADPORTD_OBJ_634,sdk,MATCHED,,
0x800ac098,PADPORTD_OBJ_63C,sdk,MATCHED,,
0x800ac0b0,PADPORTD_OBJ_654,sdk,MATCHED,,
0x800ac0bc,_padInitDirSeq,sdk,MATCHED,,
0x800ac0f0,PADSEQD_OBJ_34,sdk,MATCHED,,
0x800ac15c,PADSEQD_OBJ_A0,sdk,MATCHED,,
0x800ac184,PADSEQD_OBJ_C8,sdk,MATCHED,,
0x800ac19c,PADSEQD_OBJ_E0,sdk,MATCHED,,
0x800ac1b0,PADSEQD_OBJ_F4,sdk,MATCHED,,
0x800ac1b4,PADSEQD_OBJ_F8,sdk,MATCHED,,
0x800ac1c4,PADSEQD_OBJ_108,sdk,MATCHED,,
0x800ac1e4,PADSEQD_OBJ_128,sdk,MATCHED,,
0x800ac1f0,PADSEQD_OBJ_134,sdk,MATCHED,,
0x800ac200,PADSEQD_OBJ_144,sdk,MATCHED,,
0x800ac268,PADSEQD_OBJ_1AC,sdk,MATCHED,,
0x800ac280,PADSEQD_OBJ_1C4,sdk,MATCHED,,
0x800ac2b4,PADSEQD_OBJ_1F8,sdk,MATCHED,,
0x800ac2e0,PADSEQD_OBJ_224,sdk,MATCHED,,
0x800ac318,PADSEQD_OBJ_25C,sdk,MATCHED,,
0x800ac328,PADSEQD_OBJ_26C,sdk,MATCHED,,
0x800ac338,PADSEQD_OBJ_27C,sdk,MATCHED,,
0x800ac34c,PADSEQD_OBJ_290,sdk,MATCHED,,
0x800ac378,PADSEQD_OBJ_2BC,sdk,MATCHED,,
0x800ac3bc,PADSEQD_OBJ_300,sdk,MATCHED,,
0x800ac3e4,PADSEQD_OBJ_328,sdk,MATCHED,,
0x800ac3f4,PADSEQD_OBJ_338,sdk,MATCHED,,
0x800ac400,PADSEQD_OBJ_344,sdk,MATCHED,,
0x800ac408,PADSEQD_OBJ_34C,sdk,MATCHED,,
0x800ac414,PADSEQD_OBJ_358,sdk,MATCHED,,
0x800ac41c,PADSEQD_OBJ_360,sdk,MATCHED,,
0x800ac43c,PADSEQD_OBJ_380,sdk,MATCHED,,
0x800ac444,PADSEQD_OBJ_388,sdk,MATCHED,,
0x800ac464,_dirFailAuto,game,TODO,,
0x800ac4bc,PADSEQD_OBJ_400,sdk,MATCHED,,
0x800ac4d0,PADSEQD_OBJ_414,sdk,MATCHED,,
0x800ac4d8,PADSEQD_OBJ_41C,sdk,MATCHED,,
0x800ac4fc,PADSEQD_OBJ_440,sdk,MATCHED,,
0x800ac534,PADSEQD_OBJ_478,sdk,MATCHED,,
0x800ac544,PADSEQD_OBJ_488,sdk,MATCHED,,
0x800ac564,PADSEQD_OBJ_4A8,sdk,MATCHED,,
0x800ac568,PADSEQD_OBJ_4AC,sdk,MATCHED,,
0x800ac5e0,WAITRC2_OBJ_64,game,TODO,,
0x800ac5e4,WAITRC2_OBJ_68,game,TODO,,
0x800ac61c,WAITRC2_OBJ_A0,game,TODO,,
0x800ac630,WAITRC2_OBJ_B4,game,TODO,,
0x800ac64c,PTR_FUN_800ac64c,game,TODO,,
0x800ac6c1,DAT_800ac6c1,game,TODO,,
0x800ac6c3,DAT_800ac6c3,game,TODO,,
0x800ac6c4,DAT_800ac6c4,game,TODO,,
0x800ac6c8,DAT_800ac6c8,game,TODO,,
0x800ac6c9,DAT_800ac6c9,game,TODO,,
0x800ac6ca,DAT_800ac6ca,game,TODO,,
0x800ac6cb,DAT_800ac6cb,game,TODO,,
0x800ac6cc,DAT_800ac6cc,game,TODO,,
0x800ac6cd,DAT_800ac6cd,game,TODO,,
0x800ac6ce,DAT_800ac6ce,game,TODO,,
0x800ac6cf,DAT_800ac6cf,game,TODO,,
0x800ac6d0,DAT_800ac6d0,game,TODO,,
0x800ac6d1,DAT_800ac6d1,game,TODO,,
0x800ac6d2,DAT_800ac6d2,game,TODO,,
0x800ac6d4,DAT_800ac6d4,game,TODO,,
0x800ac6d5,DAT_800ac6d5,game,TODO,,
0x800ac6d8,DAT_800ac6d8,game,TODO,,
0x800ac6dc,DAT_800ac6dc,game,TODO,,
0x800ac6dd,DAT_800ac6dd,game,TODO,,
0x800ac6e0,DAT_800ac6e0,game,TODO,,
0x800ac6e4,DAT_800ac6e4,game,TODO,,
0x800ac6e8,DAT_800ac6e8,game,TODO,,
0x800ac7f4,DAT_800ac7f4,game,TODO,,
0x800ac7f5,DAT_800ac7f5,game,TODO,,
0x800ac7f8,DAT_800ac7f8,game,TODO,,
0x800ac7fc,DAT_800ac7fc,game,TODO,,
0x800ac7fd,DAT_800ac7fd,game,TODO,,
0x800ac800,DAT_800ac800,game,TODO,,
0x800ac804,DAT_800ac804,game,TODO,,
0x800ac808,DAT_800ac808,game,TODO,,
0x800ac914,DAT_800ac914,game,TODO,,
0x800ac915,DAT_800ac915,game,TODO,,
0x800ac91c,DAT_800ac91c,game,TODO,,
0x800ac91d,DAT_800ac91d,game,TODO,,
0x800ac920,DAT_800ac920,game,TODO,,
0x800ac930,DAT_800ac930,game,TODO,,
0x800ac940,DAT_800ac940,game,TODO,,
0x800ac950,DAT_800ac950,game,TODO,,
0x800ac9d0,DAT_800ac9d0,game,TODO,,
0x800acae0,DAT_800acae0,game,TODO,,
0x800acaf4,DAT_800acaf4,game,TODO,,
0x800acafc,DAT_800acafc,game,TODO,,
0x800acafe,DAT_800acafe,game,TODO,,
0x800acb00,DAT_800acb00,game,TODO,,
0x800acb02,DAT_800acb02,game,TODO,,
0x800acb04,DAT_800acb04,game,TODO,,
0x800acb38,DAT_800acb38,game,TODO,,
0x800acb3c,DAT_800acb3c,game,TODO,,
0x800acb40,DAT_800acb40,game,TODO,,
0x800acb44,DAT_800acb44,game,TODO,,
0x800acb48,DAT_800acb48,game,TODO,,
0x800acb4c,DAT_800acb4c,game,TODO,,
0x800acb50,DAT_800acb50,game,TODO,,
0x800acb54,DAT_800acb54,game,TODO,,
0x800acb58,DAT_800acb58,game,TODO,,
0x800acb5c,DAT_800acb5c,game,TODO,,
0x800acb60,DAT_800acb60,game,TODO,,
0x800acb64,DAT_800acb64,game,TODO,,
0x800acb68,DAT_800acb68,game,TODO,,
0x800acb6c,DAT_800acb6c,game,TODO,,
0x800acb70,DAT_800acb70,game,TODO,,
0x800acb74,DAT_800acb74,game,TODO,,
0x800acb78,DAT_800acb78,game,TODO,,
0x800acb7c,DAT_800acb7c,game,TODO,,
0x800acb80,DAT_800acb80,game,TODO,,
0x800acb88,PTR_DAT_800acb88,game,TODO,,
0x800acb94,DAT_800acb94,game,TODO,,
0x800acb9c,DAT_800acb9c,game,TODO,,
0x800acc24,DAT_800acc24,game,TODO,,
0x800acc2c,DAT_800acc2c,game,TODO,,
0x800accac,DAT_800accac,game,TODO,,
0x800accb4,DAT_800accb4,game,TODO,,
0x800acd24,DAT_800acd24,game,TODO,,
0x800acd2c,DAT_800acd2c,game,TODO,,
0x800acdc8,DAT_800acdc8,game,TODO,,
0x800acdca,DAT_800acdca,game,TODO,,
0x800acdcc,DAT_800acdcc,game,TODO,,
0x800acdce,DAT_800acdce,game,TODO,,
0x800acdd0,DAT_800acdd0,game,TODO,,
0x800acdd2,DAT_800acdd2,game,TODO,,
0x800ace0c,DAT_800ace0c,game,TODO,,
0x800ace0e,DAT_800ace0e,game,TODO,,
0x800ace10,DAT_800ace10,game,TODO,,
0x800ace12,DAT_800ace12,game,TODO,,
0x800ace14,DAT_800ace14,game,TODO,,
0x800ace16,DAT_800ace16,game,TODO,,
0x800ace50,DAT_800ace50,game,TODO,,
0x800ace52,DAT_800ace52,game,TODO,,
0x800ace54,DAT_800ace54,game,TODO,,
0x800ace56,DAT_800ace56,game,TODO,,
0x800ace58,DAT_800ace58,game,TODO,,
0x800ace5a,DAT_800ace5a,game,TODO,,
0x800ace94,DAT_800ace94,game,TODO,,
0x800ace96,DAT_800ace96,game,TODO,,
0x800acf44,DAT_800acf44,game,TODO,,
0x800acf46,DAT_800acf46,game,TODO,,
0x800acff4,DAT_800acff4,game,TODO,,
0x800acff6,DAT_800acff6,game,TODO,,
0x800ad0a4,DAT_800ad0a4,game,TODO,,
0x800ad0b4,DAT_800ad0b4,game,TODO,,
0x800ad0bc,DAT_800ad0bc,game,TODO,,
0x800ad0c0,PTR_DAT_800ad0c0,game,TODO,,
0x800ad0c4,PTR_DAT_800ad0c4,game,TODO,,
0x800ad0d4,PTR_DAT_800ad0d4,game,TODO,,
0x800ad0d8,PTR_DAT_800ad0d8,game,TODO,,
0x800ad0e4,DAT_800ad0e4,game,TODO,,
0x800ad0ec,PTR_LAB_800ad0ec,game,TODO,,
0x800ad0f8,PTR_LAB_800ad0f8,game,TODO,,
0x800ad130,DAT_800ad130,game,TODO,,
0x800ad17c,DAT_800ad17c,game,TODO,,
0x800ad17e,DAT_800ad17e,game,TODO,,
0x800ad1fc,PTR_FUN_800ad1fc,game,TODO,,
0x800ad200,PTR_FUN_800ad200,game,TODO,,
0x800ad218,DAT_800ad218,game,TODO,,
0x800ad2ac,PTR_FUN_800ad2ac,game,TODO,,
0x800ad2b0,PTR_FUN_800ad2b0,game,TODO,,
0x800ad2c8,DAT_800ad2c8,game,TODO,,
0x800ad6e0,PTR_FUN_800ad6e0,game,TODO,,
0x800ad6e4,PTR_FUN_800ad6e4,game,TODO,,
0x800ad6f0,DAT_800ad6f0,game,TODO,,
0x800ad700,DAT_800ad700,game,TODO,,
0x800ad7c0,DAT_800ad7c0,game,TODO,,
0x800ad7d0,DAT_800ad7d0,game,TODO,,
0x800ad7e0,DAT_800ad7e0,game,TODO,,
0x800ad7f0,DAT_800ad7f0,game,TODO,,
0x800ad808,PTR_DAT_800ad808,game,TODO,,
0x800ad908,PTR_DAT_800ad908,game,TODO,,
0x800ada08,PTR_DAT_800ada08,game,TODO,,
0x800adb08,PTR_DAT_800adb08,game,TODO,,
0x800adc08,PTR_DAT_800adc08,game,TODO,,
0x800add18,DAT_800add18,game,TODO,,
0x800add30,DAT_800add30,game,TODO,,
0x800add4c,DAT_800add4c,game,TODO,,
0x800add50,PTR_LAB_800add50,game,TODO,,
0x800add58,DAT_800add58,game,TODO,,
0x800add70,PTR_LAB_800add70,game,TODO,,
0x800addc0,DAT_800addc0,game,TODO,,
0x800addc4,PTR_s_CANCEL_800addc4,game,TODO,,
0x800addf0,DAT_800addf0,game,TODO,,
0x800addf4,PTR_s_REPLAY_800addf4,game,TODO,,
0x800ade18,PTR_LAB_800ade18,game,TODO,,
0x800ade30,PTR_LAB_800ade30,game,TODO,,
0x800ade38,PTR_LAB_800ade38,game,TODO,,
0x800ade5c,PTR_LAB_800ade5c,game,TODO,,
0x800ade90,PTR_LAB_800ade90,game,TODO,,
0x800adec4,PTR_LAB_800adec4,game,TODO,,
0x800aded4,DAT_800aded4,game,TODO,,
0x800aded6,DAT_800aded6,game,TODO,,
0x800adf04,DAT_800adf04,game,TODO,,
0x800adfb0,DAT_800adfb0,game,TODO,,
0x800ae050,DAT_800ae050,game,TODO,,
0x800ae0e0,DAT_800ae0e0,game,TODO,,
0x800ae180,DAT_800ae180,game,TODO,,
0x800ae22c,DAT_800ae22c,game,TODO,,
0x800ae2cc,DAT_800ae2cc,game,TODO,,
0x800ae35c,DAT_800ae35c,game,TODO,,
0x800ae3fc,DAT_800ae3fc,game,TODO,,
0x800ae4a8,DAT_800ae4a8,game,TODO,,
0x800ae548,DAT_800ae548,game,TODO,,
0x800ae5d8,DAT_800ae5d8,game,TODO,,
0x800ae678,DAT_800ae678,game,TODO,,
0x800ae724,DAT_800ae724,game,TODO,,
0x800ae7c4,DAT_800ae7c4,game,TODO,,
0x800ae854,DAT_800ae854,game,TODO,,
0x800ae8f4,PTR_DAT_800ae8f4,game,TODO,,
0x800ae954,PTR_PTR_800ae954,game,TODO,,
0x800ae960,DAT_800ae960,game,TODO,,
0x800ae980,DAT_800ae980,game,TODO,,
0x800ae9a0,PTR_PTR_800ae9a0,game,TODO,,
0x800ae9b4,DAT_800ae9b4,game,TODO,,
0x800ae9bc,DAT_800ae9bc,game,TODO,,
0x800ae9be,DAT_800ae9be,game,TODO,,
0x800ae9c4,DAT_800ae9c4,game,TODO,,
0x800ae9cc,DAT_800ae9cc,game,TODO,,
0x800ae9ec,DAT_800ae9ec,game,TODO,,
0x800ae9f8,DAT_800ae9f8,game,TODO,,
0x800aea04,DAT_800aea04,game,TODO,,
0x800aea14,DAT_800aea14,game,TODO,,
0x800aea1c,PTR_LAB_800aea1c,game,TODO,,
0x800aea28,PTR_LAB_800aea28,game,TODO,,
0x800aea34,PTR_LAB_800aea34,game,TODO,,
0x800aea40,DAT_800aea40,game,TODO,,
0x800aea42,DAT_800aea42,game,TODO,,
0x800aea4a,DAT_800aea4a,game,TODO,,
0x800aea4c,DAT_800aea4c,game,TODO,,
0x800aea4e,DAT_800aea4e,game,TODO,,
0x800aea50,DAT_800aea50,game,TODO,,
0x800aea58,DAT_800aea58,game,TODO,,
0x800aea60,DAT_800aea60,game,TODO,,
0x800aea6a,DAT_800aea6a,game,TODO,,
0x800aea6c,DAT_800aea6c,game,TODO,,
0x800aea70,DAT_800aea70,game,TODO,,
0x800aea78,DAT_800aea78,game,TODO,,
0x800aea80,DAT_800aea80,game,TODO,,
0x800aea88,DAT_800aea88,game,TODO,,
0x800aea98,u_x_800aeac4,game,TODO,,
0x800aeac8,DAT_800aeac8,game,TODO,,
0x800aead8,u_x_800aeb04,game,TODO,,
0x800aeb16,u_0_800aeb44,game,TODO,,
0x800aeb50,u_0_800aeb84,game,TODO,,
0x800aeb8c,DAT_800aeb8c,game,TODO,,
0x800aebbc,DAT_800aebbc,game,TODO,,
0x800aebbe,DAT_800aebbe,game,TODO,,
0x800aebc0,DAT_800aebc0,game,TODO,,
0x800aec00,DAT_800aec00,game,TODO,,
0x800aec04,DAT_800aec04,game,TODO,,
0x800aec24,DAT_800aec24,game,TODO,,
0x800aec2c,DAT_800aec2c,game,TODO,,
0x800aec30,DAT_800aec30,game,TODO,,
0x800aec34,DAT_800aec34,game,TODO,,
0x800aec58,PTR_LAB_800aec58,game,TODO,,
0x800aec60,DAT_800aec60,game,TODO,,
0x800aec64,DAT_800aec64,game,TODO,,
0x800aec66,DAT_800aec66,game,TODO,,
0x800aee24,DAT_800aee24,game,TODO,,
0x800aee34,DAT_800aee34,game,TODO,,
0x800aee36,DAT_800aee36,game,TODO,,
0x800aee74,DAT_800aee74,game,TODO,,
0x800aee78,DAT_800aee78,game,TODO,,
0x800aee7a,DAT_800aee7a,game,TODO,,
0x800aee7c,DAT_800aee7c,game,TODO,,
0x800aee80,DAT_800aee80,game,TODO,,
0x800aee84,DAT_800aee84,game,TODO,,
0x800aee86,DAT_800aee86,game,TODO,,
0x800aef70,PTR_DAT_800aef70,game,TODO,,
0x800aef80,DAT_800aef80,game,TODO,,
0x800aef88,PTR_LAB_800aef88,game,TODO,,
0x800aefac,DAT_800aefac,game,TODO,,
0x800aefcc,DAT_800aefcc,game,TODO,,
0x800aefec,DAT_800aefec,game,TODO,,
0x800af028,DAT_800af028,game,TODO,,
0x800af048,DAT_800af048,game,TODO,,
0x800af068,DAT_800af068,game,TODO,,
0x800af06e,DAT_800af06e,game,TODO,,
0x800af07c,DAT_800af07c,game,TODO,,
0x800af082,DAT_800af082,game,TODO,,
0x800af0b4,PTR_LAB_800af0b4,game,TODO,,
0x800af17c,DAT_800af17c,game,TODO,,
0x800af17e,DAT_800af17e,game,TODO,,
0x800af180,DAT_800af180,game,TODO,,
0x800af182,DAT_800af182,game,TODO,,
0x800af184,DAT_800af184,game,TODO,,
0x800af186,DAT_800af186,game,TODO,,
0x800af188,DAT_800af188,game,TODO,,
0x800af18c,DAT_800af18c,game,TODO,,
0x800af190,DAT_800af190,game,TODO,,
0x800af198,DAT_800af198,game,TODO,,
0x800af2d0,DAT_800af2d0,game,TODO,,
0x800af544,DAT_800af544,game,TODO,,
0x800af546,DAT_800af546,game,TODO,,
0x800afad0,DAT_800afad0,game,TODO,,
0x800afad1,DAT_800afad1,game,TODO,,
0x800b0620,DAT_800b0620,game,TODO,,
0x800b0622,DAT_800b0622,game,TODO,,
0x800b1048,DAT_800b1048,game,TODO,,
0x800b1049,DAT_800b1049,game,TODO,,
0x800b104a,DAT_800b104a,game,TODO,,
0x800b104b,DAT_800b104b,game,TODO,,
0x800b104c,DAT_800b104c,game,TODO,,
0x800b104e,DAT_800b104e,game,TODO,,
0x800b1050,DAT_800b1050,game,TODO,,
0x800b1168,DAT_800b1168,game,TODO,,
0x800b116a,DAT_800b116a,game,TODO,,
0x800b2cc0,DAT_800b2cc0,game,TODO,,
0x800b2cc1,DAT_800b2cc1,game,TODO,,
0x800b2cdc,DAT_800b2cdc,game,TODO,,
0x800b2cdd,DAT_800b2cdd,game,TODO,,
0x800b2cf8,DAT_800b2cf8,game,TODO,,
0x800b2cf9,DAT_800b2cf9,game,TODO,,
0x800b34a0,DAT_800b34a0,game,TODO,,
0x800b34f8,DAT_800b34f8,game,TODO,,
0x800b34fa,DAT_800b34fa,game,TODO,,
0x800b34fc,DAT_800b34fc,game,TODO,,
0x800b3520,DAT_800b3520,game,TODO,,
0x800b3584,DAT_800b3584,game,TODO,,
0x800b35e8,DAT_800b35e8,game,TODO,,
0x800b364c,DAT_800b364c,game,TODO,,
0x800b36b0,DAT_800b36b0,game,TODO,,
0x800b3714,DAT_800b3714,game,TODO,,
0x800b3778,DAT_800b3778,game,TODO,,
0x800b37dc,DAT_800b37dc,game,TODO,,
0x800b3840,DAT_800b3840,game,TODO,,
0x800b38a4,DAT_800b38a4,game,TODO,,
0x800b3908,DAT_800b3908,game,TODO,,
0x800b396c,DAT_800b396c,game,TODO,,
0x800b39d0,DAT_800b39d0,game,TODO,,
0x800b3a34,DAT_800b3a34,game,TODO,,
0x800b3a98,DAT_800b3a98,game,TODO,,
0x800b3afc,DAT_800b3afc,game,TODO,,
0x800b3b60,DAT_800b3b60,game,TODO,,
0x800b3bc4,DAT_800b3bc4,game,TODO,,
0x800b3c28,DAT_800b3c28,game,TODO,,
0x800b3c8c,DAT_800b3c8c,game,TODO,,
0x800b3cf0,DAT_800b3cf0,game,TODO,,
0x800b3d54,DAT_800b3d54,game,TODO,,
0x800b3db8,DAT_800b3db8,game,TODO,,
0x800b3e1c,DAT_800b3e1c,game,TODO,,
0x800b3e80,DAT_800b3e80,game,TODO,,
0x800b3ee4,DAT_800b3ee4,game,TODO,,
0x800b3f48,DAT_800b3f48,game,TODO,,
0x800b3fac,DAT_800b3fac,game,TODO,,
0x800b4010,DAT_800b4010,game,TODO,,
0x800b4074,DAT_800b4074,game,TODO,,
0x800b40d8,DAT_800b40d8,game,TODO,,
0x800b413c,DAT_800b413c,game,TODO,,
0x800b41a0,DAT_800b41a0,game,TODO,,
0x800b4204,DAT_800b4204,game,TODO,,
0x800b4268,DAT_800b4268,game,TODO,,
0x800b42cc,DAT_800b42cc,game,TODO,,
0x800b4330,DAT_800b4330,game,TODO,,
0x800b4394,DAT_800b4394,game,TODO,,
0x800b43f8,DAT_800b43f8,game,TODO,,
0x800b445c,PTR_DAT_800b445c,game,TODO,,
0x800b44fc,DAT_800b44fc,game,TODO,,
0x800b5118,DAT_800b5118,game,TODO,,
0x800b511c,DAT_800b511c,game,TODO,,
0x800b5120,DAT_800b5120,game,TODO,,
0x800b5124,DAT_800b5124,game,TODO,,
0x800b5128,DAT_800b5128,game,TODO,,
0x800b512c,DAT_800b512c,game,TODO,,
0x800b5130,DAT_800b5130,game,TODO,,
0x800b5134,DAT_800b5134,game,TODO,,
0x800b5138,DAT_800b5138,game,TODO,,
0x800b519c,PTR_LAB_800b519c,game,TODO,,
0x800b51e4,PTR_DAT_800b51e4,game,TODO,,
0x800b52e4,DAT_800b52e4,game,TODO,,
0x800b5324,DAT_800b5324,game,TODO,,
0x800b5364,DAT_800b5364,game,TODO,,
0x800b5384,DAT_800b5384,game,TODO,,
0x800b5394,DAT_800b5394,game,TODO,,
0x800b5398,DAT_800b5398,game,TODO,,
0x800b539c,DAT_800b539c,game,TODO,,
0x800b53a0,DAT_800b53a0,game,TODO,,
0x800b5474,DAT_800b5474,game,TODO,,
0x800b5478,DAT_800b5478,game,TODO,,
0x800b547c,DAT_800b547c,game,TODO,,
0x800b5480,DAT_800b5480,game,TODO,,
0x800b5484,DAT_800b5484,game,TODO,,
0x800b5488,DAT_800b5488,game,TODO,,
0x800b548c,DAT_800b548c,game,TODO,,
0x800b5490,DAT_800b5490,game,TODO,,
0x800b5494,PTR_LAB_800b5494,game,TODO,,
0x800b54b0,DAT_800b54b0,game,TODO,,
0x800b54e4,DAT_800b54e4,game,TODO,,
0x800b54ec,DAT_800b54ec,game,TODO,,
0x800b54ee,DAT_800b54ee,game,TODO,,
0x800b54f0,DAT_800b54f0,game,TODO,,
0x800b54f8,PTR_DAT_800b54f8,game,TODO,,
0x800b54fc,DAT_800b54fc,game,TODO,,
0x800b550c,DAT_800b550c,game,TODO,,
0x800b5548,DAT_800b5548,game,TODO,,
0x800b554c,DAT_800b554c,game,TODO,,
0x800b554e,DAT_800b554e,game,TODO,,
0x800b5550,DAT_800b5550,game,TODO,,
0x800b56e8,DAT_800b56e8,game,TODO,,
0x800b56ea,DAT_800b56ea,game,TODO,,
0x800b56ec,PTR_DAT_800b56ec,game,TODO,,
0x800b57a8,DAT_800b57a8,game,TODO,,
0x800b57ac,DAT_800b57ac,game,TODO,,
0x800b57ae,DAT_800b57ae,game,TODO,,
0x800b57b4,DAT_800b57b4,game,TODO,,
0x800b57b6,DAT_800b57b6,game,TODO,,
0x800b57bc,DAT_800b57bc,game,TODO,,
0x800b57cc,DAT_800b57cc,game,TODO,,
0x800b57dc,PTR_LAB_800b57dc,game,TODO,,
0x800b57e8,PTR_LAB_800b57e8,game,TODO,,
0x800b57f0,PTR_LAB_800b57f0,game,TODO,,
0x800b57f4,DAT_800b57f4,game,TODO,,
0x800b57f8,DAT_800b57f8,game,TODO,,
0x800b5970,PTR_FUN_800b5970,game,TODO,,
0x800b5978,DAT_800b5978,game,TODO,,
0x800b5994,DAT_800b5994,game,TODO,,
0x800b5998,DAT_800b5998,game,TODO,,
0x800b59a0,DAT_800b59a0,game,TODO,,
0x800b59b0,DAT_800b59b0,game,TODO,,
0x800b59b1,DAT_800b59b1,game,TODO,,
0x800b59b2,DAT_800b59b2,game,TODO,,
0x800b59b4,PTR_s_NOS101_800b59b4,game,TODO,,
0x800b5aec,DAT_800b5aec,game,TODO,,
0x800b5aee,DAT_800b5aee,game,TODO,,
0x800b5af4,DAT_800b5af4,game,TODO,,
0x800b5af6,DAT_800b5af6,game,TODO,,
0x800b5afc,DAT_800b5afc,game,TODO,,
0x800b5b0c,DAT_800b5b0c,game,TODO,,
0x800b5b1c,DAT_800b5b1c,game,TODO,,
0x800b5b1e,DAT_800b5b1e,game,TODO,,
0x800b5b24,PTR_LAB_800b5b24,game,TODO,,
0x800b5b30,PTR_LAB_800b5b30,game,TODO,,
0x800b5b38,DAT_800b5b38,game,TODO,,
0x800b5d40,DAT_800b5d40,game,TODO,,
0x800b5d42,DAT_800b5d42,game,TODO,,
0x800b5d44,DAT_800b5d44,game,TODO,,
0x800b5d46,DAT_800b5d46,game,TODO,,
0x800b5d48,DAT_800b5d48,game,TODO,,
0x800b5d4c,PTR_LAB_800b5d4c,game,TODO,,
0x800b5de4,DAT_800b5de4,game,TODO,,
0x800b5e18,DAT_800b5e18,game,TODO,,
0x800b5e4c,DAT_800b5e4c,game,TODO,,
0x800b5e8c,DAT_800b5e8c,game,TODO,,
0x800b5e94,DAT_800b5e94,game,TODO,,
0x800b5ea8,DAT_800b5ea8,game,TODO,,
0x800b5eac,DAT_800b5eac,game,TODO,,
0x800b5eb0,DAT_800b5eb0,game,TODO,,
0x800b5ec0,DAT_800b5ec0,game,TODO,,
0x800b5edc,DAT_800b5edc,game,TODO,,
0x800b6080,DAT_800b6080,game,TODO,,
0x800b6088,DAT_800b6088,game,TODO,,
0x800b6138,DAT_800b6138,game,TODO,,
0x800b6240,DAT_800b6240,game,TODO,,
0x800b6430,DAT_800b6430,game,TODO,,
0x800b64b8,DAT_800b64b8,game,TODO,,
0x800b6540,DAT_800b6540,game,TODO,,
0x800b6660,DAT_800b6660,game,TODO,,
0x800b6730,DAT_800b6730,game,TODO,,
0x800b6798,DAT_800b6798,game,TODO,,
0x800b6888,DAT_800b6888,game,TODO,,
0x800b6978,DAT_800b6978,game,TODO,,
0x800b6ac8,DAT_800b6ac8,game,TODO,,
0x800b6c20,DAT_800b6c20,game,TODO,,
0x800b6c78,DAT_800b6c78,game,TODO,,
0x800b6c88,DAT_800b6c88,game,TODO,,
0x800b6ce0,DAT_800b6ce0,game,TODO,,
0x800b6d58,DAT_800b6d58,game,TODO,,
0x800b6d84,DAT_800b6d84,game,TODO,,
0x800b6dcc,DAT_800b6dcc,game,TODO,,
0x800b6e20,DAT_800b6e20,game,TODO,,
0x800b702c,DAT_800b702c,game,TODO,,
0x800b7078,DAT_800b7078,game,TODO,,
0x800b70f0,DAT_800b70f0,game,TODO,,
0x800b7124,DAT_800b7124,game,TODO,,
0x800b718c,DAT_800b718c,game,TODO,,
0x800b7210,DAT_800b7210,game,TODO,,
0x800b7240,DAT_800b7240,game,TODO,,
0x800b7298,DAT_800b7298,game,TODO,,
0x800b730c,DAT_800b730c,game,TODO,,
0x800b74b0,DAT_800b74b0,game,TODO,,
0x800b7538,DAT_800b7538,game,TODO,,
0x800b755c,DAT_800b755c,game,TODO,,
0x800b7590,DAT_800b7590,game,TODO,,
0x800b75f0,DAT_800b75f0,game,TODO,,
0x800b7634,DAT_800b7634,game,TODO,,
0x800b76b8,DAT_800b76b8,game,TODO,,
0x800b7710,PTR_DAT_800b7710,game,TODO,,
0x800b7714,PTR_DAT_800b7714,game,TODO,,
0x800b77b0,PTR_DAT_800b77b0,game,TODO,,
0x800b77b4,PTR_DAT_800b77b4,game,TODO,,
0x800b78f0,PTR_DAT_800b78f0,game,TODO,,
0x800b78f4,PTR_DAT_800b78f4,game,TODO,,
0x800b7a94,PTR_DAT_800b7a94,game,TODO,,
0x800b7a98,PTR_DAT_800b7a98,game,TODO,,
0x800b7b54,PTR_DAT_800b7b54,game,TODO,,
0x800b7b58,PTR_DAT_800b7b58,game,TODO,,
0x800b7c74,PTR_DAT_800b7c74,game,TODO,,
0x800b7c78,PTR_DAT_800b7c78,game,TODO,,
0x800b7d24,PTR_DAT_800b7d24,game,TODO,,
0x800b7d28,PTR_DAT_800b7d28,game,TODO,,
0x800b7d34,PTR_DAT_800b7d34,game,TODO,,
0x800b7d44,DAT_800b7d44,game,TODO,,
0x800b7d5c,DAT_800b7d5c,game,TODO,,
0x800b7d60,DAT_800b7d60,game,TODO,,
0x800b7d64,DAT_800b7d64,game,TODO,,
0x800b7d68,DAT_800b7d68,game,TODO,,
0x800b7d6c,DAT_800b7d6c,game,TODO,,
0x800b7d70,DAT_800b7d70,game,TODO,,
0x800b7d74,DAT_800b7d74,game,TODO,,
0x800b7d7c,DAT_800b7d7c,game,TODO,,
0x800b7da8,DAT_800b7da8,game,TODO,,
0x800b7db4,DAT_800b7db4,game,TODO,,
0x800b7dec,DAT_800b7dec,game,TODO,,
0x800b7e04,DAT_800b7e04,game,TODO,,
0x800b7e40,DAT_800b7e40,game,TODO,,
0x800b7e84,DAT_800b7e84,game,TODO,,
0x800b7e94,DAT_800b7e94,game,TODO,,
0x800b7eb8,DAT_800b7eb8,game,TODO,,
0x800b7ecc,DAT_800b7ecc,game,TODO,,
0x800b7ed8,DAT_800b7ed8,game,TODO,,
0x800b7ef8,DAT_800b7ef8,game,TODO,,
0x800b7f50,DAT_800b7f50,game,TODO,,
0x800b7f58,DAT_800b7f58,game,TODO,,
0x800b7f6c,DAT_800b7f6c,game,TODO,,
0x800b7f8c,DAT_800b7f8c,game,TODO,,
0x800b7fa4,DAT_800b7fa4,game,TODO,,
0x800b7fbc,DAT_800b7fbc,game,TODO,,
0x800b7fdc,DAT_800b7fdc,game,TODO,,
0x800b7fe8,DAT_800b7fe8,game,TODO,,
0x800b8038,DAT_800b8038,game,TODO,,
0x800b8088,DAT_800b8088,game,TODO,,
0x800b80a0,DAT_800b80a0,game,TODO,,
0x800b80a8,DAT_800b80a8,game,TODO,,
0x800b80b0,DAT_800b80b0,game,TODO,,
0x800b80b8,DAT_800b80b8,game,TODO,,
0x800b80c0,DAT_800b80c0,game,TODO,,
0x800b80cc,DAT_800b80cc,game,TODO,,
0x800b80d4,DAT_800b80d4,game,TODO,,
0x800b80e0,DAT_800b80e0,game,TODO,,
0x800b81d8,PTR_s_MOUNTAIN_800b81d8,game,TODO,,
0x800b8208,DAT_800b8208,game,TODO,,
0x800b8230,DAT_800b8230,game,TODO,,
0x800b823c,DAT_800b823c,game,TODO,,
0x800b8bbd,DAT_800b8bbd,game,TODO,,
0x800b8bbe,DAT_800b8bbe,game,TODO,,
0x800b8bbf,DAT_800b8bbf,game,TODO,,
0x800b8bc0,DAT_800b8bc0,game,TODO,,
0x800b8bf8,DAT_800b8bf8,game,TODO,,
0x800b8c10,DAT_800b8c10,game,TODO,,
0x800b8c11,DAT_800b8c11,game,TODO,,
0x800b8c12,DAT_800b8c12,game,TODO,,
0x800b8c13,DAT_800b8c13,game,TODO,,
0x800b8c14,DAT_800b8c14,game,TODO,,
0x800b8c15,DAT_800b8c15,game,TODO,,
0x800b8c16,DAT_800b8c16,game,TODO,,
0x800b8c17,DAT_800b8c17,game,TODO,,
0x800b8c18,DAT_800b8c18,game,TODO,,
0x800b90f0,DAT_800b90f0,game,TODO,,
0x800b90f1,DAT_800b90f1,game,TODO,,
0x800b90f2,DAT_800b90f2,game,TODO,,
0x800b90f3,DAT_800b90f3,game,TODO,,
0x800b91b0,DAT_800b91b0,game,TODO,,
0x800b91b8,DAT_800b91b8,game,TODO,,
0x800ba758,DAT_800ba758,game,TODO,,
0x800ba75c,DAT_800ba75c,game,TODO,,
0x800ba760,DAT_800ba760,game,TODO,,
0x800ba764,DAT_800ba764,game,TODO,,
0x800ba7b6,DAT_800ba7b6,game,TODO,,
0x800ba7d6,s__800ba804,string_data,MATCHED,,
0x800ba852,DAT_800ba852,game,TODO,,
0x800ba853,DAT_800ba853,game,TODO,,
0x800ba854,DAT_800ba854,game,TODO,,
0x800ba8c4,DAT_800ba8c4,game,TODO,,
0x800ba8fe,DAT_800ba8fe,game,TODO,,
0x800ba902,DAT_800ba902,game,TODO,,
0x800ba9ae,DAT_800ba9ae,game,TODO,,
0x800bb8d4,DAT_800bb8d4,game,TODO,,
0x800bb9a4,DAT_800bb9a4,game,TODO,,
0x800bb9e0,DAT_800bb9e0,game,TODO,,
0x800bba10,DAT_800bba10,game,TODO,,
0x800bba34,DAT_800bba34,game,TODO,,
0x800bba70,DAT_800bba70,game,TODO,,
0x800bbaac,DAT_800bbaac,game,TODO,,
0x800bbae8,DAT_800bbae8,game,TODO,,
0x800bbb24,DAT_800bbb24,game,TODO,,
0x800bbb60,DAT_800bbb60,game,TODO,,
0x800bbb78,DAT_800bbb78,game,TODO,,
0x800bbb9c,DAT_800bbb9c,game,TODO,,
0x800bbbac,DAT_800bbbac,game,TODO,,
0x800bbbcc,DAT_800bbbcc,game,TODO,,
0x800bbc0c,DAT_800bbc0c,game,TODO,,
0x800bbc48,DAT_800bbc48,game,TODO,,
0x800bbc78,DAT_800bbc78,game,TODO,,
0x800bbca8,DAT_800bbca8,game,TODO,,
0x800bbccc,DAT_800bbccc,game,TODO,,
0x800bbcd8,DAT_800bbcd8,game,TODO,,
0x800bbce4,DAT_800bbce4,game,TODO,,
0x800bbdb4,DAT_800bbdb4,game,TODO,,
0x800bbde4,DAT_800bbde4,game,TODO,,
0x800bbe34,DAT_800bbe34,game,TODO,,
0x800bbe4c,DAT_800bbe4c,game,TODO,,
0x800bbe70,DAT_800bbe70,game,TODO,,
0x800bbeac,DAT_800bbeac,game,TODO,,
0x800bbee8,DAT_800bbee8,game,TODO,,
0x800bbf18,DAT_800bbf18,game,TODO,,
0x800bbf54,DAT_800bbf54,game,TODO,,
0x800bbf90,DAT_800bbf90,game,TODO,,
0x800bbfcc,DAT_800bbfcc,game,TODO,,
0x800bc008,DAT_800bc008,game,TODO,,
0x800bc014,DAT_800bc014,game,TODO,,
0x800bc02c,DAT_800bc02c,game,TODO,,
0x800bc050,DAT_800bc050,game,TODO,,
0x800bc070,DAT_800bc070,game,TODO,,
0x800bc0b0,DAT_800bc0b0,game,TODO,,
0x800bc0ec,DAT_800bc0ec,game,TODO,,
0x800bc11c,DAT_800bc11c,game,TODO,,
0x800bc14c,DAT_800bc14c,game,TODO,,
0x800bc170,DAT_800bc170,game,TODO,,
0x800bc17c,DAT_800bc17c,game,TODO,,
0x800bc188,DAT_800bc188,game,TODO,,
0x800bc258,DAT_800bc258,game,TODO,,
0x800bc288,DAT_800bc288,game,TODO,,
0x800bc2c8,DAT_800bc2c8,game,TODO,,
0x800bc2f8,DAT_800bc2f8,game,TODO,,
0x800bc31c,DAT_800bc31c,game,TODO,,
0x800bc34c,DAT_800bc34c,game,TODO,,
0x800bc37c,DAT_800bc37c,game,TODO,,
0x800bc40c,DAT_800bc40c,game,TODO,,
0x800bc448,DAT_800bc448,game,TODO,,
0x800bc484,DAT_800bc484,game,TODO,,
0x800bc4b4,DAT_800bc4b4,game,TODO,,
0x800bc4f0,DAT_800bc4f0,game,TODO,,
0x800bc52c,DAT_800bc52c,game,TODO,,
0x800bc538,DAT_800bc538,game,TODO,,
0x800bc550,DAT_800bc550,game,TODO,,
0x800bc560,DAT_800bc560,game,TODO,,
0x800bc580,DAT_800bc580,game,TODO,,
0x800bc5c0,DAT_800bc5c0,game,TODO,,
0x800bc5fc,DAT_800bc5fc,game,TODO,,
0x800bc62c,DAT_800bc62c,game,TODO,,
0x800bc650,DAT_800bc650,game,TODO,,
0x800bc680,DAT_800bc680,game,TODO,,
0x800bc68c,DAT_800bc68c,game,TODO,,
0x800bc698,DAT_800bc698,game,TODO,,
0x800bc768,DAT_800bc768,game,TODO,,
0x800bc798,DAT_800bc798,game,TODO,,
0x800bc7d8,DAT_800bc7d8,game,TODO,,
0x800bc814,DAT_800bc814,game,TODO,,
0x800bc838,DAT_800bc838,game,TODO,,
0x800bc874,DAT_800bc874,game,TODO,,
0x800bc8a4,DAT_800bc8a4,game,TODO,,
0x800bc934,DAT_800bc934,game,TODO,,
0x800bc970,DAT_800bc970,game,TODO,,
0x800bc9ac,DAT_800bc9ac,game,TODO,,
0x800bc9e8,DAT_800bc9e8,game,TODO,,
0x800bca24,DAT_800bca24,game,TODO,,
0x800bca54,DAT_800bca54,game,TODO,,
0x800bca6c,DAT_800bca6c,game,TODO,,
0x800bca90,DAT_800bca90,game,TODO,,
0x800bcab0,DAT_800bcab0,game,TODO,,
0x800bcad0,DAT_800bcad0,game,TODO,,
0x800bcb10,DAT_800bcb10,game,TODO,,
0x800bcb4c,DAT_800bcb4c,game,TODO,,
0x800bcb7c,DAT_800bcb7c,game,TODO,,
0x800bcbac,DAT_800bcbac,game,TODO,,
0x800bcbdc,DAT_800bcbdc,game,TODO,,
0x800bcbe8,DAT_800bcbe8,game,TODO,,
0x800bcbf4,DAT_800bcbf4,game,TODO,,
0x800bccc4,DAT_800bccc4,game,TODO,,
0x800bccf4,DAT_800bccf4,game,TODO,,
0x800bcd24,DAT_800bcd24,game,TODO,,
0x800bcd48,DAT_800bcd48,game,TODO,,
0x800bcd84,DAT_800bcd84,game,TODO,,
0x800bcdc0,DAT_800bcdc0,game,TODO,,
0x800bcdfc,DAT_800bcdfc,game,TODO,,
0x800bce38,DAT_800bce38,game,TODO,,
0x800bce74,DAT_800bce74,game,TODO,,
0x800bce8c,DAT_800bce8c,game,TODO,,
0x800bceb0,DAT_800bceb0,game,TODO,,
0x800bcec0,DAT_800bcec0,game,TODO,,
0x800bcee0,DAT_800bcee0,game,TODO,,
0x800bcf20,DAT_800bcf20,game,TODO,,
0x800bcf5c,DAT_800bcf5c,game,TODO,,
0x800bcf8c,DAT_800bcf8c,game,TODO,,
0x800bcfbc,DAT_800bcfbc,game,TODO,,
0x800bcfec,DAT_800bcfec,game,TODO,,
0x800bcff8,DAT_800bcff8,game,TODO,,
0x800bd004,DAT_800bd004,game,TODO,,
0x800bd0d4,DAT_800bd0d4,game,TODO,,
0x800bd110,DAT_800bd110,game,TODO,,
0x800bd140,DAT_800bd140,game,TODO,,
0x800bd164,DAT_800bd164,game,TODO,,
0x800bd194,DAT_800bd194,game,TODO,,
0x800bd1d0,DAT_800bd1d0,game,TODO,,
0x800bd200,DAT_800bd200,game,TODO,,
0x800bd230,DAT_800bd230,game,TODO,,
0x800bd26c,DAT_800bd26c,game,TODO,,
0x800bd284,DAT_800bd284,game,TODO,,
0x800bd29c,DAT_800bd29c,game,TODO,,
0x800bd2bc,DAT_800bd2bc,game,TODO,,
0x800bd2fc,DAT_800bd2fc,game,TODO,,
0x800bd338,DAT_800bd338,game,TODO,,
0x800bd368,DAT_800bd368,game,TODO,,
0x800bd398,DAT_800bd398,game,TODO,,
0x800bd3c8,DAT_800bd3c8,game,TODO,,
0x800bd3d4,DAT_800bd3d4,game,TODO,,
0x800bd3e0,DAT_800bd3e0,game,TODO,,
0x800bd4b0,DAT_800bd4b0,game,TODO,,
0x800bd4e0,DAT_800bd4e0,game,TODO,,
0x800bd520,DAT_800bd520,game,TODO,,
0x800bd55c,DAT_800bd55c,game,TODO,,
0x800bd580,DAT_800bd580,game,TODO,,
0x800bd5b0,DAT_800bd5b0,game,TODO,,
0x800bd5e0,DAT_800bd5e0,game,TODO,,
0x800bd670,DAT_800bd670,game,TODO,,
0x800bd6ac,DAT_800bd6ac,game,TODO,,
0x800bd6e8,DAT_800bd6e8,game,TODO,,
0x800bd724,DAT_800bd724,game,TODO,,
0x800bd760,DAT_800bd760,game,TODO,,
0x800bd79c,DAT_800bd79c,game,TODO,,
0x800bd7b4,DAT_800bd7b4,game,TODO,,
0x800bd7d8,DAT_800bd7d8,game,TODO,,
0x800bd7e8,DAT_800bd7e8,game,TODO,,
0x800bd808,DAT_800bd808,game,TODO,,
0x800bd848,DAT_800bd848,game,TODO,,
0x800bd884,DAT_800bd884,game,TODO,,
0x800bd8a8,DAT_800bd8a8,game,TODO,,
0x800bd8d8,DAT_800bd8d8,game,TODO,,
0x800bd908,DAT_800bd908,game,TODO,,
0x800bd914,DAT_800bd914,game,TODO,,
0x800bd920,DAT_800bd920,game,TODO,,
0x800bd9f0,DAT_800bd9f0,game,TODO,,
0x800bda2c,DAT_800bda2c,game,TODO,,
0x800bda5c,DAT_800bda5c,game,TODO,,
0x800bda80,DAT_800bda80,game,TODO,,
0x800bdab0,DAT_800bdab0,game,TODO,,
0x800bdaec,DAT_800bdaec,game,TODO,,
0x800bdb1c,DAT_800bdb1c,game,TODO,,
0x800bdb4c,DAT_800bdb4c,game,TODO,,
0x800bdb88,DAT_800bdb88,game,TODO,,
0x800bdba0,DAT_800bdba0,game,TODO,,
0x800bdbb8,DAT_800bdbb8,game,TODO,,
0x800bdbc8,DAT_800bdbc8,game,TODO,,
0x800bdbe8,DAT_800bdbe8,game,TODO,,
0x800bdc28,DAT_800bdc28,game,TODO,,
0x800bdc64,DAT_800bdc64,game,TODO,,
0x800bdc94,DAT_800bdc94,game,TODO,,
0x800bdcc4,DAT_800bdcc4,game,TODO,,
0x800bdce8,DAT_800bdce8,game,TODO,,
0x800bdcf4,DAT_800bdcf4,game,TODO,,
0x800bddc4,DAT_800bddc4,game,TODO,,
0x800bddf4,DAT_800bddf4,game,TODO,,
0x800bde34,DAT_800bde34,game,TODO,,
0x800bde64,DAT_800bde64,game,TODO,,
0x800bde88,DAT_800bde88,game,TODO,,
0x800bdec4,DAT_800bdec4,game,TODO,,
0x800bdef4,DAT_800bdef4,game,TODO,,
0x800bdf84,DAT_800bdf84,game,TODO,,
0x800bdfc0,DAT_800bdfc0,game,TODO,,
0x800bdffc,DAT_800bdffc,game,TODO,,
0x800be02c,DAT_800be02c,game,TODO,,
0x800be068,DAT_800be068,game,TODO,,
0x800be098,DAT_800be098,game,TODO,,
0x800be0b0,DAT_800be0b0,game,TODO,,
0x800be0d4,DAT_800be0d4,game,TODO,,
0x800be0f4,DAT_800be0f4,game,TODO,,
0x800be114,DAT_800be114,game,TODO,,
0x800be154,DAT_800be154,game,TODO,,
0x800be190,DAT_800be190,game,TODO,,
0x800be1c0,DAT_800be1c0,game,TODO,,
0x800be1e4,DAT_800be1e4,game,TODO,,
0x800be208,DAT_800be208,game,TODO,,
0x800be214,DAT_800be214,game,TODO,,
0x800be220,DAT_800be220,game,TODO,,
0x800be2f0,DAT_800be2f0,game,TODO,,
0x800be320,DAT_800be320,game,TODO,,
0x800be350,DAT_800be350,game,TODO,,
0x800be374,DAT_800be374,game,TODO,,
0x800be3b0,DAT_800be3b0,game,TODO,,
0x800be3ec,DAT_800be3ec,game,TODO,,
0x800be428,DAT_800be428,game,TODO,,
0x800be464,DAT_800be464,game,TODO,,
0x800be494,DAT_800be494,game,TODO,,
0x800be4ac,DAT_800be4ac,game,TODO,,
0x800be4d0,DAT_800be4d0,game,TODO,,
0x800be4e0,DAT_800be4e0,game,TODO,,
0x800be500,DAT_800be500,game,TODO,,
0x800be540,DAT_800be540,game,TODO,,
0x800be57c,DAT_800be57c,game,TODO,,
0x800be5ac,DAT_800be5ac,game,TODO,,
0x800be5dc,DAT_800be5dc,game,TODO,,
0x800be60c,DAT_800be60c,game,TODO,,
0x800be618,DAT_800be618,game,TODO,,
0x800be624,DAT_800be624,game,TODO,,
0x800be6f4,DAT_800be6f4,game,TODO,,
0x800be730,DAT_800be730,game,TODO,,
0x800be760,DAT_800be760,game,TODO,,
0x800be784,DAT_800be784,game,TODO,,
0x800be7b4,DAT_800be7b4,game,TODO,,
0x800be7f0,DAT_800be7f0,game,TODO,,
0x800be82c,DAT_800be82c,game,TODO,,
0x800be85c,DAT_800be85c,game,TODO,,
0x800be898,DAT_800be898,game,TODO,,
0x800be8b0,DAT_800be8b0,game,TODO,,
0x800be8c8,DAT_800be8c8,game,TODO,,
0x800be8d8,DAT_800be8d8,game,TODO,,
0x800be8f8,DAT_800be8f8,game,TODO,,
0x800be938,DAT_800be938,game,TODO,,
0x800be974,DAT_800be974,game,TODO,,
0x800be9a4,DAT_800be9a4,game,TODO,,
0x800be9d4,DAT_800be9d4,game,TODO,,
0x800bea04,DAT_800bea04,game,TODO,,
0x800bea10,DAT_800bea10,game,TODO,,
0x800bea1c,DAT_800bea1c,game,TODO,,
0x800beaec,DAT_800beaec,game,TODO,,
0x800beb1c,DAT_800beb1c,game,TODO,,
0x800beb5c,DAT_800beb5c,game,TODO,,
0x800beb8c,DAT_800beb8c,game,TODO,,
0x800bebb0,DAT_800bebb0,game,TODO,,
0x800bebe0,DAT_800bebe0,game,TODO,,
0x800bec10,DAT_800bec10,game,TODO,,
0x800beca0,DAT_800beca0,game,TODO,,
0x800becdc,DAT_800becdc,game,TODO,,
0x800bed18,DAT_800bed18,game,TODO,,
0x800bed48,DAT_800bed48,game,TODO,,
0x800bed84,DAT_800bed84,game,TODO,,
0x800bedc0,DAT_800bedc0,game,TODO,,
0x800bedd8,DAT_800bedd8,game,TODO,,
0x800bedfc,DAT_800bedfc,game,TODO,,
0x800bee0c,DAT_800bee0c,game,TODO,,
0x800bee2c,DAT_800bee2c,game,TODO,,
0x800bee6c,DAT_800bee6c,game,TODO,,
0x800beea8,DAT_800beea8,game,TODO,,
0x800beed8,DAT_800beed8,game,TODO,,
0x800bef08,DAT_800bef08,game,TODO,,
0x800bef38,DAT_800bef38,game,TODO,,
0x800bef44,DAT_800bef44,game,TODO,,
0x800bef50,DAT_800bef50,game,TODO,,
0x800bf020,DAT_800bf020,game,TODO,,
0x800bf050,DAT_800bf050,game,TODO,,
0x800bf090,DAT_800bf090,game,TODO,,
0x800bf0cc,DAT_800bf0cc,game,TODO,,
0x800bf0f0,DAT_800bf0f0,game,TODO,,
0x800bf120,DAT_800bf120,game,TODO,,
0x800bf150,DAT_800bf150,game,TODO,,
0x800bf1e0,DAT_800bf1e0,game,TODO,,
0x800bf21c,DAT_800bf21c,game,TODO,,
0x800bf24c,DAT_800bf24c,game,TODO,,
0x800bf27c,DAT_800bf27c,game,TODO,,
0x800bf2b8,DAT_800bf2b8,game,TODO,,
0x800bf2f4,DAT_800bf2f4,game,TODO,,
0x800bf300,DAT_800bf300,game,TODO,,
0x800bf318,DAT_800bf318,game,TODO,,
0x800bf328,DAT_800bf328,game,TODO,,
0x800bf348,DAT_800bf348,game,TODO,,
0x800bf388,DAT_800bf388,game,TODO,,
0x800bf3c4,DAT_800bf3c4,game,TODO,,
0x800bf3e8,DAT_800bf3e8,game,TODO,,
0x800bf40c,DAT_800bf40c,game,TODO,,
0x800bf43c,DAT_800bf43c,game,TODO,,
0x800bf448,DAT_800bf448,game,TODO,,
0x800bf454,DAT_800bf454,game,TODO,,
0x800bf524,DAT_800bf524,game,TODO,,
0x800bf554,DAT_800bf554,game,TODO,,
0x800bf594,DAT_800bf594,game,TODO,,
0x800bf5d0,DAT_800bf5d0,game,TODO,,
0x800bf5f4,DAT_800bf5f4,game,TODO,,
0x800bf624,DAT_800bf624,game,TODO,,
0x800bf654,DAT_800bf654,game,TODO,,
0x800bf6e4,DAT_800bf6e4,game,TODO,,
0x800bf714,DAT_800bf714,game,TODO,,
0x800bf750,DAT_800bf750,game,TODO,,
0x800bf780,DAT_800bf780,game,TODO,,
0x800bf7bc,DAT_800bf7bc,game,TODO,,
0x800bf7f8,DAT_800bf7f8,game,TODO,,
0x800bf804,DAT_800bf804,game,TODO,,
0x800bf81c,DAT_800bf81c,game,TODO,,
0x800bf82c,DAT_800bf82c,game,TODO,,
0x800bf84c,DAT_800bf84c,game,TODO,,
0x800bf88c,DAT_800bf88c,game,TODO,,
0x800bf8c8,DAT_800bf8c8,game,TODO,,
0x800bf8ec,DAT_800bf8ec,game,TODO,,
0x800bf910,DAT_800bf910,game,TODO,,
0x800bf934,DAT_800bf934,game,TODO,,
0x800bf940,DAT_800bf940,game,TODO,,
0x800bf94c,DAT_800bf94c,game,TODO,,
0x800bfa1c,DAT_800bfa1c,game,TODO,,
0x800bfa4c,DAT_800bfa4c,game,TODO,,
0x800bfa8c,DAT_800bfa8c,game,TODO,,
0x800bfac8,DAT_800bfac8,game,TODO,,
0x800bfaec,DAT_800bfaec,game,TODO,,
0x800bfb28,DAT_800bfb28,game,TODO,,
0x800bfb58,DAT_800bfb58,game,TODO,,
0x800bfbf4,DAT_800bfbf4,game,TODO,,
0x800bfc30,DAT_800bfc30,game,TODO,,
0x800bfc6c,DAT_800bfc6c,game,TODO,,
0x800bfca8,DAT_800bfca8,game,TODO,,
0x800bfce4,DAT_800bfce4,game,TODO,,
0x800bfd20,DAT_800bfd20,game,TODO,,
0x800bfd38,DAT_800bfd38,game,TODO,,
0x800bfd5c,DAT_800bfd5c,game,TODO,,
0x800bfd7c,DAT_800bfd7c,game,TODO,,
0x800bfdbc,DAT_800bfdbc,game,TODO,,
0x800bfdf8,DAT_800bfdf8,game,TODO,,
0x800bfe28,DAT_800bfe28,game,TODO,,
0x800bfe58,DAT_800bfe58,game,TODO,,
0x800bfe88,DAT_800bfe88,game,TODO,,
0x800bfe94,DAT_800bfe94,game,TODO,,
0x800bfea0,DAT_800bfea0,game,TODO,,
0x800bff70,DAT_800bff70,game,TODO,,
0x800bffa0,DAT_800bffa0,game,TODO,,
0x800bffe0,DAT_800bffe0,game,TODO,,
0x800c0010,DAT_800c0010,game,TODO,,
0x800c0034,DAT_800c0034,game,TODO,,
0x800c0064,DAT_800c0064,game,TODO,,
0x800c0094,DAT_800c0094,game,TODO,,
0x800c0124,DAT_800c0124,game,TODO,,
0x800c0160,DAT_800c0160,game,TODO,,
0x800c019c,DAT_800c019c,game,TODO,,
0x800c01cc,DAT_800c01cc,game,TODO,,
0x800c0208,DAT_800c0208,game,TODO,,
0x800c0238,DAT_800c0238,game,TODO,,
0x800c0244,DAT_800c0244,game,TODO,,
0x800c025c,DAT_800c025c,game,TODO,,
0x800c027c,DAT_800c027c,game,TODO,,
0x800c029c,DAT_800c029c,game,TODO,,
0x800c02dc,DAT_800c02dc,game,TODO,,
0x800c0318,DAT_800c0318,game,TODO,,
0x800c0348,DAT_800c0348,game,TODO,,
0x800c036c,DAT_800c036c,game,TODO,,
0x800c0390,DAT_800c0390,game,TODO,,
0x800c039c,DAT_800c039c,game,TODO,,
0x800c03a8,DAT_800c03a8,game,TODO,,
0x800c0478,DAT_800c0478,game,TODO,,
0x800c04b4,DAT_800c04b4,game,TODO,,
0x800c04f4,DAT_800c04f4,game,TODO,,
0x800c0530,DAT_800c0530,game,TODO,,
0x800c0554,DAT_800c0554,game,TODO,,
0x800c0590,DAT_800c0590,game,TODO,,
0x800c05c0,DAT_800c05c0,game,TODO,,
0x800c0650,DAT_800c0650,game,TODO,,
0x800c068c,DAT_800c068c,game,TODO,,
0x800c06c8,DAT_800c06c8,game,TODO,,
0x800c06f8,DAT_800c06f8,game,TODO,,
0x800c0734,DAT_800c0734,game,TODO,,
0x800c0764,DAT_800c0764,game,TODO,,
0x800c077c,DAT_800c077c,game,TODO,,
0x800c07a0,DAT_800c07a0,game,TODO,,
0x800c07b0,DAT_800c07b0,game,TODO,,
0x800c07d0,DAT_800c07d0,game,TODO,,
0x800c0810,DAT_800c0810,game,TODO,,
0x800c084c,DAT_800c084c,game,TODO,,
0x800c087c,DAT_800c087c,game,TODO,,
0x800c08ac,DAT_800c08ac,game,TODO,,
0x800c08dc,DAT_800c08dc,game,TODO,,
0x800c08e8,DAT_800c08e8,game,TODO,,
0x800c08f4,DAT_800c08f4,game,TODO,,
0x800c09c4,DAT_800c09c4,game,TODO,,
0x800c09f4,DAT_800c09f4,game,TODO,,
0x800c0a34,DAT_800c0a34,game,TODO,,
0x800c0a64,DAT_800c0a64,game,TODO,,
0x800c0a88,DAT_800c0a88,game,TODO,,
0x800c0ac4,DAT_800c0ac4,game,TODO,,
0x800c0af4,DAT_800c0af4,game,TODO,,
0x800c0b84,DAT_800c0b84,game,TODO,,
0x800c0bc0,DAT_800c0bc0,game,TODO,,
0x800c0bfc,DAT_800c0bfc,game,TODO,,
0x800c0c2c,DAT_800c0c2c,game,TODO,,
0x800c0c68,DAT_800c0c68,game,TODO,,
0x800c0ca4,DAT_800c0ca4,game,TODO,,
0x800c0cbc,DAT_800c0cbc,game,TODO,,
0x800c0ce0,DAT_800c0ce0,game,TODO,,
0x800c0cf0,DAT_800c0cf0,game,TODO,,
0x800c0d10,DAT_800c0d10,game,TODO,,
0x800c0d50,DAT_800c0d50,game,TODO,,
0x800c0d8c,DAT_800c0d8c,game,TODO,,
0x800c0dbc,DAT_800c0dbc,game,TODO,,
0x800c0dec,DAT_800c0dec,game,TODO,,
0x800c0e1c,DAT_800c0e1c,game,TODO,,
0x800c0e28,DAT_800c0e28,game,TODO,,
0x800c0e34,DAT_800c0e34,game,TODO,,
0x800c0f04,DAT_800c0f04,game,TODO,,
0x800c0f40,DAT_800c0f40,game,TODO,,
0x800c0f80,DAT_800c0f80,game,TODO,,
0x800c0fbc,DAT_800c0fbc,game,TODO,,
0x800c0fe0,DAT_800c0fe0,game,TODO,,
0x800c101c,DAT_800c101c,game,TODO,,
0x800c104c,DAT_800c104c,game,TODO,,
0x800c10dc,DAT_800c10dc,game,TODO,,
0x800c1118,DAT_800c1118,game,TODO,,
0x800c1154,DAT_800c1154,game,TODO,,
0x800c1184,DAT_800c1184,game,TODO,,
0x800c11c0,DAT_800c11c0,game,TODO,,
0x800c11f0,DAT_800c11f0,game,TODO,,
0x800c1208,DAT_800c1208,game,TODO,,
0x800c122c,DAT_800c122c,game,TODO,,
0x800c123c,DAT_800c123c,game,TODO,,
0x800c125c,DAT_800c125c,game,TODO,,
0x800c129c,DAT_800c129c,game,TODO,,
0x800c12d8,DAT_800c12d8,game,TODO,,
0x800c1308,DAT_800c1308,game,TODO,,
0x800c1338,DAT_800c1338,game,TODO,,
0x800c1368,DAT_800c1368,game,TODO,,
0x800c1374,DAT_800c1374,game,TODO,,
0x800c1380,DAT_800c1380,game,TODO,,
0x800c1450,DAT_800c1450,game,TODO,,
0x800c148c,DAT_800c148c,game,TODO,,
0x800c14cc,DAT_800c14cc,game,TODO,,
0x800c1508,DAT_800c1508,game,TODO,,
0x800c152c,DAT_800c152c,game,TODO,,
0x800c1568,DAT_800c1568,game,TODO,,
0x800c1598,DAT_800c1598,game,TODO,,
0x800c1628,DAT_800c1628,game,TODO,,
0x800c1664,DAT_800c1664,game,TODO,,
0x800c16a0,DAT_800c16a0,game,TODO,,
0x800c16d0,DAT_800c16d0,game,TODO,,
0x800c170c,DAT_800c170c,game,TODO,,
0x800c173c,DAT_800c173c,game,TODO,,
0x800c1754,DAT_800c1754,game,TODO,,
0x800c1778,DAT_800c1778,game,TODO,,
0x800c1798,DAT_800c1798,game,TODO,,
0x800c17d8,DAT_800c17d8,game,TODO,,
0x800c1814,DAT_800c1814,game,TODO,,
0x800c1844,DAT_800c1844,game,TODO,,
0x800c1868,DAT_800c1868,game,TODO,,
0x800c188c,DAT_800c188c,game,TODO,,
0x800c1898,DAT_800c1898,game,TODO,,
0x800c18a4,DAT_800c18a4,game,TODO,,
0x800c1974,DAT_800c1974,game,TODO,,
0x800c19a4,DAT_800c19a4,game,TODO,,
0x800c19e4,DAT_800c19e4,game,TODO,,
0x800c1a14,DAT_800c1a14,game,TODO,,
0x800c1a38,DAT_800c1a38,game,TODO,,
0x800c1a68,DAT_800c1a68,game,TODO,,
0x800c1a98,DAT_800c1a98,game,TODO,,
0x800c1b28,DAT_800c1b28,game,TODO,,
0x800c1b58,DAT_800c1b58,game,TODO,,
0x800c1b88,DAT_800c1b88,game,TODO,,
0x800c1bb8,DAT_800c1bb8,game,TODO,,
0x800c1bf4,DAT_800c1bf4,game,TODO,,
0x800c1c24,DAT_800c1c24,game,TODO,,
0x800c1c3c,DAT_800c1c3c,game,TODO,,
0x800c1c54,DAT_800c1c54,game,TODO,,
0x800c1c74,DAT_800c1c74,game,TODO,,
0x800c1c94,DAT_800c1c94,game,TODO,,
0x800c1cd4,DAT_800c1cd4,game,TODO,,
0x800c1d10,DAT_800c1d10,game,TODO,,
0x800c1d34,DAT_800c1d34,game,TODO,,
0x800c1d58,DAT_800c1d58,game,TODO,,
0x800c1d7c,DAT_800c1d7c,game,TODO,,
0x800c1d88,DAT_800c1d88,game,TODO,,
0x800c1d94,DAT_800c1d94,game,TODO,,
0x800c1e64,DAT_800c1e64,game,TODO,,
0x800c1ea0,DAT_800c1ea0,game,TODO,,
0x800c1ef0,DAT_800c1ef0,game,TODO,,
0x800c1f2c,DAT_800c1f2c,game,TODO,,
0x800c1f50,DAT_800c1f50,game,TODO,,
0x800c1f8c,DAT_800c1f8c,game,TODO,,
0x800c1fbc,DAT_800c1fbc,game,TODO,,
0x800c204c,DAT_800c204c,game,TODO,,
0x800c2088,DAT_800c2088,game,TODO,,
0x800c20c4,DAT_800c20c4,game,TODO,,
0x800c20f4,DAT_800c20f4,game,TODO,,
0x800c2130,DAT_800c2130,game,TODO,,
0x800c216c,DAT_800c216c,game,TODO,,
0x800c2184,DAT_800c2184,game,TODO,,
0x800c21a8,DAT_800c21a8,game,TODO,,
0x800c21c8,DAT_800c21c8,game,TODO,,
0x800c21e8,DAT_800c21e8,game,TODO,,
0x800c2228,DAT_800c2228,game,TODO,,
0x800c2264,DAT_800c2264,game,TODO,,
0x800c2294,DAT_800c2294,game,TODO,,
0x800c22c4,DAT_800c22c4,game,TODO,,
0x800c22f4,DAT_800c22f4,game,TODO,,
0x800c2300,DAT_800c2300,game,TODO,,
0x800c23d0,DAT_800c23d0,game,TODO,,
0x800c240c,DAT_800c240c,game,TODO,,
0x800c244c,DAT_800c244c,game,TODO,,
0x800c2488,DAT_800c2488,game,TODO,,
0x800c24ac,DAT_800c24ac,game,TODO,,
0x800c24dc,DAT_800c24dc,game,TODO,,
0x800c250c,DAT_800c250c,game,TODO,,
0x800c259c,DAT_800c259c,game,TODO,,
0x800c25cc,DAT_800c25cc,game,TODO,,
0x800c2608,DAT_800c2608,game,TODO,,
0x800c2638,DAT_800c2638,game,TODO,,
0x800c2650,DAT_800c2650,game,TODO,,
0x800c2674,DAT_800c2674,game,TODO,,
0x800c2694,DAT_800c2694,game,TODO,,
0x800c26d4,DAT_800c26d4,game,TODO,,
0x800c2710,DAT_800c2710,game,TODO,,
0x800c2740,DAT_800c2740,game,TODO,,
0x800c2770,DAT_800c2770,game,TODO,,
0x800c27a0,DAT_800c27a0,game,TODO,,
0x800c27ac,DAT_800c27ac,game,TODO,,
0x800c287c,DAT_800c287c,game,TODO,,
0x800c28b8,DAT_800c28b8,game,TODO,,
0x800c28f8,DAT_800c28f8,game,TODO,,
0x800c2934,DAT_800c2934,game,TODO,,
0x800c2958,DAT_800c2958,game,TODO,,
0x800c2988,DAT_800c2988,game,TODO,,
0x800c29b8,DAT_800c29b8,game,TODO,,
0x800c2a48,DAT_800c2a48,game,TODO,,
0x800c2a84,DAT_800c2a84,game,TODO,,
0x800c2ab4,DAT_800c2ab4,game,TODO,,
0x800c2af0,DAT_800c2af0,game,TODO,,
0x800c2b20,DAT_800c2b20,game,TODO,,
0x800c2b50,DAT_800c2b50,game,TODO,,
0x800c2b68,DAT_800c2b68,game,TODO,,
0x800c2b80,DAT_800c2b80,game,TODO,,
0x800c2ba0,DAT_800c2ba0,game,TODO,,
0x800c2be0,DAT_800c2be0,game,TODO,,
0x800c2c1c,DAT_800c2c1c,game,TODO,,
0x800c2c4c,DAT_800c2c4c,game,TODO,,
0x800c2c7c,DAT_800c2c7c,game,TODO,,
0x800c2ca0,DAT_800c2ca0,game,TODO,,
0x800c2d20,DAT_800c2d20,game,TODO,,
0x800c2da0,DAT_800c2da0,game,TODO,,
0x800c2e20,DAT_800c2e20,game,TODO,,
0x800c2ea0,DAT_800c2ea0,game,TODO,,
0x800c2f20,DAT_800c2f20,game,TODO,,
0x800c2fa0,DAT_800c2fa0,game,TODO,,
0x800c3020,DAT_800c3020,game,TODO,,
0x800c30a0,DAT_800c30a0,game,TODO,,
0x800c3120,DAT_800c3120,game,TODO,,
0x800c31a0,DAT_800c31a0,game,TODO,,
0x800c3220,DAT_800c3220,game,TODO,,
0x800c32a0,DAT_800c32a0,game,TODO,,
0x800c3320,DAT_800c3320,game,TODO,,
0x800c33a0,DAT_800c33a0,game,TODO,,
0x800c3420,DAT_800c3420,game,TODO,,
0x800c34a0,DAT_800c34a0,game,TODO,,
0x800c3520,DAT_800c3520,game,TODO,,
0x800c35a0,DAT_800c35a0,game,TODO,,
0x800c3620,DAT_800c3620,game,TODO,,
0x800c36a0,DAT_800c36a0,game,TODO,,
0x800c3720,DAT_800c3720,game,TODO,,
0x800c37a0,DAT_800c37a0,game,TODO,,
0x800c3820,DAT_800c3820,game,TODO,,
0x800c38a0,PTR_DAT_800c38a0,game,TODO,,
0x800c3900,DAT_800c3900,game,TODO,,
0x800c3920,DAT_800c3920,game,TODO,,
0x800c392e,DAT_800c392e,game,TODO,,
0x800c3954,DAT_800c3954,game,TODO,,
0x800c3964,DAT_800c3964,game,TODO,,
0x800c3968,DAT_800c3968,game,TODO,,
0x800c3a14,DAT_800c3a14,game,TODO,,
0x800c3a34,DAT_800c3a34,game,TODO,,
0x800c3a54,DAT_800c3a54,game,TODO,,
0x800c3a56,DAT_800c3a56,game,TODO,,
0x800c3a58,DAT_800c3a58,game,TODO,,
0x800c3a5a,DAT_800c3a5a,game,TODO,,
0x800c3a62,DAT_800c3a62,game,TODO,,
0x800c3a64,DAT_800c3a64,game,TODO,,
0x800c3a66,DAT_800c3a66,game,TODO,,
0x800c3a68,DAT_800c3a68,game,TODO,,
0x800c3a70,DAT_800c3a70,game,TODO,,
0x800c3a9a,DAT_800c3a9a,game,TODO,,
0x800c3a9c,DAT_800c3a9c,game,TODO,,
0x800c3a9e,DAT_800c3a9e,game,TODO,,
0x800c3aa0,DAT_800c3aa0,game,TODO,,
0x800c3aa8,DAT_800c3aa8,game,TODO,,
0x800c3ab6,DAT_800c3ab6,game,TODO,,
0x800c3ae0,DAT_800c3ae0,game,TODO,,
0x800c3ae4,DAT_800c3ae4,game,TODO,,
0x800c3b20,DAT_800c3b20,game,TODO,,
0x800c3b22,DAT_800c3b22,game,TODO,,
0x800c3b24,DAT_800c3b24,game,TODO,,
0x800c3b26,DAT_800c3b26,game,TODO,,
0x800c3b2e,DAT_800c3b2e,game,TODO,,
0x800c3b30,DAT_800c3b30,game,TODO,,
0x800c3b32,DAT_800c3b32,game,TODO,,
0x800c3b34,DAT_800c3b34,game,TODO,,
0x800c3b58,DAT_800c3b58,game,TODO,,
0x800c3b6c,DAT_800c3b6c,game,TODO,,
0x800c3b6e,DAT_800c3b6e,game,TODO,,
0x800c3b94,DAT_800c3b94,game,TODO,,
0x800c3b98,PTR_SsSeqCalledTbyT_800c3b98,game,TODO,,
0x800c3b9c,DAT_800c3b9c,game,TODO,,
0x800c3ba0,DAT_800c3ba0,game,TODO,,
0x800c3ba1,DAT_800c3ba1,game,TODO,,
0x800c3ba2,DAT_800c3ba2,game,TODO,,
0x800c3ba4,DAT_800c3ba4,game,TODO,,
0x800c3bb0,DAT_800c3bb0,game,TODO,,
0x800c3bc8,PTR_DAT_800c3bc8,game,TODO,,
0x800c3cd8,DAT_800c3cd8,game,TODO,,
0x800c3cdc,DAT_800c3cdc,game,TODO,,
0x800c3ce0,DAT_800c3ce0,game,TODO,,
0x800c3ce4,DAT_800c3ce4,game,TODO,,
0x800c3ce8,DAT_800c3ce8,game,TODO,,
0x800c3cec,DAT_800c3cec,game,TODO,,
0x800c3cf8,DAT_800c3cf8,game,TODO,,
0x800c3cfa,DAT_800c3cfa,game,TODO,,
0x800c3cfc,DAT_800c3cfc,game,TODO,,
0x800c3d00,DAT_800c3d00,game,TODO,,
0x800c3d04,DAT_800c3d04,game,TODO,,
0x800c3d0c,DAT_800c3d0c,game,TODO,,
0x800c3d0e,DAT_800c3d0e,game,TODO,,
0x800c3d38,DAT_800c3d38,game,TODO,,
0x800c3d3a,DAT_800c3d3a,game,TODO,,
0x800c3d40,DAT_800c3d40,game,TODO,,
0x800c3d54,PTR_DMA_SPU_MADR_800c3d54,game,TODO,,
0x800c3d58,PTR_DMA_SPU_BCR_800c3d58,game,TODO,,
0x800c3d5c,PTR_DMA_SPU_CHCR_800c3d5c,game,TODO,,
0x800c3d60,PTR_DMA_DPCR_800c3d60,game,TODO,,
0x800c3d64,PTR_SPU_DELAY_800c3d64,game,TODO,,
0x800c3d70,DAT_800c3d70,game,TODO,,
0x800c3d74,DAT_800c3d74,game,TODO,,
0x800c3d7c,DAT_800c3d7c,game,TODO,,
0x800c3d80,DAT_800c3d80,game,TODO,,
0x800c3d8c,DAT_800c3d8c,game,TODO,,
0x800c3d90,DAT_800c3d90,game,TODO,,
0x800c3da4,DAT_800c3da4,game,TODO,,
0x800c3da8,DAT_800c3da8,game,TODO,,
0x800c3dc0,DAT_800c3dc0,game,TODO,,
0x800c41c0,DAT_800c41c0,game,TODO,,
0x800c41d4,DAT_800c41d4,game,TODO,,
0x800c41d6,DAT_800c41d6,game,TODO,,
0x800c41d8,PTR_DAT_800c41d8,game,TODO,,
0x800c42d4,DAT_800c42d4,game,TODO,,
0x800c42d6,DAT_800c42d6,game,TODO,,
0x800c42e0,DAT_800c42e0,game,TODO,,
0x800c4310,DAT_800c4310,game,TODO,,
0x800c4311,DAT_800c4311,game,TODO,,
0x800c45c0,DAT_800c45c0,game,TODO,,
0x800c45c4,DAT_800c45c4,game,TODO,,
0x800c45c8,DAT_800c45c8,game,TODO,,
0x800c45e4,DAT_800c45e4,game,TODO,,
0x800c45e8,DAT_800c45e8,game,TODO,,
0x800c45f4,PTR_GPU_REG1_800c45f4,game,TODO,,
0x800c45f8,PTR_TMR_HRETRACE_VAL_800c45f8,game,TODO,,
0x800c45fc,DAT_800c45fc,game,TODO,,
0x800c4600,DAT_800c4600,game,TODO,,
0x800c4666,DAT_800c4666,game,TODO,,
0x800c4668,DAT_800c4668,game,TODO,,
0x800c4696,DAT_800c4696,game,TODO,,
0x800c4698,DAT_800c4698,game,TODO,,
0x800c469c,DAT_800c469c,game,TODO,,
0x800c46a0,DAT_800c46a0,game,TODO,,
0x800c567c,DAT_800c567c,game,TODO,,
0x800c56d0,DAT_800c56d0,game,TODO,,
0x800c56d4,PTR_INTR_OBJ_43C_800c56d4,game,TODO,,
0x800c56d8,PTR_INTR_OBJ_194_800c56d8,game,TODO,,
0x800c56dc,PTR_INTR_OBJ_584_800c56dc,game,TODO,,
0x800c56e0,DAT_800c56e0,game,TODO,,
0x800c56e4,PTR_INTR_OBJ_624_800c56e4,game,TODO,,
0x800c56f8,PTR_DMA_DPCR_800c56f8,game,TODO,,
0x800c56fc,DAT_800c56fc,game,TODO,,
0x800c570c,DAT_800c570c,game,TODO,,
0x800c5710,DAT_800c5710,game,TODO,,
0x800c5730,PTR_TMR_HRETRACE_MODE_800c5730,game,TODO,,
0x800c5740,DAT_800c5740,game,TODO,,
0x800c5760,PTR_DMA_MDEC_IN_MADR_800c5760,game,TODO,,
0x800c576c,DAT_800c576c,game,TODO,,
0x800c577c,DAT_800c577c,game,TODO,,
0x800c58fc,DAT_800c58fc,game,TODO,,
0x800c68e4,DAT_800c68e4,game,TODO,,
0x800ca130,PTR_SYS_OBJ_1914_800ca130,game,TODO,,
0x800ca134,PTR_SYS_OBJ_2000_800ca134,game,TODO,,
0x800ca138,PTR_SYS_OBJ_2038_800ca138,game,TODO,,
0x800ca140,PTR_SYS_OBJ_1D80_800ca140,game,TODO,,
0x800ca144,PTR_SYS_OBJ_1B44_800ca144,game,TODO,,
0x800ca150,PTR_SYS_OBJ_1834_800ca150,game,TODO,,
0x800ca158,PTR_SYS_OBJ_2624_800ca158,game,TODO,,
0x800ca15c,PTR_SYS_OBJ_181C_800ca15c,game,TODO,,
0x800ca160,PTR_SYS_OBJ_2774_800ca160,game,TODO,,
0x800ca16d,DAT_800ca16d,game,TODO,,
0x800ca16f,DAT_800ca16f,game,TODO,,
0x800ca174,DAT_800ca174,game,TODO,,
0x800ca178,DAT_800ca178,game,TODO,,
0x800ca17c,DAT_800ca17c,game,TODO,,
0x800ca1da,DAT_800ca1da,game,TODO,,
0x800ca1dc,DAT_800ca1dc,game,TODO,,
0x800ca1de,DAT_800ca1de,game,TODO,,
0x800ca1e0,DAT_800ca1e0,game,TODO,,
0x800ca1e2,DAT_800ca1e2,game,TODO,,
0x800ca1e4,DAT_800ca1e4,game,TODO,,
0x800ca1e6,DAT_800ca1e6,game,TODO,,
0x800ca1e8,DAT_800ca1e8,game,TODO,,
0x800ca1ec,DAT_800ca1ec,game,TODO,,
0x800ca1f8,DAT_800ca1f8,game,TODO,,
0x800ca204,DAT_800ca204,game,TODO,,
0x800ca20c,DAT_800ca20c,game,TODO,,
0x800ca210,DAT_800ca210,game,TODO,,
0x800ca214,DAT_800ca214,game,TODO,,
0x800ca22c,DAT_800ca22c,game,TODO,,
0x800ca240,DAT_800ca240,game,TODO,,
0x800ca242,DAT_800ca242,game,TODO,,
0x800ca268,DAT_800ca268,game,TODO,,
0x800ca269,DAT_800ca269,game,TODO,,
0x800ca26a,DAT_800ca26a,game,TODO,,
0x800ca26b,DAT_800ca26b,game,TODO,,
0x800ca26c,DAT_800ca26c,game,TODO,,
0x800ca278,PTR_DMA_GPU_MADR_800ca278,game,TODO,,
0x800ca27c,PTR_DMA_GPU_BCR_800ca27c,game,TODO,,
0x800ca284,PTR_DMA_OTC_MADR_800ca284,game,TODO,,
0x800ca288,PTR_DMA_OTC_BCR_800ca288,game,TODO,,
0x800ca28c,PTR_DMA_OTC_CHCR_800ca28c,game,TODO,,
0x800ca290,PTR_DMA_DPCR_800ca290,game,TODO,,
0x800ca29c,DAT_800ca29c,game,TODO,,
0x800ca2a0,DAT_800ca2a0,game,TODO,,
0x800ca2a4,DAT_800ca2a4,game,TODO,,
0x800ca2bc,DAT_800ca2bc,game,TODO,,
0x800ca2be,DAT_800ca2be,game,TODO,,
0x800ca2c0,DAT_800ca2c0,game,TODO,,
0x800ca2c2,DAT_800ca2c2,game,TODO,,
0x800ca2c4,DAT_800ca2c4,game,TODO,,
0x800ca2c6,DAT_800ca2c6,game,TODO,,
0x800ca2c8,DAT_800ca2c8,game,TODO,,
0x800ca2ca,DAT_800ca2ca,game,TODO,,
0x800ca2cc,DAT_800ca2cc,game,TODO,,
0x800ca2ce,DAT_800ca2ce,game,TODO,,
0x800ca2d0,DAT_800ca2d0,game,TODO,,
0x800ca2d2,DAT_800ca2d2,game,TODO,,
0x800ca2d4,DAT_800ca2d4,game,TODO,,
0x800ca2d6,DAT_800ca2d6,game,TODO,,
0x800ca2d8,DAT_800ca2d8,game,TODO,,
0x800ca2da,DAT_800ca2da,game,TODO,,
0x800ca2dc,DAT_800ca2dc,game,TODO,,
0x800ca2de,DAT_800ca2de,game,TODO,,
0x800ca2e0,DAT_800ca2e0,game,TODO,,
0x800ca2e2,DAT_800ca2e2,game,TODO,,
0x800ca2e4,DAT_800ca2e4,game,TODO,,
0x800ca2e6,DAT_800ca2e6,game,TODO,,
0x800ca2e8,DAT_800ca2e8,game,TODO,,
0x800ca2ea,DAT_800ca2ea,game,TODO,,
0x800ca2ec,DAT_800ca2ec,game,TODO,,
0x800ca2ee,DAT_800ca2ee,game,TODO,,
0x800ca2f0,DAT_800ca2f0,game,TODO,,
0x800ca2f2,DAT_800ca2f2,game,TODO,,
0x800ca2f4,DAT_800ca2f4,game,TODO,,
0x800ca2f6,DAT_800ca2f6,game,TODO,,
0x800ca2f8,DAT_800ca2f8,game,TODO,,
0x800ca2fa,DAT_800ca2fa,game,TODO,,
0x800ca2fc,DAT_800ca2fc,game,TODO,,
0x800ca2fe,DAT_800ca2fe,game,TODO,,
0x800ca300,DAT_800ca300,game,TODO,,
0x800ca302,DAT_800ca302,game,TODO,,
0x800ca304,DAT_800ca304,game,TODO,,
0x800ca306,DAT_800ca306,game,TODO,,
0x800ca308,DAT_800ca308,game,TODO,,
0x800ca30a,DAT_800ca30a,game,TODO,,
0x800ca388,DAT_800ca388,game,TODO,,
0x800ca38a,DAT_800ca38a,game,TODO,,
0x800ca38c,DAT_800ca38c,game,TODO,,
0x800ca38e,DAT_800ca38e,game,TODO,,
0x800ca390,DAT_800ca390,game,TODO,,
0x800ca392,DAT_800ca392,game,TODO,,
0x800ca394,DAT_800ca394,game,TODO,,
0x800ca396,DAT_800ca396,game,TODO,,
0x800ca398,DAT_800ca398,game,TODO,,
0x800ca39a,DAT_800ca39a,game,TODO,,
0x800ca39c,DAT_800ca39c,game,TODO,,
0x800ca39e,DAT_800ca39e,game,TODO,,
0x800ca3a0,DAT_800ca3a0,game,TODO,,
0x800ca3a2,DAT_800ca3a2,game,TODO,,
0x800ca3a4,DAT_800ca3a4,game,TODO,,
0x800ca3a6,DAT_800ca3a6,game,TODO,,
0x800ca3a8,DAT_800ca3a8,game,TODO,,
0x800ca3aa,DAT_800ca3aa,game,TODO,,
0x800ca3ac,DAT_800ca3ac,game,TODO,,
0x800ca3ae,DAT_800ca3ae,game,TODO,,
0x800ca3b0,DAT_800ca3b0,game,TODO,,
0x800ca3b2,DAT_800ca3b2,game,TODO,,
0x800ca3b4,DAT_800ca3b4,game,TODO,,
0x800ca3b6,DAT_800ca3b6,game,TODO,,
0x800ca3b8,DAT_800ca3b8,game,TODO,,
0x800ca3ba,DAT_800ca3ba,game,TODO,,
0x800ca3bc,DAT_800ca3bc,game,TODO,,
0x800ca3be,DAT_800ca3be,game,TODO,,
0x800ca3c0,DAT_800ca3c0,game,TODO,,
0x800ca3c2,DAT_800ca3c2,game,TODO,,
0x800ca3c4,DAT_800ca3c4,game,TODO,,
0x800ca3c6,DAT_800ca3c6,game,TODO,,
0x800ca3c8,DAT_800ca3c8,game,TODO,,
0x800ca3ca,DAT_800ca3ca,game,TODO,,
0x800ca3cc,DAT_800ca3cc,game,TODO,,
0x800ca3ce,DAT_800ca3ce,game,TODO,,
0x800ca3d0,DAT_800ca3d0,game,TODO,,
0x800ca3d2,DAT_800ca3d2,game,TODO,,
0x800ca3d4,DAT_800ca3d4,game,TODO,,
0x800ca3d6,DAT_800ca3d6,game,TODO,,
0x800ca3e0,DAT_800ca3e0,game,TODO,,
0x800ca42c,PTR_DMA_GPU_MADR_800ca42c,game,TODO,,
0x800ca430,PTR_DMA_GPU_BCR_800ca430,game,TODO,,
0x800ca434,PTR_DMA_GPU_CHCR_800ca434,game,TODO,,
0x800ca43c,PTR_GPU_REG1_800ca43c,game,TODO,,
0x800ca44d,DAT_800ca44d,game,TODO,,
0x800ca4ec,DAT_800ca4ec,game,TODO,,
0x800ca4f0,DAT_800ca4f0,game,TODO,,
0x800ca4f4,DAT_800ca4f4,game,TODO,,
0x800ca50c,PTR_I_STAT_800ca50c,game,TODO,,
0x800ca510,PTR_TMR_DOTCLOCK_VAL_800ca510,game,TODO,,
0x800ca514,DAT_800ca514,game,TODO,,
0x800ca54c,DAT_800ca54c,game,TODO,,
0x800ca550,DAT_800ca550,game,TODO,,
0x800ca554,DAT_800ca554,game,TODO,,
0x800ca558,DAT_800ca558,game,TODO,,
0x800ca55c,DAT_800ca55c,game,TODO,,
0x800ca58c,DAT_800ca58c,game,TODO,,
0x800ca590,PTR_JOY_MCD_DATA_800ca590,game,TODO,,
0x800ca594,PTR_I_STAT_800ca594,game,TODO,,
0x800ca59c,DAT_800ca59c,game,TODO,,
0x800ca5a0,DAT_800ca5a0,game,TODO,,
0x800ca5a4,DAT_800ca5a4,game,TODO,,
0x800ca5e0,DAT_800ca5e0,game,TODO,,
0x800ca5e4,DAT_800ca5e4,game,TODO,,
0x800ca620,DAT_800ca620,game,TODO,,
0x800ca624,DAT_800ca624,game,TODO,,
0x800ca628,DAT_800ca628,game,TODO,,
0x800ca6ac,PTR_DMA_MDEC_IN_MADR_800ca6ac,game,TODO,,
0x800ca6b0,PTR_DMA_MDEC_IN_BCR_800ca6b0,game,TODO,,
0x800ca6b4,PTR_DMA_MDEC_IN_CHCR_800ca6b4,game,TODO,,
0x800ca6b8,PTR_DMA_MDEC_OUT_MADR_800ca6b8,game,TODO,,
0x800ca6bc,PTR_DMA_MDEC_OUT_BCR_800ca6bc,game,TODO,,
0x800ca6dc,PTR_MDEC_REG0_800ca6dc,game,TODO,,
0x800ca6e4,PTR_DMA_DPCR_800ca6e4,game,TODO,,
0x800ca6ec,DAT_800ca6ec,game,TODO,,
0x800ca6f0,DAT_800ca6f0,game,TODO,,
0x800ca6f4,DAT_800ca6f4,game,TODO,,
0x800ca6f8,DAT_800ca6f8,game,TODO,,
0x800ca6fc,DAT_800ca6fc,game,TODO,,
0x800ca700,DAT_800ca700,game,TODO,,
0x800ca704,DAT_800ca704,game,TODO,,
0x800ca708,DAT_800ca708,game,TODO,,
0x800ca70c,DAT_800ca70c,game,TODO,,
0x800ca710,DAT_800ca710,game,TODO,,
0x800ca714,DAT_800ca714,game,TODO,,
0x800ca71c,DAT_800ca71c,game,TODO,,
0x800ca71d,DAT_800ca71d,game,TODO,,
0x800ca71e,DAT_800ca71e,game,TODO,,
0x800ca71f,DAT_800ca71f,game,TODO,,
0x800ca720,DAT_800ca720,game,TODO,,
0x800cb53c,DAT_800cb53c,game,TODO,,
0x800cb54c,DAT_800cb54c,game,TODO,,
0x800cb5e4,DAT_800cb5e4,game,TODO,,
0x800cb5e8,DAT_800cb5e8,game,TODO,,
0x800cb5ec,DAT_800cb5ec,game,TODO,,
0x800cb5ed,DAT_800cb5ed,game,TODO,,
0x800cb5f0,DAT_800cb5f0,game,TODO,,
0x800cb5f4,DAT_800cb5f4,game,TODO,,
0x800cb698,DAT_800cb698,game,TODO,,
0x800cb718,DAT_800cb718,game,TODO,,
0x800cb798,DAT_800cb798,game,TODO,,
0x800cb818,DAT_800cb818,game,TODO,,
0x800cb87c,DAT_800cb87c,game,TODO,,
0x800cb89c,PTR_CDROM_REG1_800cb89c,game,TODO,,
0x800cb8a8,PTR_COMMON_DELAY_800cb8a8,game,TODO,,
0x800cb8ac,PTR_VOICE_00_LEFT_RIGHT_800cb8ac,game,TODO,,
0x800cb8b4,PTR_DAT_800cb8b4,game,TODO,,
0x800cb8cc,PTR_CDROM_DELAY_800cb8cc,game,TODO,,
0x800cb8d0,PTR_DMA_DPCR_800cb8d0,game,TODO,,
0x800cb8d4,PTR_DMA_CDROM_MADR_800cb8d4,game,TODO,,
0x800cb8d8,PTR_DMA_CDROM_BCR_800cb8d8,game,TODO,,
0x800cb8dc,PTR_DMA_CDROM_CHCR_800cb8dc,game,TODO,,
0x800cb8ec,DAT_800cb8ec,game,TODO,,
0x800cb8f0,DAT_800cb8f0,game,TODO,,
0x800cb8f8,DAT_800cb8f8,game,TODO,,
0x800cb904,DAT_800cb904,game,TODO,,
0x800cb908,DAT_800cb908,game,TODO,,
0x800cb914,DAT_800cb914,game,TODO,,
0x800cb918,DAT_800cb918,game,TODO,,
0x800cb91c,DAT_800cb91c,game,TODO,,
0x800cb920,DAT_800cb920,game,TODO,,
0x800cb93c,PTR_CDROM_REG0_800cb93c,game,TODO,,
0x800cb948,PTR_CDROM_REG3_800cb948,game,TODO,,
0x800cb9ac,PTR_CDROM_REG0_800cb9ac,game,TODO,,
0x800cb9b4,PTR_CDROM_REG2_800cb9b4,game,TODO,,
0x800cb9b8,PTR_CDROM_REG3_800cb9b8,game,TODO,,
0x800cb9bc,PTR_CDROM_DELAY_800cb9bc,game,TODO,,
0x800cb9c0,PTR_COMMON_DELAY_800cb9c0,game,TODO,,
0x800cb9c4,PTR_DMA_DPCR_800cb9c4,game,TODO,,
0x800cb9c8,PTR_DMA_DICR_800cb9c8,game,TODO,,
0x800cb9cc,PTR_DMA_MDEC_OUT_CHCR_800cb9cc,game,TODO,,
0x800cb9dc,PTR_DMA_CDROM_CHCR_800cb9dc,game,TODO,,
0x800cba04,DAT_800cba04,game,TODO,,
0x800cba0c,DAT_800cba0c,game,TODO,,
0x800cba10,DAT_800cba10,game,TODO,,
0x800cba14,DAT_800cba14,game,TODO,,
0x800cba20,DAT_800cba20,game,TODO,,
0x800cba28,DAT_800cba28,game,TODO,,
0x800cba2c,DAT_800cba2c,game,TODO,,
0x800cba30,DAT_800cba30,game,TODO,,
0x800cba34,DAT_800cba34,game,TODO,,
0x800cba40,DAT_800cba40,game,TODO,,
0x800cba4c,DAT_800cba4c,game,TODO,,
0x800cba50,DAT_800cba50,game,TODO,,
0x800cba6c,DAT_800cba6c,game,TODO,,
0x800cba80,PTR_JOY_MCD_DATA_800cba80,game,TODO,,
0x800cba84,DAT_800cba84,game,TODO,,
0x800cba88,DAT_800cba88,game,TODO,,
0x800cba8c,PTR_PADIF_OBJ_0_800cba8c,game,TODO,,
0x800cbaac,PTR_JOY_MCD_DATA_800cbaac,game,TODO,,
0x800cbabc,DAT_800cbabc,game,TODO,,
